code`block`FunctionDecl`FunctionDeclRec`ForStmt`ForStmtRec`DoStmt`DoStmtRec`WhileStmt`WhileStmtRec`IfStmt`IfStmtRec`SwitchStmt`SwitchStmtRec`countBlocks`countBlocksRec`countCondition`countVariable`countLiteral`IntegerLiteral`StringLiteral`IfStmt`ForStmt`WhileStmt`DoStmt`SwitchStmt`countLoop`VarDecl`DeclRefExpr`DeclStmt`countDecl`countPointer`writeFunction`CallExpr`BinaryOperator`UnaryOperator`CompoundAssignOperator`countOperand`ArraySubscriptE`RealFaultLocation
int main(){`FunctionDecl,false;`1`0`0`0`0`0`0`0`0`0`0`0`1`0`0`0`0`0`0`0`0`0`0`0`0`0`0`0`0`0`0`0`0`0`0`0`0`0
	cin>>n>>k;`FunctionDecl,false;`1`0`0`0`0`0`0`0`0`0`0`0`1`0`0`3`0`0`0`0`0`0`0`0`0`0`5`0`5`0`0`0`0`0`0`0`0`0
	if (k==1||n<k) cout<<"-1\n";`FunctionDecl,false;IfStmt,false;`1`0`0`0`0`0`0`0`1`0`0`0`2`0`3`4`2`1`1`1`0`0`0`0`0`0`5`0`5`0`0`0`3`0`0`3`0`1
	else if (n==k){`FunctionDecl,false;IfStmt,false;IfStmt,false;`1`0`0`0`0`0`0`0`2`0`0`0`3`0`4`2`0`0`0`1`0`0`0`0`0`0`2`0`2`0`0`0`1`0`0`1`0`0
		for(int i=0; i<k; ++i) cout<<char('a'+i);`FunctionDecl,false;IfStmt,false;IfStmt,false;ForStmt,false;`1`0`1`0`0`0`0`0`2`0`0`0`4`0`5`5`2`1`0`0`1`0`0`0`1`1`6`1`8`0`0`0`2`1`0`3`0`0
		cout<<endl;`FunctionDecl,false;IfStmt,false;IfStmt,false;`1`0`0`0`0`0`0`0`2`0`0`0`3`0`4`1`0`0`0`0`0`0`0`0`0`0`3`0`3`0`0`0`0`0`0`0`0`0
		for(int i=0; i<n-k+2; ++i) cout<<char('a'+i%2);`FunctionDecl,false;IfStmt,false;IfStmt,false;ForStmt,false;`1`0`1`0`0`0`0`0`2`0`0`0`4`0`5`6`4`3`0`0`1`0`0`0`1`1`7`1`9`0`0`0`5`1`0`6`0`0
		for(int i=2; i<k; ++i) cout<<char('a'+i);`FunctionDecl,false;IfStmt,false;IfStmt,false;ForStmt,false;`1`0`1`0`0`0`0`0`2`0`0`0`4`0`5`5`2`1`0`0`1`0`0`0`1`1`6`1`8`0`0`0`2`1`0`3`0`0
		cout<<endl;`FunctionDecl,false;IfStmt,false;IfStmt,false;`1`0`0`0`0`0`0`0`2`0`0`0`3`0`4`1`0`0`0`0`0`0`0`0`0`0`3`0`3`0`0`0`0`0`0`0`0`0
	return 0;`FunctionDecl,false;`1`0`0`0`0`0`0`0`0`0`0`0`1`0`0`0`0`0`0`0`0`0`0`0`0`0`0`0`0`0`0`0`0`0`0`0`0`0
