code`block`FunctionDecl`FunctionDeclRec`ForStmt`ForStmtRec`DoStmt`DoStmtRec`WhileStmt`WhileStmtRec`IfStmt`IfStmtRec`SwitchStmt`SwitchStmtRec`countBlocks`countBlocksRec`countCondition`countVariable`countLiteral`IntegerLiteral`StringLiteral`IfStmt`ForStmt`WhileStmt`DoStmt`SwitchStmt`countLoop`VarDecl`DeclRefExpr`DeclStmt`countDecl`countPointer`writeFunction`CallExpr`BinaryOperator`UnaryOperator`CompoundAssignOperator`countOperand`ArraySubscriptE`RealFaultLocation
int main()`FunctionDecl,false;`1`0`0`0`0`0`0`0`0`0`0`0`1`0`0`0`0`0`0`0`0`0`0`0`0`0`0`0`0`0`0`0`0`0`0`0`0`0
    long long a,b,d;`FunctionDecl,false;`1`0`0`0`0`0`0`0`0`0`0`0`1`0`0`0`0`0`0`0`0`0`0`0`0`3`0`1`4`0`0`0`0`0`0`0`0`1
    cin>>a>>b>>d;`FunctionDecl,false;`1`0`0`0`0`0`0`0`0`0`0`0`1`0`0`4`0`0`0`0`0`0`0`0`0`0`7`0`7`0`0`0`0`0`0`0`0`0
    cout<<b*d+b+d+2*a-5<<endl;`FunctionDecl,false;`1`0`0`0`0`0`0`0`0`0`0`0`1`0`0`6`2`2`0`0`0`0`0`0`0`0`9`0`9`0`0`0`6`0`0`6`0`0
    return 0;`FunctionDecl,false;`1`0`0`0`0`0`0`0`0`0`0`0`1`0`0`0`0`0`0`0`0`0`0`0`0`0`0`0`0`0`0`0`0`0`0`0`0`0
