code`block`FunctionDecl`FunctionDeclRec`ForStmt`ForStmtRec`DoStmt`DoStmtRec`WhileStmt`WhileStmtRec`IfStmt`IfStmtRec`SwitchStmt`SwitchStmtRec`countBlocks`countBlocksRec`countCondition`countVariable`countLiteral`IntegerLiteral`StringLiteral`IfStmt`ForStmt`WhileStmt`DoStmt`SwitchStmt`countLoop`VarDecl`DeclRefExpr`DeclStmt`countDecl`countPointer`writeFunction`CallExpr`BinaryOperator`UnaryOperator`CompoundAssignOperator`countOperand`ArraySubscriptE`RealFaultLocation
int main ()`FunctionDecl,false;`1`0`0`0`0`0`0`0`0`0`0`0`1`0`0`0`0`0`0`0`0`0`0`0`0`0`0`0`0`0`0`0`0`0`0`0`0`0
     int n , m , k ; cin >> n >> m; double aux;`FunctionDecl,false;`1`0`0`0`0`0`0`0`0`0`0`0`1`0`0`3`0`0`0`0`0`0`0`0`0`4`5`2`11`0`0`0`0`0`0`0`0`1
     int a[n] ; f ( i , 0 , n ) cin >> a[i] >> aux;`FunctionDecl,false;`1`0`0`0`0`0`0`0`0`0`0`0`1`0`0`0`0`0`0`0`0`0`0`0`0`1`0`1`2`0`0`0`0`0`0`0`0`0
     int L[n] ; L[0] = 1;`FunctionDecl,false;`1`0`0`0`0`0`0`0`0`0`0`0`1`0`0`8`3`3`0`0`1`0`0`0`1`2`10`2`14`0`0`0`2`1`0`3`2`0
     f ( i , 1 , n ){`FunctionDecl,false;ForStmt,false;`1`0`1`0`0`0`0`0`0`0`0`0`2`0`0`3`1`1`0`0`1`0`0`0`1`1`3`1`5`0`0`0`1`1`0`2`0`0
         L[i] = 1;`FunctionDecl,false;ForStmt,false;`1`0`1`0`0`0`0`0`0`0`0`0`2`0`0`2`1`1`0`0`0`0`0`0`0`0`2`0`2`0`0`0`1`0`0`1`1`0
         f ( j , 0, i ){`FunctionDecl,false;ForStmt,false;ForStmt,false;`1`0`2`0`0`0`0`0`0`0`0`0`3`0`0`3`1`1`0`0`1`0`0`0`1`1`3`1`5`0`0`0`1`1`0`2`0`0
              if ( a[i] >= a[j] && L[j] + 1 > L[i] ) L[i] = L[j] + 1;  `FunctionDecl,false;ForStmt,false;ForStmt,false;IfStmt,false;`1`0`2`0`0`0`0`0`1`0`0`0`4`0`3`12`2`2`0`1`0`0`0`0`0`0`12`0`12`0`0`0`6`0`0`6`6`0
     cout << ( n - L[n-1] ) << endl;`FunctionDecl,false;`1`0`0`0`0`0`0`0`0`0`0`0`1`0`0`4`1`1`0`0`0`0`0`0`0`0`7`0`7`0`0`0`2`0`0`2`1`1
     return 0;   `FunctionDecl,false;`1`0`0`0`0`0`0`0`0`0`0`0`1`0`0`0`0`0`0`0`0`0`0`0`0`0`0`0`0`0`0`0`0`0`0`0`0`0
