code`block`FunctionDecl`FunctionDeclRec`ForStmt`ForStmtRec`DoStmt`DoStmtRec`WhileStmt`WhileStmtRec`IfStmt`IfStmtRec`SwitchStmt`SwitchStmtRec`countBlocks`countBlocksRec`countCondition`countVariable`countLiteral`IntegerLiteral`StringLiteral`IfStmt`ForStmt`WhileStmt`DoStmt`SwitchStmt`countLoop`VarDecl`DeclRefExpr`DeclStmt`countDecl`countPointer`writeFunction`CallExpr`BinaryOperator`UnaryOperator`CompoundAssignOperator`countOperand`ArraySubscriptE`RealFaultLocation
int main() {`FunctionDecl,false;`1`0`0`0`0`0`0`0`0`0`0`0`1`0`0`0`0`0`0`0`0`0`0`0`0`0`0`0`0`0`0`0`0`0`0`0`0`1
    int a , b , c , ans = 0;`FunctionDecl,false;`1`0`0`0`0`0`0`0`0`0`0`0`1`0`0`0`1`1`0`0`0`0`0`0`0`4`0`1`5`0`0`0`0`0`0`0`0`0
    cin >> a >> b >> c;`FunctionDecl,false;`1`0`0`0`0`0`0`0`0`0`0`0`1`0`0`4`0`0`0`0`0`0`0`0`0`0`7`0`7`0`0`0`0`0`0`0`0`0
    ans = (b - a + 2) * (b + 1 + a) / 2;`FunctionDecl,false;`1`0`0`0`0`0`0`0`0`0`0`0`1`0`0`5`3`3`0`0`0`0`0`0`0`0`5`0`5`0`0`0`7`0`0`7`0`1
    ans += (c - a + 1) * (c + a) / 2;`FunctionDecl,false;`1`0`0`0`0`0`0`0`0`0`0`0`1`0`0`5`2`2`0`0`0`0`0`0`0`0`5`0`5`0`0`0`5`0`1`6`0`0
    cout << ans;`FunctionDecl,false;`1`0`0`0`0`0`0`0`0`0`0`0`1`0`0`1`0`0`0`0`0`0`0`0`0`0`2`0`2`0`0`0`0`0`0`0`0`0
