code`block`FunctionDecl`FunctionDeclRec`ForStmt`ForStmtRec`DoStmt`DoStmtRec`WhileStmt`WhileStmtRec`IfStmt`IfStmtRec`SwitchStmt`SwitchStmtRec`countBlocks`countBlocksRec`countCondition`countVariable`countLiteral`IntegerLiteral`StringLiteral`IfStmt`ForStmt`WhileStmt`DoStmt`SwitchStmt`countLoop`VarDecl`DeclRefExpr`DeclStmt`countDecl`countPointer`writeFunction`CallExpr`BinaryOperator`UnaryOperator`CompoundAssignOperator`countOperand`ArraySubscriptE`RealFaultLocation
int main(){`FunctionDecl,false;`1`0`0`0`0`0`0`0`0`0`0`0`1`0`0`0`0`0`0`0`0`0`0`0`0`0`0`0`0`0`0`0`0`0`0`0`0`0
    map<int, int> M;`FunctionDecl,false;`1`0`0`0`0`0`0`0`0`0`0`0`1`0`0`0`0`0`0`0`0`0`0`0`0`1`0`1`2`0`0`0`0`0`0`0`0`0
    map<int, int>::iterator it;`FunctionDecl,false;`1`0`0`0`0`0`0`0`0`0`0`0`1`0`0`0`0`0`0`0`0`0`0`0`0`1`0`1`2`0`0`0`0`0`0`0`0`0
    int n, id, cont=0, aux, valido = 1;`FunctionDecl,false;`1`0`0`0`0`0`0`0`0`0`0`0`1`0`0`0`2`2`0`0`0`0`0`0`0`5`0`1`6`0`0`0`0`0`0`0`0`0
    scanf("%d",&n);`FunctionDecl,false;`1`0`0`0`0`0`0`0`0`0`0`0`1`0`0`1`1`0`1`0`0`0`0`0`0`0`2`0`2`1`0`1`0`1`0`1`0`0
    while(n-- && valido){`FunctionDecl,false;WhileStmt,false;`1`0`0`0`0`0`1`0`0`0`0`0`2`0`3`2`0`0`0`0`0`1`0`0`1`0`2`0`2`0`0`0`1`1`0`2`0`0
        scanf("%d",&id);`FunctionDecl,false;WhileStmt,false;`1`0`0`0`0`0`1`0`0`0`0`0`2`0`3`1`1`0`1`0`0`0`0`0`0`0`2`0`2`1`0`1`0`1`0`1`0`0
        M[id]++;`FunctionDecl,false;WhileStmt,false;`1`0`0`0`0`0`1`0`0`0`0`0`2`0`3`2`0`0`0`0`0`0`0`0`0`0`3`0`3`0`0`0`0`1`0`1`0`1
        aux = M[id];`FunctionDecl,false;WhileStmt,false;`1`0`0`0`0`0`1`0`0`0`0`0`2`0`3`3`0`0`0`0`0`0`0`0`0`0`4`0`4`0`0`0`1`0`0`1`0`0
        if(aux == 2) cont++;`FunctionDecl,false;WhileStmt,false;IfStmt,false;`1`0`0`0`0`0`1`0`1`0`0`0`3`0`4`2`1`1`0`1`0`0`0`0`0`0`2`0`2`0`0`0`1`1`0`2`0`0
        else if(aux > 2){`FunctionDecl,false;WhileStmt,false;IfStmt,false;IfStmt,false;`1`0`0`0`0`0`1`0`2`0`0`0`4`0`5`1`1`1`0`1`0`0`0`0`0`0`1`0`1`0`0`0`1`0`0`1`0`0
            printf("-1\n");`FunctionDecl,false;WhileStmt,false;IfStmt,false;IfStmt,false;`1`0`0`0`0`0`1`0`2`0`0`0`4`0`5`0`1`0`1`0`0`0`0`0`0`0`1`0`1`0`0`1`0`0`0`0`0`0
            valido = 0;`FunctionDecl,false;WhileStmt,false;IfStmt,false;IfStmt,false;`1`0`0`0`0`0`1`0`2`0`0`0`4`0`5`1`1`1`0`0`0`0`0`0`0`0`1`0`1`0`0`0`1`0`0`1`0`0
    if(valido) printf("%d",cont);`FunctionDecl,false;IfStmt,false;`1`0`0`0`0`0`0`0`1`0`0`0`2`0`1`2`1`0`1`1`0`0`0`0`0`0`3`0`3`0`0`1`0`0`0`0`0`1
