code`block`FunctionDecl`FunctionDeclRec`ForStmt`ForStmtRec`DoStmt`DoStmtRec`WhileStmt`WhileStmtRec`IfStmt`IfStmtRec`SwitchStmt`SwitchStmtRec`countBlocks`countBlocksRec`countCondition`countVariable`countLiteral`IntegerLiteral`StringLiteral`IfStmt`ForStmt`WhileStmt`DoStmt`SwitchStmt`countLoop`VarDecl`DeclRefExpr`DeclStmt`countDecl`countPointer`writeFunction`CallExpr`BinaryOperator`UnaryOperator`CompoundAssignOperator`countOperand`ArraySubscriptE`RealFaultLocation
int main()`FunctionDecl,false;`1`0`0`0`0`0`0`0`0`0`0`0`1`0`0`0`0`0`0`0`0`0`0`0`0`0`0`0`0`0`0`0`0`0`0`0`0`0
    int n;`FunctionDecl,false;`1`0`0`0`0`0`0`0`0`0`0`0`1`0`0`0`0`0`0`0`0`0`0`0`0`1`0`1`2`0`0`0`0`0`0`0`0`0
    vector<string>wman,man,rat;`FunctionDecl,false;`1`0`0`0`0`0`0`0`0`0`0`0`1`0`0`1`1`0`1`0`0`0`0`0`0`3`2`1`6`1`0`1`0`1`0`1`0`0
    string cptn,s1,s2;`FunctionDecl,false;`1`0`0`0`0`0`0`0`0`0`0`0`1`0`0`0`0`0`0`0`0`0`0`0`0`3`0`1`4`0`0`0`0`0`0`0`0`0
    while(n--){`FunctionDecl,false;WhileStmt,false;`1`0`0`0`0`0`1`0`0`0`0`0`2`0`1`1`0`0`0`0`0`1`0`0`1`0`1`0`1`0`0`0`0`1`0`1`0`0
               cin>>s1>>s2;`FunctionDecl,false;WhileStmt,false;`1`0`0`0`0`0`1`0`0`0`0`0`2`0`1`3`0`0`0`0`0`0`0`0`0`0`5`0`5`0`0`0`0`0`0`0`0`0
               if(s2=="child" || s2=="woman")wman.push_back(s1);`FunctionDecl,false;WhileStmt,false;IfStmt,false;`1`0`0`0`0`0`1`0`1`0`0`0`3`0`8`4`2`0`2`1`0`0`0`0`0`0`6`0`6`0`0`0`1`0`0`1`0`0
               else if(s2=="rat")rat.push_back(s1);`FunctionDecl,false;WhileStmt,false;IfStmt,false;IfStmt,false;`1`0`0`0`0`0`1`0`2`0`0`0`4`0`11`3`1`0`1`1`0`0`0`0`0`0`4`0`4`0`0`0`0`0`0`0`0`0
               else if(s2=="man")man.push_back(s1);`FunctionDecl,false;WhileStmt,false;IfStmt,false;IfStmt,false;IfStmt,false;`1`0`0`0`0`0`1`0`3`0`0`0`5`0`14`3`1`0`1`1`0`0`0`0`0`0`4`0`4`0`0`0`0`0`0`0`0`0
               else cptn=s1;`FunctionDecl,false;WhileStmt,false;IfStmt,false;IfStmt,false;IfStmt,false;`1`0`0`0`0`0`1`0`3`0`0`0`5`0`14`2`0`0`0`0`0`0`0`0`0`0`3`0`3`0`0`0`0`0`0`0`0`0
    sort(wman.begin(),wman.end());`FunctionDecl,false;`1`0`0`0`0`0`0`0`0`0`0`0`1`0`0`2`0`0`0`0`0`0`0`0`0`0`3`0`3`0`0`1`0`0`0`0`0`1
    sort(man.begin(),man.end());`FunctionDecl,false;`1`0`0`0`0`0`0`0`0`0`0`0`1`0`0`2`0`0`0`0`0`0`0`0`0`0`3`0`3`0`0`1`0`0`0`0`0`0
    sort(rat.begin(),rat.end());`FunctionDecl,false;`1`0`0`0`0`0`0`0`0`0`0`0`1`0`0`2`0`0`0`0`0`0`0`0`0`0`3`0`3`0`0`1`0`0`0`0`0`0
    int l=rat.size();`FunctionDecl,false;`1`0`0`0`0`0`0`0`0`0`0`0`1`0`0`1`0`0`0`0`0`0`0`0`0`1`1`1`3`0`0`0`0`0`0`0`0`0
    FR(i,0,l)cout<<rat[i]<<endl;`FunctionDecl,false;ForStmt,false;`1`0`1`0`0`0`0`0`0`0`0`0`2`0`0`6`1`1`0`0`1`0`0`0`1`1`10`1`12`0`0`0`1`1`0`2`0`0
    l=wman.size();`FunctionDecl,false;`1`0`0`0`0`0`0`0`0`0`0`0`1`0`0`2`0`0`0`0`0`0`0`0`0`0`2`0`2`0`0`0`1`0`0`1`0`0
    FR(i,0,l)cout<<wman[i]<<endl;`FunctionDecl,false;ForStmt,false;`1`0`1`0`0`0`0`0`0`0`0`0`2`0`0`6`1`1`0`0`1`0`0`0`1`1`10`1`12`0`0`0`1`1`0`2`0`0
    l=man.size();`FunctionDecl,false;`1`0`0`0`0`0`0`0`0`0`0`0`1`0`0`2`0`0`0`0`0`0`0`0`0`0`2`0`2`0`0`0`1`0`0`1`0`0
    FR(i,0,l)cout<<man[i]<<endl;`FunctionDecl,false;ForStmt,false;`1`0`1`0`0`0`0`0`0`0`0`0`2`0`0`6`1`1`0`0`1`0`0`0`1`1`10`1`12`0`0`0`1`1`0`2`0`0
    cout<<cptn<<endl;`FunctionDecl,false;`1`0`0`0`0`0`0`0`0`0`0`0`1`0`0`2`0`0`0`0`0`0`0`0`0`0`5`0`5`0`0`0`0`0`0`0`0`0
