code`block`FunctionDecl`FunctionDeclRec`ForStmt`ForStmtRec`DoStmt`DoStmtRec`WhileStmt`WhileStmtRec`IfStmt`IfStmtRec`SwitchStmt`SwitchStmtRec`countBlocks`countBlocksRec`countCondition`countVariable`countLiteral`IntegerLiteral`StringLiteral`IfStmt`ForStmt`WhileStmt`DoStmt`SwitchStmt`countLoop`VarDecl`DeclRefExpr`DeclStmt`countDecl`countPointer`writeFunction`CallExpr`BinaryOperator`UnaryOperator`CompoundAssignOperator`countOperand`ArraySubscriptE`RealFaultLocation
    int n,m,i,j,k,P[100005],l,b=0,t;`FunctionDecl,false;`1`0`0`0`0`0`0`0`0`0`0`0`1`0`0`0`1`1`0`0`0`0`0`0`0`9`0`1`10`0`0`0`0`0`0`0`0`0
    scanf("%d%d",&n,&m);`FunctionDecl,false;`1`0`0`0`0`0`0`0`0`0`0`0`1`0`0`2`1`0`1`0`0`0`0`0`0`0`3`0`3`2`0`1`0`2`0`2`0`0
    if(m%2==1)`FunctionDecl,false;IfStmt,false;`1`0`0`0`0`0`0`0`1`0`0`0`2`0`1`1`2`2`0`1`0`0`0`0`0`0`1`0`1`0`0`0`2`0`0`2`0`0
        l=(m+1)/2;`FunctionDecl,false;IfStmt,false;`1`0`0`0`0`0`0`0`1`0`0`0`2`0`1`2`2`2`0`0`0`0`0`0`0`0`2`0`2`0`0`0`3`0`0`3`0`0
        l=m/2;`FunctionDecl,false;IfStmt,false;`1`0`0`0`0`0`0`0`1`0`0`0`2`0`1`2`1`1`0`0`0`0`0`0`0`0`2`0`2`0`0`0`2`0`0`2`0`0
    P[1]=l;`FunctionDecl,false;`1`0`0`0`0`0`0`0`0`0`0`0`1`0`0`2`1`1`0`0`0`0`0`0`0`0`2`0`2`0`0`0`1`0`0`1`1`0
    b=1;`FunctionDecl,false;`1`0`0`0`0`0`0`0`0`0`0`0`1`0`0`1`1`1`0`0`0`0`0`0`0`0`1`0`1`0`0`0`1`0`0`1`0`0
    j=l-1;`FunctionDecl,false;`1`0`0`0`0`0`0`0`0`0`0`0`1`0`0`2`1`1`0`0`0`0`0`0`0`0`2`0`2`0`0`0`2`0`0`2`0`0
    k=l+1;`FunctionDecl,false;`1`0`0`0`0`0`0`0`0`0`0`0`1`0`0`2`1`1`0`0`0`0`0`0`0`0`2`0`2`0`0`0`2`0`0`2`0`0
    if(m%2==0)`FunctionDecl,false;IfStmt,false;`1`0`0`0`0`0`0`0`1`0`0`0`2`0`1`1`2`2`0`1`0`0`0`0`0`0`1`0`1`0`0`0`2`0`0`2`0`0
        t=j;`FunctionDecl,false;IfStmt,false;`1`0`0`0`0`0`0`0`1`0`0`0`2`0`1`2`0`0`0`0`0`0`0`0`0`0`2`0`2`0`0`0`1`0`0`1`0`0
        j=k;`FunctionDecl,false;IfStmt,false;`1`0`0`0`0`0`0`0`1`0`0`0`2`0`1`2`0`0`0`0`0`0`0`0`0`0`2`0`2`0`0`0`1`0`0`1`0`0
        k=t;`FunctionDecl,false;IfStmt,false;`1`0`0`0`0`0`0`0`1`0`0`0`2`0`1`2`0`0`0`0`0`0`0`0`0`0`2`0`2`0`0`0`1`0`0`1`0`0
    for(i=2;i<=m;i++)`FunctionDecl,false;ForStmt,false;`1`0`1`0`0`0`0`0`0`0`0`0`2`0`1`4`1`1`0`0`1`0`0`0`1`0`4`0`4`0`0`0`2`1`0`3`0`0
        if(i%2==0)`FunctionDecl,false;ForStmt,false;IfStmt,false;`1`0`1`0`0`0`0`0`1`0`0`0`3`0`2`1`2`2`0`1`0`0`0`0`0`0`1`0`1`0`0`0`2`0`0`2`0`0
            P[i]=j;`FunctionDecl,false;ForStmt,false;IfStmt,false;`1`0`1`0`0`0`0`0`1`0`0`0`3`0`2`3`0`0`0`0`0`0`0`0`0`0`3`0`3`0`0`0`1`0`0`1`1`0
            if(m%2==0)`FunctionDecl,false;ForStmt,false;IfStmt,false;IfStmt,false;`1`0`1`0`0`0`0`0`2`0`0`0`4`0`3`1`2`2`0`1`0`0`0`0`0`0`1`0`1`0`0`0`2`0`0`2`0`0
                j++;`FunctionDecl,false;ForStmt,false;IfStmt,false;IfStmt,false;`1`0`1`0`0`0`0`0`2`0`0`0`4`0`3`1`0`0`0`0`0`0`0`0`0`0`1`0`1`0`0`0`0`1`0`1`0`0
            j--;`FunctionDecl,false;ForStmt,false;IfStmt,false;IfStmt,false;`1`0`1`0`0`0`0`0`2`0`0`0`4`0`3`1`0`0`0`0`0`0`0`0`0`0`1`0`1`0`0`0`0`1`0`1`0`0
            b++;`FunctionDecl,false;ForStmt,false;IfStmt,false;`1`0`1`0`0`0`0`0`1`0`0`0`3`0`2`1`0`0`0`0`0`0`0`0`0`0`1`0`1`0`0`0`0`1`0`1`0`0
            P[i]=k;`FunctionDecl,false;ForStmt,false;IfStmt,false;`1`0`1`0`0`0`0`0`1`0`0`0`3`0`2`3`0`0`0`0`0`0`0`0`0`0`3`0`3`0`0`0`1`0`0`1`1`0
            if(m%2==0)`FunctionDecl,false;ForStmt,false;IfStmt,false;IfStmt,false;`1`0`1`0`0`0`0`0`2`0`0`0`4`0`3`1`2`2`0`1`0`0`0`0`0`0`1`0`1`0`0`0`2`0`0`2`0`0
                k--;`FunctionDecl,false;ForStmt,false;IfStmt,false;IfStmt,false;`1`0`1`0`0`0`0`0`2`0`0`0`4`0`3`1`0`0`0`0`0`0`0`0`0`0`1`0`1`0`0`0`0`1`0`1`0`0
            k++;`FunctionDecl,false;ForStmt,false;IfStmt,false;IfStmt,false;`1`0`1`0`0`0`0`0`2`0`0`0`4`0`3`1`0`0`0`0`0`0`0`0`0`0`1`0`1`0`0`0`0`1`0`1`0`0
            b++;`FunctionDecl,false;ForStmt,false;IfStmt,false;`1`0`1`0`0`0`0`0`1`0`0`0`3`0`2`1`0`0`0`0`0`0`0`0`0`0`1`0`1`0`0`0`0`1`0`1`0`0
        if(b==n)`FunctionDecl,false;ForStmt,false;IfStmt,false;`1`0`1`0`0`0`0`0`1`0`0`0`3`0`2`2`0`0`0`1`0`0`0`0`0`0`2`0`2`0`0`0`1`0`0`1`0`0
            break;`FunctionDecl,false;ForStmt,false;IfStmt,false;`1`0`1`0`0`0`0`0`1`0`0`0`3`0`2`0`0`0`0`0`0`0`0`0`0`0`0`0`0`0`0`0`0`0`0`0`0`0
    if(m%2==0 && n>=m)`FunctionDecl,false;IfStmt,false;`1`0`0`0`0`0`0`0`1`0`0`0`2`0`3`3`2`2`0`1`0`0`0`0`0`0`3`0`3`0`0`0`4`0`0`4`0`1
        P[i-1]=m;`FunctionDecl,false;IfStmt,false;`1`0`0`0`0`0`0`0`1`0`0`0`2`0`3`3`1`1`0`0`0`0`0`0`0`0`3`0`3`0`0`0`2`0`0`2`1`0
    if(n<=m)`FunctionDecl,false;IfStmt,false;`1`0`0`0`0`0`0`0`1`0`0`0`2`0`1`2`0`0`0`1`0`0`0`0`0`0`2`0`2`0`0`0`1`0`0`1`0`0
    for(i=1;i<=n;i++)`FunctionDecl,false;IfStmt,false;ForStmt,false;`1`0`1`0`0`0`0`0`1`0`0`0`3`0`2`4`1`1`0`0`1`0`0`0`1`0`4`0`4`0`0`0`2`1`0`3`0`0
    printf("%d\n",P[i]);`FunctionDecl,false;IfStmt,false;ForStmt,false;`1`0`1`0`0`0`0`0`1`0`0`0`3`0`2`2`1`0`1`0`0`0`0`0`0`0`3`0`3`0`0`1`0`0`0`0`1`0
        l=n/m;`FunctionDecl,false;IfStmt,false;`1`0`0`0`0`0`0`0`1`0`0`0`2`0`1`3`0`0`0`0`0`0`0`0`0`0`3`0`3`0`0`0`2`0`0`2`0`0
        for(i=1;i<=l;i++)`FunctionDecl,false;IfStmt,false;ForStmt,false;`1`0`1`0`0`0`0`0`1`0`0`0`3`0`2`4`1`1`0`0`1`0`0`0`1`0`4`0`4`0`0`0`2`1`0`3`0`0
            for(j=1;j<=m;j++)`FunctionDecl,false;IfStmt,false;ForStmt,false;ForStmt,false;`1`0`2`0`0`0`0`0`1`0`0`0`4`0`3`4`1`1`0`0`1`0`0`0`1`0`4`0`4`0`0`0`2`1`0`3`0`0
                printf("%d\n",P[j]);`FunctionDecl,false;IfStmt,false;ForStmt,false;ForStmt,false;`1`0`2`0`0`0`0`0`1`0`0`0`4`0`3`2`1`0`1`0`0`0`0`0`0`0`3`0`3`0`0`1`0`0`0`0`1`0
        for(i=1;i<=n%m;i++)`FunctionDecl,false;IfStmt,false;ForStmt,false;`1`0`1`0`0`0`0`0`1`0`0`0`3`0`2`5`1`1`0`0`1`0`0`0`1`0`5`0`5`0`0`0`3`1`0`4`0`0
            printf("%d\n",P[i]);`FunctionDecl,false;IfStmt,false;ForStmt,false;`1`0`1`0`0`0`0`0`1`0`0`0`3`0`2`2`1`0`1`0`0`0`0`0`0`0`3`0`3`0`0`1`0`0`0`0`1`0
    return(0);`FunctionDecl,false;`1`0`0`0`0`0`0`0`0`0`0`0`1`0`0`0`0`0`0`0`0`0`0`0`0`0`0`0`0`0`0`0`0`0`0`0`0`0
