code`block`FunctionDecl`FunctionDeclRec`ForStmt`ForStmtRec`DoStmt`DoStmtRec`WhileStmt`WhileStmtRec`IfStmt`IfStmtRec`SwitchStmt`SwitchStmtRec`countBlocks`countBlocksRec`countCondition`countVariable`countLiteral`IntegerLiteral`StringLiteral`IfStmt`ForStmt`WhileStmt`DoStmt`SwitchStmt`countLoop`VarDecl`DeclRefExpr`DeclStmt`countDecl`countPointer`writeFunction`CallExpr`BinaryOperator`UnaryOperator`CompoundAssignOperator`countOperand`ArraySubscriptE`RealFaultLocation
int check(int a)`FunctionDecl,true;`1`1`0`0`0`0`0`0`0`0`0`0`1`1`0`0`0`0`0`0`0`0`0`0`0`0`0`0`0`0`0`0`0`0`0`0`0`0
	if(st[a]) return st[a];`FunctionDecl,true;IfStmt,false;`1`1`0`0`0`0`0`0`1`0`0`0`2`1`1`4`0`0`0`1`0`0`0`0`0`0`4`0`4`0`0`0`0`0`0`0`2`0
	int b = 1<<19;`FunctionDecl,true;`1`1`0`0`0`0`0`0`0`0`0`0`1`1`0`0`2`2`0`0`0`0`0`0`0`1`0`1`2`0`0`0`1`0`0`1`0`0
	int sz = g.size();`FunctionDecl,true;`1`1`0`0`0`0`0`0`0`0`0`0`1`1`0`1`0`0`0`0`0`0`0`0`0`1`1`1`3`0`0`0`0`0`0`0`0`0
	for(int i=0;i<sz;i++)`FunctionDecl,true;ForStmt,false;`1`1`1`0`0`0`0`0`0`0`0`0`2`1`1`3`1`1`0`0`1`0`0`0`1`1`3`1`5`0`0`0`1`1`0`2`0`0
		if((g[i]&a)==g[i])`FunctionDecl,true;ForStmt,false;IfStmt,false;`1`1`1`0`0`0`0`0`1`0`0`0`3`1`2`5`0`0`0`1`0`0`0`0`0`0`7`0`7`0`0`0`2`0`0`2`0`0
			int ans = check(a^g[i]);`FunctionDecl,true;ForStmt,false;IfStmt,false;`1`1`1`0`0`0`0`0`1`0`0`0`3`1`2`3`0`0`0`0`0`0`0`0`0`1`5`1`7`0`1`1`1`0`0`1`0`0
			st[a^g[i]] = ans;`FunctionDecl,true;ForStmt,false;IfStmt,false;`1`1`1`0`0`0`0`0`1`0`0`0`3`1`2`5`0`0`0`0`0`0`0`0`0`0`6`0`6`0`0`0`2`0`0`2`1`0
			if(ans==2) return 1;`FunctionDecl,true;ForStmt,false;IfStmt,false;IfStmt,false;`1`1`1`0`0`0`0`0`2`0`0`0`4`1`3`1`2`2`0`1`0`0`0`0`0`0`1`0`1`0`0`0`1`0`0`1`0`0
	return 2;`FunctionDecl,true;`1`1`0`0`0`0`0`0`0`0`0`0`1`1`0`0`1`1`0`0`0`0`0`0`0`0`0`0`0`0`0`0`0`0`0`0`0`0
int main()`FunctionDecl,false;`1`0`0`0`0`0`0`0`0`0`0`0`1`0`0`0`0`0`0`0`0`0`0`0`0`0`0`0`0`0`0`0`0`0`0`0`0`0
	freopen("input.txt","r",stdin);`FunctionDecl,false;`1`0`0`0`0`0`0`0`0`0`0`0`1`0`0`2`4`0`4`0`0`0`0`0`0`1`4`1`6`0`0`2`0`0`0`0`0`0
	int a = 0;`FunctionDecl,false;`1`0`0`0`0`0`0`0`0`0`0`0`1`0`0`0`1`1`0`0`0`0`0`0`0`1`0`1`2`0`0`0`0`0`0`0`0`0
	while(scanf("%1c",&c)==1)`FunctionDecl,false;WhileStmt,false;`1`0`0`0`0`0`1`0`0`0`0`0`2`0`1`1`2`1`1`0`0`1`0`0`1`0`2`0`2`1`0`1`1`1`0`2`0`0
		if(c=='.')`FunctionDecl,false;WhileStmt,false;IfStmt,false;`1`0`0`0`0`0`1`0`1`0`0`0`3`0`2`1`1`0`0`1`0`0`0`0`0`0`1`0`1`0`0`0`1`0`0`1`0`0
			a*=2;`FunctionDecl,false;WhileStmt,false;IfStmt,false;`1`0`0`0`0`0`1`0`1`0`0`0`3`0`2`1`1`1`0`0`0`0`0`0`0`0`1`0`1`0`0`0`0`0`1`1`0`0
		if(c=='O')`FunctionDecl,false;WhileStmt,false;IfStmt,false;`1`0`0`0`0`0`1`0`1`0`0`0`3`0`2`1`1`0`0`1`0`0`0`0`0`0`1`0`1`0`0`0`1`0`0`1`0`0
			a*=2;`FunctionDecl,false;WhileStmt,false;IfStmt,false;`1`0`0`0`0`0`1`0`1`0`0`0`3`0`2`1`1`1`0`0`0`0`0`0`0`0`1`0`1`0`0`0`0`0`1`1`0`0
			a++;`FunctionDecl,false;WhileStmt,false;IfStmt,false;`1`0`0`0`0`0`1`0`1`0`0`0`3`0`2`1`0`0`0`0`0`0`0`0`0`0`1`0`1`0`0`0`0`1`0`1`0`0
	p[0] = 1;`FunctionDecl,false;`1`0`0`0`0`0`0`0`0`0`0`0`1`0`0`1`2`2`0`0`0`0`0`0`0`0`1`0`1`0`0`0`1`0`0`1`1`0
	for(int i=1;i<20;i++) p[i] = p[i-1]*2;`FunctionDecl,false;ForStmt,false;`1`0`1`0`0`0`0`0`0`0`0`0`2`0`1`6`4`4`0`0`1`0`0`0`1`1`6`1`8`0`0`0`4`1`0`5`2`0
	g.pb(p[0]+p[1]+p[2]);`FunctionDecl,false;`1`0`0`0`0`0`0`0`0`0`0`0`1`0`0`4`3`3`0`0`0`0`0`0`0`0`4`0`4`0`0`0`2`0`0`2`3`0
	g.pb(p[3]+p[4]+p[5]+p[6]);`FunctionDecl,false;`1`0`0`0`0`0`0`0`0`0`0`0`1`0`0`5`4`4`0`0`0`0`0`0`0`0`5`0`5`0`0`0`3`0`0`3`4`0
	g.pb(p[7]+p[8]+p[9]+p[10]);`FunctionDecl,false;`1`0`0`0`0`0`0`0`0`0`0`0`1`0`0`5`4`4`0`0`0`0`0`0`0`0`5`0`5`0`0`0`3`0`0`3`4`1
	g.pb(p[12]+p[13]+p[14]+p[15]);`FunctionDecl,false;`1`0`0`0`0`0`0`0`0`0`0`0`1`0`0`5`4`4`0`0`0`0`0`0`0`0`5`0`5`0`0`0`3`0`0`3`4`0
	g.pb(p[16]+p[17]+p[18]);`FunctionDecl,false;`1`0`0`0`0`0`0`0`0`0`0`0`1`0`0`4`3`3`0`0`0`0`0`0`0`0`4`0`4`0`0`0`2`0`0`2`3`0
	g.pb(p[0]+p[3]+p[12]);`FunctionDecl,false;`1`0`0`0`0`0`0`0`0`0`0`0`1`0`0`4`3`3`0`0`0`0`0`0`0`0`4`0`4`0`0`0`2`0`0`2`3`1
	g.pb(p[1]+p[3]+p[8]+p[12]);`FunctionDecl,false;`1`0`0`0`0`0`0`0`0`0`0`0`1`0`0`5`4`4`0`0`0`0`0`0`0`0`5`0`5`0`0`0`3`0`0`3`4`0
	g.pb(p[2]+p[5]+p[9]+p[13]+p[16]);`FunctionDecl,false;`1`0`0`0`0`0`0`0`0`0`0`0`1`0`0`6`5`5`0`0`0`0`0`0`0`0`6`0`6`0`0`0`4`0`0`4`5`0
	g.pb(p[6]+p[10]+p[14]+p[17]);`FunctionDecl,false;`1`0`0`0`0`0`0`0`0`0`0`0`1`0`0`5`4`4`0`0`0`0`0`0`0`0`5`0`5`0`0`0`3`0`0`3`4`0
	g.pb(p[11]+p[15]+p[18]);`FunctionDecl,false;`1`0`0`0`0`0`0`0`0`0`0`0`1`0`0`4`3`3`0`0`0`0`0`0`0`0`4`0`4`0`0`0`2`0`0`2`3`0
	g.pb(p[7]+p[12]+p[16]);`FunctionDecl,false;`1`0`0`0`0`0`0`0`0`0`0`0`1`0`0`4`3`3`0`0`0`0`0`0`0`0`4`0`4`0`0`0`2`0`0`2`3`0
	g.pb(p[3]+p[8]+p[13]+p[17]);`FunctionDecl,false;`1`0`0`0`0`0`0`0`0`0`0`0`1`0`0`5`4`4`0`0`0`0`0`0`0`0`5`0`5`0`0`0`3`0`0`3`4`0
	g.pb(p[0]+p[3]+p[9]+p[14]+p[18]);`FunctionDecl,false;`1`0`0`0`0`0`0`0`0`0`0`0`1`0`0`6`5`5`0`0`0`0`0`0`0`0`6`0`6`0`0`0`4`0`0`4`5`1
	g.pb(p[1]+p[5]+p[10]+p[15]);`FunctionDecl,false;`1`0`0`0`0`0`0`0`0`0`0`0`1`0`0`5`4`4`0`0`0`0`0`0`0`0`5`0`5`0`0`0`3`0`0`3`4`0
	g.pb(p[2]+p[6]+p[11]);`FunctionDecl,false;`1`0`0`0`0`0`0`0`0`0`0`0`1`0`0`4`3`3`0`0`0`0`0`0`0`0`4`0`4`0`0`0`2`0`0`2`3`0
	int sz = g.size();`FunctionDecl,false;`1`0`0`0`0`0`0`0`0`0`0`0`1`0`0`1`0`0`0`0`0`0`0`0`0`1`1`1`3`0`0`0`0`0`0`0`0`0
	int b = 1<<19;`FunctionDecl,false;`1`0`0`0`0`0`0`0`0`0`0`0`1`0`0`0`2`2`0`0`0`0`0`0`0`1`0`1`2`0`0`0`1`0`0`1`0`0
	for(int i=1;i<b;i++)`FunctionDecl,false;ForStmt,false;`1`0`1`0`0`0`0`0`0`0`0`0`2`0`1`3`1`1`0`0`1`0`0`0`1`1`3`1`5`0`0`0`1`1`0`2`0`1
		for(int j=0;j<sz;j++)`FunctionDecl,false;ForStmt,false;ForStmt,false;`1`0`2`0`0`0`0`0`0`0`0`0`3`0`2`3`1`1`0`0`1`0`0`0`1`1`3`1`5`0`0`0`1`1`0`2`0`0
			if((g[j]&i)==i)`FunctionDecl,false;ForStmt,false;ForStmt,false;IfStmt,false;`1`0`2`0`0`0`0`0`1`0`0`0`4`0`3`4`0`0`0`1`0`0`0`0`0`0`5`0`5`0`0`0`2`0`0`2`0`0
				g.pb(i);`FunctionDecl,false;ForStmt,false;ForStmt,false;IfStmt,false;`1`0`2`0`0`0`0`0`1`0`0`0`4`0`3`2`0`0`0`0`0`0`0`0`0`0`2`0`2`0`0`0`0`0`0`0`0`1
	st[0] = 2;`FunctionDecl,false;`1`0`0`0`0`0`0`0`0`0`0`0`1`0`0`1`2`2`0`0`0`0`0`0`0`0`1`0`1`0`0`0`1`0`0`1`1`1
	int ans = check(a);`FunctionDecl,false;`1`0`0`0`0`0`0`0`0`0`0`0`1`0`0`1`0`0`0`0`0`0`0`0`0`1`2`1`4`0`1`1`0`0`0`0`0`0
	if(ans==1) printf("Karlsson");`FunctionDecl,false;IfStmt,false;`1`0`0`0`0`0`0`0`1`0`0`0`2`0`1`1`2`1`1`1`0`0`0`0`0`0`2`0`2`0`0`1`1`0`0`1`0`0
	else printf("Lillebror");`FunctionDecl,false;IfStmt,false;`1`0`0`0`0`0`0`0`1`0`0`0`2`0`1`0`1`0`1`0`0`0`0`0`0`0`1`0`1`0`0`1`0`0`0`0`0`0
	return 0;`FunctionDecl,false;`1`0`0`0`0`0`0`0`0`0`0`0`1`0`0`0`0`0`0`0`0`0`0`0`0`0`0`0`0`0`0`0`0`0`0`0`0`0
