code`block`FunctionDecl`FunctionDeclRec`ForStmt`ForStmtRec`DoStmt`DoStmtRec`WhileStmt`WhileStmtRec`IfStmt`IfStmtRec`SwitchStmt`SwitchStmtRec`countBlocks`countBlocksRec`countCondition`countVariable`countLiteral`IntegerLiteral`StringLiteral`IfStmt`ForStmt`WhileStmt`DoStmt`SwitchStmt`countLoop`VarDecl`DeclRefExpr`DeclStmt`countDecl`countPointer`writeFunction`CallExpr`BinaryOperator`UnaryOperator`CompoundAssignOperator`countOperand`ArraySubscriptE`RealFaultLocation
int main(){`FunctionDecl,false;`1`0`0`0`0`0`0`0`0`0`0`0`1`0`0`0`0`0`0`0`0`0`0`0`0`0`0`0`0`0`0`0`0`0`0`0`0`0
    int N, cont = 0;`FunctionDecl,false;`1`0`0`0`0`0`0`0`0`0`0`0`1`0`0`0`1`1`0`0`0`0`0`0`0`2`0`1`3`0`0`0`0`0`0`0`0`0
    long long int X;`FunctionDecl,false;`1`0`0`0`0`0`0`0`0`0`0`0`1`0`0`0`0`0`0`0`0`0`0`0`0`1`0`1`2`0`0`0`0`0`0`0`0`0
    map<long long int, int> MAP;`FunctionDecl,false;`1`0`0`0`0`0`0`0`0`0`0`0`1`0`0`0`0`0`0`0`0`0`0`0`0`1`0`1`2`0`0`0`0`0`0`0`0`0
    scanf("%d",&N);`FunctionDecl,false;`1`0`0`0`0`0`0`0`0`0`0`0`1`0`0`1`1`0`1`0`0`0`0`0`0`0`2`0`2`1`0`1`0`1`0`1`0`0
    while(N--){`FunctionDecl,false;WhileStmt,false;`1`0`0`0`0`0`1`0`0`0`0`0`2`0`1`1`0`0`0`0`0`1`0`0`1`0`1`0`1`0`0`0`0`1`0`1`0`0
        scanf("%lld", &X);`FunctionDecl,false;WhileStmt,false;`1`0`0`0`0`0`1`0`0`0`0`0`2`0`1`1`1`0`1`0`0`0`0`0`0`0`2`0`2`1`0`1`0`1`0`1`0`0
        if(cont != -1 && MAP[X] == 0)`FunctionDecl,false;WhileStmt,false;IfStmt,false;`1`0`0`0`0`0`1`0`1`0`0`0`3`0`4`3`2`2`0`1`0`0`0`0`0`0`4`0`4`0`0`0`3`1`0`4`0`1
           MAP[X]++;`FunctionDecl,false;WhileStmt,false;IfStmt,false;`1`0`0`0`0`0`1`0`1`0`0`0`3`0`4`2`0`0`0`0`0`0`0`0`0`0`3`0`3`0`0`0`0`1`0`1`0`0
        else if(cont != -1 && MAP[X] == 1){`FunctionDecl,false;WhileStmt,false;IfStmt,false;IfStmt,false;`1`0`0`0`0`0`1`0`2`0`0`0`4`0`7`3`2`2`0`1`0`0`0`0`0`0`4`0`4`0`0`0`3`1`0`4`0`0
           MAP[X]++;`FunctionDecl,false;WhileStmt,false;IfStmt,false;IfStmt,false;`1`0`0`0`0`0`1`0`2`0`0`0`4`0`7`2`0`0`0`0`0`0`0`0`0`0`3`0`3`0`0`0`0`1`0`1`0`0
           cont++;  `FunctionDecl,false;WhileStmt,false;IfStmt,false;IfStmt,false;`1`0`0`0`0`0`1`0`2`0`0`0`4`0`7`1`0`0`0`0`0`0`0`0`0`0`1`0`1`0`0`0`0`1`0`1`0`0
        else if(MAP[X] == 2)`FunctionDecl,false;WhileStmt,false;IfStmt,false;IfStmt,false;IfStmt,false;`1`0`0`0`0`0`1`0`3`0`0`0`5`0`8`2`1`1`0`1`0`0`0`0`0`0`3`0`3`0`0`0`1`0`0`1`0`0
           cont=-1; `FunctionDecl,false;WhileStmt,false;IfStmt,false;IfStmt,false;IfStmt,false;`1`0`0`0`0`0`1`0`3`0`0`0`5`0`8`1`1`1`0`0`0`0`0`0`0`0`1`0`1`0`0`0`1`1`0`2`0`0
    printf("%d\n", cont);`FunctionDecl,false;`1`0`0`0`0`0`0`0`0`0`0`0`1`0`0`1`1`0`1`0`0`0`0`0`0`0`2`0`2`0`0`1`0`0`0`0`0`1
return 0;`FunctionDecl,false;`1`0`0`0`0`0`0`0`0`0`0`0`1`0`0`0`0`0`0`0`0`0`0`0`0`0`0`0`0`0`0`0`0`0`0`0`0`0
