code`block`FunctionDecl`FunctionDeclRec`ForStmt`ForStmtRec`DoStmt`DoStmtRec`WhileStmt`WhileStmtRec`IfStmt`IfStmtRec`SwitchStmt`SwitchStmtRec`countBlocks`countBlocksRec`countCondition`countVariable`countLiteral`IntegerLiteral`StringLiteral`IfStmt`ForStmt`WhileStmt`DoStmt`SwitchStmt`countLoop`VarDecl`DeclRefExpr`DeclStmt`countDecl`countPointer`writeFunction`CallExpr`BinaryOperator`UnaryOperator`CompoundAssignOperator`countOperand`ArraySubscriptE`RealFaultLocation
int main ()`FunctionDecl,false;`1`0`0`0`0`0`0`0`0`0`0`0`1`0`0`0`0`0`0`0`0`0`0`0`0`0`0`0`0`0`0`0`0`0`0`0`0`0
	cin >> s;`FunctionDecl,false;`1`0`0`0`0`0`0`0`0`0`0`0`1`0`0`2`0`0`0`0`0`0`0`0`0`0`3`0`3`0`0`0`0`0`0`0`0`0
	for ( int i = 0; i < (int)s.lh; i++ )`FunctionDecl,false;ForStmt,false;`1`0`1`0`0`0`0`0`0`0`0`0`2`0`0`3`1`1`0`0`1`0`0`0`1`1`3`1`5`0`0`0`1`1`0`2`0`0
		if (s[i]=='.')`FunctionDecl,false;ForStmt,false;IfStmt,false;`1`0`1`0`0`0`0`0`1`0`0`0`3`0`1`2`1`0`0`1`0`0`0`0`0`0`3`0`3`0`0`0`1`0`0`1`0`0
			x=i;`FunctionDecl,false;ForStmt,false;IfStmt,false;`1`0`1`0`0`0`0`0`1`0`0`0`3`0`1`2`0`0`0`0`0`0`0`0`0`0`2`0`2`0`0`0`1`0`0`1`0`0
			if ( (s[i-1]-48)==9 )	{cout << "GOTO Vasilisa.";return 0;}`FunctionDecl,false;ForStmt,false;IfStmt,false;IfStmt,false;`1`0`1`0`0`0`0`0`2`0`0`0`4`0`2`3`5`4`1`1`0`0`0`0`0`0`5`0`5`0`0`0`3`0`0`3`0`0
			if ( (s[i+1]-48)>=5 )	s[i-1]+=1;`FunctionDecl,false;ForStmt,false;IfStmt,false;IfStmt,false;`1`0`1`0`0`0`0`0`2`0`0`0`4`0`2`4`5`5`0`1`0`0`0`0`0`0`6`0`6`0`0`0`4`0`1`5`0`0
			else 	s[i-1]-=1;`FunctionDecl,false;ForStmt,false;IfStmt,false;IfStmt,false;`1`0`1`0`0`0`0`0`2`0`0`0`4`0`2`2`2`2`0`0`0`0`0`0`0`0`3`0`3`0`0`0`1`0`1`2`0`1
			break;`FunctionDecl,false;ForStmt,false;IfStmt,false;`1`0`1`0`0`0`0`0`1`0`0`0`3`0`1`0`0`0`0`0`0`0`0`0`0`0`0`0`0`0`0`0`0`0`0`0`0`0
	for (int i = 0; i < x; i++)	cout << s[i];`FunctionDecl,false;ForStmt,false;`1`0`1`0`0`0`0`0`0`0`0`0`2`0`1`6`1`1`0`0`1`0`0`0`1`1`8`1`10`0`0`0`1`1`0`2`0`0
return 0;	`FunctionDecl,false;`1`0`0`0`0`0`0`0`0`0`0`0`1`0`0`0`0`0`0`0`0`0`0`0`0`0`0`0`0`0`0`0`0`0`0`0`0`0
