code`block`FunctionDecl`FunctionDeclRec`ForStmt`ForStmtRec`DoStmt`DoStmtRec`WhileStmt`WhileStmtRec`IfStmt`IfStmtRec`SwitchStmt`SwitchStmtRec`countBlocks`countBlocksRec`countCondition`countVariable`countLiteral`IntegerLiteral`StringLiteral`IfStmt`ForStmt`WhileStmt`DoStmt`SwitchStmt`countLoop`VarDecl`DeclRefExpr`DeclStmt`countDecl`countPointer`writeFunction`CallExpr`BinaryOperator`UnaryOperator`CompoundAssignOperator`countOperand`ArraySubscriptE`RealFaultLocation
int main()`FunctionDecl,false;`1`0`0`0`0`0`0`0`0`0`0`0`1`0`0`0`0`0`0`0`0`0`0`0`0`0`0`0`0`0`0`0`0`0`0`0`0`0
    int n,m,c=0;`FunctionDecl,false;`1`0`0`0`0`0`0`0`0`0`0`0`1`0`0`0`1`1`0`0`0`0`0`0`0`3`0`1`4`0`0`0`0`0`0`0`0`0
    int mid=0;`FunctionDecl,false;`1`0`0`0`0`0`0`0`0`0`0`0`1`0`0`0`1`1`0`0`0`0`0`0`0`1`0`1`2`0`0`0`0`0`0`0`0`1
    int x=0;`FunctionDecl,false;`1`0`0`0`0`0`0`0`0`0`0`0`1`0`0`0`1`1`0`0`0`0`0`0`0`1`0`1`2`0`0`0`0`0`0`0`0`0
    cin>>n>>m;`FunctionDecl,false;`1`0`0`0`0`0`0`0`0`0`0`0`1`0`0`3`0`0`0`0`0`0`0`0`0`0`5`0`5`0`0`0`0`0`0`0`0`0
    mid=(m+1)/2;`FunctionDecl,false;`1`0`0`0`0`0`0`0`0`0`0`0`1`0`0`2`2`2`0`0`0`0`0`0`0`0`2`0`2`0`0`0`3`0`0`3`0`1
    while(true)`FunctionDecl,false;WhileStmt,false;`1`0`0`0`0`0`1`0`0`0`0`0`2`0`1`0`1`0`0`0`0`1`0`0`1`0`0`0`0`0`0`0`0`0`0`0`0`0
        if(c>=n)break;`FunctionDecl,false;WhileStmt,false;IfStmt,false;`1`0`0`0`0`0`1`0`1`0`0`0`3`0`2`2`0`0`0`1`0`0`0`0`0`0`2`0`2`0`0`0`1`0`0`1`0`0
        int j=1;`FunctionDecl,false;WhileStmt,false;`1`0`0`0`0`0`1`0`0`0`0`0`2`0`1`0`1`1`0`0`0`0`0`0`0`1`0`1`2`0`0`0`0`0`0`0`0`0
        cout<<mid<<endl;c++;`FunctionDecl,false;WhileStmt,false;`1`0`0`0`0`0`1`0`0`0`0`0`2`0`1`3`0`0`0`0`0`0`0`0`0`0`6`0`6`0`0`0`0`1`0`1`0`0
        while(true)`FunctionDecl,false;WhileStmt,false;WhileStmt,false;`1`0`0`0`0`0`2`0`0`0`0`0`3`0`2`0`1`0`0`0`0`1`0`0`1`0`0`0`0`0`0`0`0`0`0`0`0`0
            if(c>=n)break;`FunctionDecl,false;WhileStmt,false;WhileStmt,false;IfStmt,false;`1`0`0`0`0`0`2`0`1`0`0`0`4`0`3`2`0`0`0`1`0`0`0`0`0`0`2`0`2`0`0`0`1`0`0`1`0`0
            x=mid;`FunctionDecl,false;WhileStmt,false;WhileStmt,false;`1`0`0`0`0`0`2`0`0`0`0`0`3`0`2`2`0`0`0`0`0`0`0`0`0`0`2`0`2`0`0`0`1`0`0`1`0`0
            x-=j;`FunctionDecl,false;WhileStmt,false;WhileStmt,false;`1`0`0`0`0`0`2`0`0`0`0`0`3`0`2`2`0`0`0`0`0`0`0`0`0`0`2`0`2`0`0`0`0`0`1`1`0`0
            if(x<=0)break;`FunctionDecl,false;WhileStmt,false;WhileStmt,false;IfStmt,false;`1`0`0`0`0`0`2`0`1`0`0`0`4`0`3`1`1`1`0`1`0`0`0`0`0`0`1`0`1`0`0`0`1`0`0`1`0`0
            cout<<x<<endl;c++;`FunctionDecl,false;WhileStmt,false;WhileStmt,false;`1`0`0`0`0`0`2`0`0`0`0`0`3`0`2`3`0`0`0`0`0`0`0`0`0`0`6`0`6`0`0`0`0`1`0`1`0`0
            if(c>=n)break;`FunctionDecl,false;WhileStmt,false;WhileStmt,false;IfStmt,false;`1`0`0`0`0`0`2`0`1`0`0`0`4`0`3`2`0`0`0`1`0`0`0`0`0`0`2`0`2`0`0`0`1`0`0`1`0`0
            x=mid;x+=j;`FunctionDecl,false;WhileStmt,false;WhileStmt,false;`1`0`0`0`0`0`2`0`0`0`0`0`3`0`2`4`0`0`0`0`0`0`0`0`0`0`4`0`4`0`0`0`1`0`1`2`0`0
            if(x>m)break;`FunctionDecl,false;WhileStmt,false;WhileStmt,false;IfStmt,false;`1`0`0`0`0`0`2`0`1`0`0`0`4`0`3`2`0`0`0`1`0`0`0`0`0`0`2`0`2`0`0`0`1`0`0`1`0`0
            cout<<x<<endl;c++;`FunctionDecl,false;WhileStmt,false;WhileStmt,false;`1`0`0`0`0`0`2`0`0`0`0`0`3`0`2`3`0`0`0`0`0`0`0`0`0`0`6`0`6`0`0`0`0`1`0`1`0`0
            if(c>=n)break;`FunctionDecl,false;WhileStmt,false;WhileStmt,false;IfStmt,false;`1`0`0`0`0`0`2`0`1`0`0`0`4`0`3`2`0`0`0`1`0`0`0`0`0`0`2`0`2`0`0`0`1`0`0`1`0`0
            j++;`FunctionDecl,false;WhileStmt,false;WhileStmt,false;`1`0`0`0`0`0`2`0`0`0`0`0`3`0`2`0`0`0`0`0`0`0`0`0`0`0`0`0`0`0`0`0`0`1`0`1`0`0
