code`block`FunctionDecl`FunctionDeclRec`ForStmt`ForStmtRec`DoStmt`DoStmtRec`WhileStmt`WhileStmtRec`IfStmt`IfStmtRec`SwitchStmt`SwitchStmtRec`countBlocks`countBlocksRec`countCondition`countVariable`countLiteral`IntegerLiteral`StringLiteral`IfStmt`ForStmt`WhileStmt`DoStmt`SwitchStmt`countLoop`VarDecl`DeclRefExpr`DeclStmt`countDecl`countPointer`writeFunction`CallExpr`BinaryOperator`UnaryOperator`CompoundAssignOperator`countOperand`ArraySubscriptE`RealFaultLocation
int dfs(int u){`FunctionDecl,true;`1`1`0`0`0`0`0`0`0`0`0`0`1`1`0`0`0`0`0`0`0`0`0`0`0`0`0`0`0`0`0`0`0`0`0`0`0`0
	V[u]=1;`FunctionDecl,true;`1`1`0`0`0`0`0`0`0`0`0`0`1`1`0`2`1`1`0`0`0`0`0`0`0`0`2`0`2`0`0`0`1`0`0`1`1`0
	s++;//counting no of nodes`FunctionDecl,true;`1`1`0`0`0`0`0`0`0`0`0`0`1`1`0`1`0`0`0`0`0`0`0`0`0`0`1`0`1`0`0`0`0`1`0`1`0`0
	i(sz(g[u])){`FunctionDecl,true;ForStmt,false;`1`1`1`0`0`0`0`0`0`0`0`0`2`1`1`3`1`1`0`0`1`0`0`0`1`1`3`1`5`0`0`0`1`0`0`1`1`0
		if(!V[g[u][i]]){`FunctionDecl,true;ForStmt,false;IfStmt,false;`1`1`1`0`0`0`0`0`1`0`0`0`3`1`3`5`0`0`0`1`0`0`0`0`0`0`6`0`6`0`0`0`0`2`0`2`2`0
			dfs(g[u][i]);`FunctionDecl,true;ForStmt,false;IfStmt,false;`1`1`1`0`0`0`0`0`1`0`0`0`3`1`3`3`0`0`0`0`0`0`0`0`0`0`5`0`5`0`1`1`0`0`0`0`1`0
int main()`FunctionDecl,false;`1`0`0`0`0`0`0`0`0`0`0`0`1`0`0`0`0`0`0`0`0`0`0`0`0`0`0`0`0`0`0`0`0`0`0`0`0`0
	int a,b,x,y,c=0,k,n,m,p,q;`FunctionDecl,false;`1`0`0`0`0`0`0`0`0`0`0`0`1`0`0`0`1`1`0`0`0`0`0`0`0`10`0`1`11`0`0`0`0`0`0`0`0`0
	cin>>n>>m;`FunctionDecl,false;`1`0`0`0`0`0`0`0`0`0`0`0`1`0`0`3`0`0`0`0`0`0`0`0`0`2`5`2`9`0`0`0`0`0`0`0`0`0
	i(m){`FunctionDecl,false;ForStmt,false;`1`0`1`0`0`0`0`0`0`0`0`0`2`0`1`2`1`1`0`0`1`0`0`0`1`1`2`1`4`0`0`0`1`0`0`1`0`0
		cin>>x>>y;`FunctionDecl,false;ForStmt,false;`1`0`1`0`0`0`0`0`0`0`0`0`2`0`1`4`0`0`0`0`0`0`0`0`0`0`6`0`6`0`0`0`0`1`0`1`0`0
		g[x].pb(y);`FunctionDecl,false;ForStmt,false;`1`0`1`0`0`0`0`0`0`0`0`0`2`0`1`3`0`0`0`0`0`0`0`0`0`0`3`0`3`0`0`0`0`0`0`0`1`0
		g[y].pb(x);`FunctionDecl,false;ForStmt,false;`1`0`1`0`0`0`0`0`0`0`0`0`2`0`1`3`0`0`0`0`0`0`0`0`0`0`3`0`3`0`0`0`0`0`0`0`1`0
	dfs(1);`FunctionDecl,false;`1`0`0`0`0`0`0`0`0`0`0`0`1`0`0`0`1`1`0`0`0`0`0`0`0`0`1`0`1`0`1`1`0`0`0`0`0`0
	if(n!=m){`FunctionDecl,false;IfStmt,false;`1`0`0`0`0`0`0`0`1`0`0`0`2`0`1`2`0`0`0`1`0`0`0`0`0`0`2`0`2`0`0`0`1`0`0`1`0`0
		c("NO");`FunctionDecl,false;IfStmt,false;`1`0`0`0`0`0`0`0`1`0`0`0`2`0`1`1`1`0`1`0`0`0`0`0`0`0`3`0`3`0`0`0`0`0`0`0`0`0
		if(s==n){`FunctionDecl,false;IfStmt,false;IfStmt,false;`1`0`0`0`0`0`0`0`2`0`0`0`3`0`2`2`0`0`0`1`0`0`0`0`0`0`3`0`3`0`0`0`1`0`0`1`0`0
			c("FHTAGN");`FunctionDecl,false;IfStmt,false;IfStmt,false;`1`0`0`0`0`0`0`0`2`0`0`0`3`0`2`1`1`0`1`0`0`0`0`0`0`0`3`0`3`0`0`0`0`0`0`0`0`1
			c("NO");`FunctionDecl,false;IfStmt,false;IfStmt,false;`1`0`0`0`0`0`0`0`2`0`0`0`3`0`2`1`1`0`1`0`0`0`0`0`0`0`4`0`4`0`0`0`0`0`0`0`0`0
	return 0;`FunctionDecl,false;`1`0`0`0`0`0`0`0`0`0`0`0`1`0`0`0`0`0`0`0`0`0`0`0`0`0`1`0`1`0`0`0`0`0`0`0`0`0
