code`block`FunctionDecl`FunctionDeclRec`ForStmt`ForStmtRec`DoStmt`DoStmtRec`WhileStmt`WhileStmtRec`IfStmt`IfStmtRec`SwitchStmt`SwitchStmtRec`countBlocks`countBlocksRec`countCondition`countVariable`countLiteral`IntegerLiteral`StringLiteral`IfStmt`ForStmt`WhileStmt`DoStmt`SwitchStmt`countLoop`VarDecl`DeclRefExpr`DeclStmt`countDecl`countPointer`writeFunction`CallExpr`BinaryOperator`UnaryOperator`CompoundAssignOperator`countOperand`ArraySubscriptE`RealFaultLocation
bool dfs(int parent, int node)`FunctionDecl,true;`1`1`0`0`0`0`0`0`0`0`0`0`1`1`1`0`0`0`0`0`0`0`0`0`0`0`0`0`0`0`0`0`0`0`0`0`0`0
    if (vis[node])`FunctionDecl,true;IfStmt,false;`1`1`0`0`0`0`0`0`1`0`0`0`2`1`2`2`0`0`0`1`0`0`0`0`0`0`2`0`2`0`0`0`0`0`0`0`1`0
        Cycle.push_back(node);`FunctionDecl,true;IfStmt,false;`1`1`0`0`0`0`0`0`1`0`0`0`2`1`2`2`0`0`0`0`0`0`0`0`0`0`2`0`2`0`0`0`0`0`0`0`0`0
        while(!S.empty() && S.top() != node)`FunctionDecl,true;IfStmt,false;WhileStmt,false;`1`1`0`0`0`0`1`0`1`0`0`0`3`1`6`3`0`0`0`0`0`1`0`0`1`0`3`0`3`0`0`0`2`1`0`3`0`0
            Cycle.push_back(S.top());`FunctionDecl,true;IfStmt,false;WhileStmt,false;`1`1`0`0`0`0`1`0`1`0`0`0`3`1`6`2`0`0`0`0`0`0`0`0`0`0`2`0`2`0`0`0`0`0`0`0`0`0
            S.pop();`FunctionDecl,true;IfStmt,false;WhileStmt,false;`1`1`0`0`0`0`1`0`1`0`0`0`3`1`6`1`0`0`0`0`0`0`0`0`0`0`1`0`1`0`0`0`0`0`0`0`0`0
        return true;`FunctionDecl,true;IfStmt,false;`1`1`0`0`0`0`0`0`1`0`0`0`2`1`2`0`1`0`0`0`0`0`0`0`0`0`0`0`0`0`0`0`0`0`0`0`0`0
    vis[node] = true;`FunctionDecl,true;`1`1`0`0`0`0`0`0`0`0`0`0`1`1`1`2`1`0`0`0`0`0`0`0`0`0`2`0`2`0`0`0`1`0`0`1`1`0
    S.push(node);`FunctionDecl,true;`1`1`0`0`0`0`0`0`0`0`0`0`1`1`1`2`0`0`0`0`0`0`0`0`0`0`2`0`2`0`0`0`0`0`0`0`0`0
    int i;`FunctionDecl,true;`1`1`0`0`0`0`0`0`0`0`0`0`1`1`1`0`0`0`0`0`0`0`0`0`0`1`0`1`2`0`0`0`0`0`0`0`0`0
    bool f;`FunctionDecl,true;`1`1`0`0`0`0`0`0`0`0`0`0`1`1`1`0`0`0`0`0`0`0`0`0`0`1`0`1`2`0`0`0`0`0`0`0`0`0
    for (i=0; i<V[node].size(); ++i)`FunctionDecl,true;ForStmt,false;`1`1`1`0`0`0`0`0`0`0`0`0`2`1`2`5`1`1`0`0`1`0`0`0`1`0`6`0`6`0`0`0`2`1`0`3`0`0
        if (V[node][i] == parent) continue;`FunctionDecl,true;ForStmt,false;IfStmt,false;`1`1`1`0`0`0`0`0`1`0`0`0`3`1`3`4`0`0`0`1`0`0`0`0`0`0`6`0`6`0`0`0`1`0`0`1`0`0
        f = dfs(node, V[node][i]);`FunctionDecl,true;ForStmt,false;`1`1`1`0`0`0`0`0`0`0`0`0`2`1`2`5`0`0`0`0`0`0`0`0`0`0`8`0`8`0`1`1`1`0`0`1`0`0
        if (f) return true;`FunctionDecl,true;ForStmt,false;IfStmt,false;`1`1`1`0`0`0`0`0`1`0`0`0`3`1`5`1`1`0`0`1`0`0`0`0`0`0`1`0`1`0`0`0`0`0`0`0`0`0
    S.pop();`FunctionDecl,true;`1`1`0`0`0`0`0`0`0`0`0`0`1`1`1`1`0`0`0`0`0`0`0`0`0`0`1`0`1`0`0`0`0`0`0`0`0`0
    return false;`FunctionDecl,true;`1`1`0`0`0`0`0`0`0`0`0`0`1`1`1`0`1`0`0`0`0`0`0`0`0`0`0`0`0`0`0`0`0`0`0`0`0`0
void findCycle(int N)`FunctionDecl,false;`1`0`0`0`0`0`0`0`0`0`0`0`1`0`0`0`0`0`0`0`0`0`0`0`0`0`0`0`0`0`0`0`0`0`0`0`0`0
    memset(vis, false, sizeof(vis));`FunctionDecl,false;`1`0`0`0`0`0`0`0`0`0`0`0`1`0`0`2`1`0`0`0`0`0`0`0`0`0`3`0`3`0`0`1`0`0`0`0`0`0
    while(!S.empty()) S.pop();`FunctionDecl,false;WhileStmt,false;`1`0`0`0`0`0`1`0`0`0`0`0`2`0`2`2`0`0`0`0`0`1`0`0`1`0`2`0`2`0`0`0`0`1`0`1`0`0
    dfs(-1,1);`FunctionDecl,false;`1`0`0`0`0`0`0`0`0`0`0`0`1`0`0`0`2`2`0`0`0`0`0`0`0`0`1`0`1`0`1`1`0`1`0`1`0`0
bool dfs2(int parent, int node)`FunctionDecl,true;`1`1`0`0`0`0`0`0`0`0`0`0`1`1`1`0`0`0`0`0`0`0`0`0`0`0`0`0`0`0`0`0`0`0`0`0`0`0
    if (vis[node]) return false;`FunctionDecl,true;IfStmt,false;`1`1`0`0`0`0`0`0`1`0`0`0`2`1`3`2`1`0`0`1`0`0`0`0`0`0`2`0`2`0`0`0`0`0`0`0`1`0
    vis[node] = 2;`FunctionDecl,true;`1`1`0`0`0`0`0`0`0`0`0`0`1`1`1`2`1`1`0`0`0`0`0`0`0`0`2`0`2`0`0`0`1`0`0`1`1`0
    int i,now;`FunctionDecl,true;`1`1`0`0`0`0`0`0`0`0`0`0`1`1`1`0`0`0`0`0`0`0`0`0`0`2`0`1`3`0`0`0`0`0`0`0`0`0
    for (i=0; i<V[node].size(); ++i)`FunctionDecl,true;ForStmt,false;`1`1`1`0`0`0`0`0`0`0`0`0`2`1`2`5`1`1`0`0`1`0`0`0`1`0`6`0`6`0`0`0`2`1`0`3`0`0
        now = V[node][i];`FunctionDecl,true;ForStmt,false;`1`1`1`0`0`0`0`0`0`0`0`0`2`1`2`4`0`0`0`0`0`0`0`0`0`0`6`0`6`0`0`0`1`0`0`1`0`0
        if (now == parent) continue;`FunctionDecl,true;ForStmt,false;IfStmt,false;`1`1`1`0`0`0`0`0`1`0`0`0`3`1`3`2`0`0`0`1`0`0`0`0`0`0`2`0`2`0`0`0`1`0`0`1`0`0
        if (!dfs2(node, now)) return false;`FunctionDecl,true;ForStmt,false;IfStmt,false;`1`1`1`0`0`0`0`0`1`0`0`0`3`1`7`2`1`0`0`1`0`0`0`0`0`0`3`0`3`0`1`1`0`1`0`1`0`0
    return true;`FunctionDecl,true;`1`1`0`0`0`0`0`0`0`0`0`0`1`1`1`0`1`0`0`0`0`0`0`0`0`0`0`0`0`0`0`0`0`0`0`0`0`0
bool process(int N)`FunctionDecl,false;`1`0`0`0`0`0`0`0`0`0`0`0`1`0`1`0`0`0`0`0`0`0`0`0`0`0`0`0`0`0`0`0`0`0`0`0`0`0
    int i,j,c,t=0,node,now;`FunctionDecl,false;`1`0`0`0`0`0`0`0`0`0`0`0`1`0`1`0`1`1`0`0`0`0`0`0`0`6`0`1`7`0`0`0`0`0`0`0`0`0
    bool f = true;`FunctionDecl,false;`1`0`0`0`0`0`0`0`0`0`0`0`1`0`1`0`1`0`0`0`0`0`0`0`0`1`0`1`2`0`0`0`0`0`0`0`0`0
    memset(vis, 0, sizeof(vis));`FunctionDecl,false;`1`0`0`0`0`0`0`0`0`0`0`0`1`0`1`2`1`1`0`0`0`0`0`0`0`0`3`0`3`0`0`1`0`0`0`0`0`0
    for (i=0; i<Cycle.size(); ++i) vis[Cycle[i]] = 1;`FunctionDecl,false;ForStmt,false;`1`0`1`0`0`0`0`0`0`0`0`0`2`0`2`7`2`2`0`0`1`0`0`0`1`0`8`0`8`0`0`0`3`1`0`4`1`0
    for (i=0; f && i<Cycle.size(); ++i)`FunctionDecl,false;ForStmt,false;`1`0`1`0`0`0`0`0`0`0`0`0`2`0`5`5`1`1`0`0`1`0`0`0`1`0`5`0`5`0`0`0`3`1`0`4`0`0
        node = Cycle[i];`FunctionDecl,false;ForStmt,false;`1`0`1`0`0`0`0`0`0`0`0`0`2`0`5`3`0`0`0`0`0`0`0`0`0`0`4`0`4`0`0`0`1`0`0`1`0`0
        c = 0;`FunctionDecl,false;ForStmt,false;`1`0`1`0`0`0`0`0`0`0`0`0`2`0`5`1`1`1`0`0`0`0`0`0`0`0`1`0`1`0`0`0`1`0`0`1`0`0
        for (j=0; f && j<V[node].size(); ++j)`FunctionDecl,false;ForStmt,false;ForStmt,false;`1`0`2`0`0`0`0`0`0`0`0`0`3`0`9`6`1`1`0`0`1`0`0`0`1`0`7`0`7`0`0`0`3`1`0`4`0`0
            now = V[node][j];`FunctionDecl,false;ForStmt,false;ForStmt,false;`1`0`2`0`0`0`0`0`0`0`0`0`3`0`9`4`0`0`0`0`0`0`0`0`0`0`6`0`6`0`0`0`1`0`0`1`0`0
            if (vis[now] == 1)`FunctionDecl,false;ForStmt,false;ForStmt,false;IfStmt,false;`1`0`2`0`0`0`0`0`1`0`0`0`4`0`10`2`1`1`0`1`0`0`0`0`0`0`2`0`2`0`0`0`1`0`0`1`1`0
                ++c;`FunctionDecl,false;ForStmt,false;ForStmt,false;IfStmt,false;`1`0`2`0`0`0`0`0`1`0`0`0`4`0`10`1`0`0`0`0`0`0`0`0`0`0`1`0`1`0`0`0`0`1`0`1`0`0
                continue;`FunctionDecl,false;ForStmt,false;ForStmt,false;IfStmt,false;`1`0`2`0`0`0`0`0`1`0`0`0`4`0`10`0`0`0`0`0`0`0`0`0`0`0`0`0`0`0`0`0`0`0`0`0`0`0
            if (vis[now] == 2) return false;`FunctionDecl,false;ForStmt,false;ForStmt,false;IfStmt,false;`1`0`2`0`0`0`0`0`1`0`0`0`4`0`11`2`2`1`0`1`0`0`0`0`0`0`2`0`2`0`0`0`1`0`0`1`1`0
            f &= dfs2(node, now);`FunctionDecl,false;ForStmt,false;ForStmt,false;`1`0`2`0`0`0`0`0`0`0`0`0`3`0`9`3`0`0`0`0`0`0`0`0`0`0`4`0`4`0`1`1`0`0`1`1`0`0
        if (c != 2) return false;`FunctionDecl,false;ForStmt,false;IfStmt,false;`1`0`1`0`0`0`0`0`1`0`0`0`3`0`7`1`2`1`0`1`0`0`0`0`0`0`1`0`1`0`0`0`1`0`0`1`0`0
    return f;`FunctionDecl,false;`1`0`0`0`0`0`0`0`0`0`0`0`1`0`1`1`0`0`0`0`0`0`0`0`0`0`1`0`1`0`0`0`0`0`0`0`0`1
int main()`FunctionDecl,false;`1`0`0`0`0`0`0`0`0`0`0`0`1`0`0`0`0`0`0`0`0`0`0`0`0`0`0`0`0`0`0`0`0`0`0`0`0`0
    int N,M,i,x,y;`FunctionDecl,false;`1`0`0`0`0`0`0`0`0`0`0`0`1`0`0`0`0`0`0`0`0`0`0`0`0`5`0`1`6`0`0`0`0`0`0`0`0`0
    while(scanf("%d %d", &N, &M) != EOF)`FunctionDecl,false;WhileStmt,false;`1`0`0`0`0`0`1`0`0`0`0`0`2`0`1`2`2`1`1`0`0`1`0`0`1`0`3`0`3`2`0`1`1`3`0`4`0`0
        for (i=1; i<=N; ++i) V[i].clear();`FunctionDecl,false;WhileStmt,false;ForStmt,false;`1`0`1`0`0`0`1`0`0`0`0`0`3`0`2`6`1`1`0`0`1`0`0`0`1`0`7`0`7`0`0`0`2`1`0`3`0`0
        while(M--)`FunctionDecl,false;WhileStmt,false;WhileStmt,false;`1`0`0`0`0`0`2`0`0`0`0`0`3`0`2`1`0`0`0`0`0`1`0`0`1`0`1`0`1`0`0`0`0`1`0`1`0`0
            scanf("%d %d", &x, &y);`FunctionDecl,false;WhileStmt,false;WhileStmt,false;`1`0`0`0`0`0`2`0`0`0`0`0`3`0`2`2`1`0`1`0`0`0`0`0`0`0`3`0`3`2`0`1`0`2`0`2`0`0
            V[x].push_back(y), V[y].push_back(x);`FunctionDecl,false;WhileStmt,false;WhileStmt,false;`1`0`0`0`0`0`2`0`0`0`0`0`3`0`2`6`0`0`0`0`0`0`0`0`0`0`8`0`8`0`0`0`1`0`0`1`0`0
        Cycle.clear();`FunctionDecl,false;WhileStmt,false;`1`0`0`0`0`0`1`0`0`0`0`0`2`0`1`1`0`0`0`0`0`0`0`0`0`0`1`0`1`0`0`0`0`0`0`0`0`0
        findCycle(N);`FunctionDecl,false;WhileStmt,false;`1`0`0`0`0`0`1`0`0`0`0`0`2`0`1`1`0`0`0`0`0`0`0`0`0`0`2`0`2`0`1`1`0`0`0`0`0`0
        if (Cycle.size()==0)`FunctionDecl,false;WhileStmt,false;IfStmt,false;`1`0`0`0`0`0`1`0`1`0`0`0`3`0`2`1`1`1`0`1`0`0`0`0`0`0`1`0`1`0`0`0`1`0`0`1`0`0
            puts("NO");`FunctionDecl,false;WhileStmt,false;IfStmt,false;`1`0`0`0`0`0`1`0`1`0`0`0`3`0`2`0`1`0`1`0`0`0`0`0`0`0`1`0`1`0`0`1`0`0`0`0`0`0
            continue;`FunctionDecl,false;WhileStmt,false;IfStmt,false;`1`0`0`0`0`0`1`0`1`0`0`0`3`0`2`0`0`0`0`0`0`0`0`0`0`0`0`0`0`0`0`0`0`0`0`0`0`0
        if (process(N)) puts("FHTAGN!");`FunctionDecl,false;WhileStmt,false;IfStmt,false;`1`0`0`0`0`0`1`0`1`0`0`0`3`0`4`1`1`0`1`1`0`0`0`0`0`0`3`0`3`0`1`2`0`0`0`0`0`0
        else puts("NO");`FunctionDecl,false;WhileStmt,false;IfStmt,false;`1`0`0`0`0`0`1`0`1`0`0`0`3`0`4`0`1`0`1`0`0`0`0`0`0`0`1`0`1`0`0`1`0`0`0`0`0`0
    return 0;`FunctionDecl,false;`1`0`0`0`0`0`0`0`0`0`0`0`1`0`0`0`0`0`0`0`0`0`0`0`0`0`0`0`0`0`0`0`0`0`0`0`0`0
