code`block`FunctionDecl`FunctionDeclRec`ForStmt`ForStmtRec`DoStmt`DoStmtRec`WhileStmt`WhileStmtRec`IfStmt`IfStmtRec`SwitchStmt`SwitchStmtRec`countBlocks`countBlocksRec`countCondition`countVariable`countLiteral`IntegerLiteral`StringLiteral`IfStmt`ForStmt`WhileStmt`DoStmt`SwitchStmt`countLoop`VarDecl`DeclRefExpr`DeclStmt`countDecl`countPointer`writeFunction`CallExpr`BinaryOperator`UnaryOperator`CompoundAssignOperator`countOperand`ArraySubscriptE`RealFaultLocation
int main () {`FunctionDecl,false;`1`0`0`0`0`0`0`0`0`0`0`0`1`0`0`0`0`0`0`0`0`0`0`0`0`0`0`0`0`0`0`0`0`0`0`0`0`0
    double d;`FunctionDecl,false;`1`0`0`0`0`0`0`0`0`0`0`0`1`0`0`0`0`0`0`0`0`0`0`0`0`1`0`1`2`0`0`0`0`0`0`0`0`0
    int n, m, total = 0; cin >> n >> m;`FunctionDecl,false;`1`0`0`0`0`0`0`0`0`0`0`0`1`0`0`3`1`1`0`0`0`0`0`0`0`3`5`1`9`0`0`0`0`0`0`0`0`1
    vector<int> plants(n), larger(n, 0), smaller(n, 0);  `FunctionDecl,false;`1`0`0`0`0`0`0`0`0`0`0`0`1`0`0`3`2`2`0`0`0`0`0`0`0`3`3`1`7`0`0`0`0`0`0`0`0`0
    for (int i = 0; i < n; i++) `FunctionDecl,false;ForStmt,false;`1`0`1`0`0`0`0`0`0`0`0`0`2`0`1`3`1`1`0`0`1`0`0`0`1`1`3`1`5`0`0`0`1`1`0`2`0`0
        cin >> plants[i] >> d;    `FunctionDecl,false;ForStmt,false;`1`0`1`0`0`0`0`0`0`0`0`0`2`0`1`4`0`0`0`0`0`0`0`0`0`0`7`0`7`0`0`0`0`0`0`0`0`0
    for (int i = 0; i < n; i++) {`FunctionDecl,false;ForStmt,false;`1`0`1`0`0`0`0`0`0`0`0`0`2`0`1`3`1`1`0`0`1`0`0`0`1`1`3`1`5`0`0`0`1`1`0`2`0`1
        for (int j = 0; j < i; j++)`FunctionDecl,false;ForStmt,false;ForStmt,false;`1`0`2`0`0`0`0`0`0`0`0`0`3`0`2`3`1`1`0`0`1`0`0`0`1`1`3`1`5`0`0`0`1`1`0`2`0`0
            if (plants[j] > plants[i]) larger[i]++, total++;    `FunctionDecl,false;ForStmt,false;ForStmt,false;IfStmt,false;`1`0`2`0`0`0`0`0`1`0`0`0`4`0`3`7`0`0`0`1`0`0`0`0`0`0`10`0`10`0`0`0`2`2`0`4`0`1
        for (int j = n - 1; j > i; j--)`FunctionDecl,false;ForStmt,false;ForStmt,false;`1`0`2`0`0`0`0`0`0`0`0`0`3`0`2`4`1`1`0`0`1`0`0`0`1`1`4`1`6`0`0`0`2`1`0`3`0`0
            if (plants[j] < plants[i]) smaller[i]++, total++;            `FunctionDecl,false;ForStmt,false;ForStmt,false;IfStmt,false;`1`0`2`0`0`0`0`0`1`0`0`0`4`0`3`7`0`0`0`1`0`0`0`0`0`0`10`0`10`0`0`0`2`2`0`4`0`0
    int result = 0;`FunctionDecl,false;`1`0`0`0`0`0`0`0`0`0`0`0`1`0`0`0`1`1`0`0`0`0`0`0`0`1`0`1`2`0`0`0`0`0`0`0`0`0
    while (1) {`FunctionDecl,false;WhileStmt,false;`1`0`0`0`0`0`1`0`0`0`0`0`2`0`1`0`1`1`0`0`0`1`0`0`1`0`0`0`0`0`0`0`0`0`0`0`0`0
        int max = 0, max_i = 0;`FunctionDecl,false;WhileStmt,false;`1`0`0`0`0`0`1`0`0`0`0`0`2`0`1`0`2`2`0`0`0`0`0`0`0`2`0`1`3`0`0`0`0`0`0`0`0`0
        for (int i = 0; i < n; i++)`FunctionDecl,false;WhileStmt,false;ForStmt,false;`1`0`1`0`0`0`1`0`0`0`0`0`3`0`2`3`1`1`0`0`1`0`0`0`1`1`3`1`5`0`0`0`1`1`0`2`0`0
            if (max < larger[i] + smaller[i]) `FunctionDecl,false;WhileStmt,false;ForStmt,false;IfStmt,false;`1`0`1`0`0`0`1`0`1`0`0`0`4`0`3`5`0`0`0`1`0`0`0`0`0`0`7`0`7`0`0`0`2`0`0`2`0`0
                max = larger[i] + smaller[i], max_i = i;    `FunctionDecl,false;WhileStmt,false;ForStmt,false;IfStmt,false;`1`0`1`0`0`0`1`0`1`0`0`0`4`0`3`7`0`0`0`0`0`0`0`0`0`0`9`0`9`0`0`0`4`0`0`4`0`0
        for (int i = 0; i < n; i++)`FunctionDecl,false;WhileStmt,false;ForStmt,false;`1`0`1`0`0`0`1`0`0`0`0`0`3`0`2`3`1`1`0`0`1`0`0`0`1`1`3`1`5`0`0`0`1`1`0`2`0`0
            if (i < max_i && plants[i] > plants[max_i] &&`FunctionDecl,false;WhileStmt,false;ForStmt,false;IfStmt,false;`1`0`1`0`0`0`1`0`1`0`0`0`4`0`6`6`0`0`0`1`0`0`0`0`0`0`8`0`8`0`0`0`4`0`0`4`0`0
               smaller[i]) smaller[i]--;`FunctionDecl,false;WhileStmt,false;ForStmt,false;IfStmt,false;`1`0`1`0`0`0`1`0`1`0`0`0`4`0`6`4`0`0`0`0`0`0`0`0`0`0`6`0`6`0`0`0`0`1`0`1`0`0
            else if (i > max_i && plants[i] < plants[max_i] &&`FunctionDecl,false;WhileStmt,false;ForStmt,false;IfStmt,false;IfStmt,false;`1`0`1`0`0`0`1`0`2`0`0`0`5`0`10`6`0`0`0`1`0`0`0`0`0`0`8`0`8`0`0`0`4`0`0`4`0`0
               larger[i]) larger[i]--;           `FunctionDecl,false;WhileStmt,false;ForStmt,false;IfStmt,false;IfStmt,false;`1`0`1`0`0`0`1`0`2`0`0`0`5`0`10`4`0`0`0`0`0`0`0`0`0`0`6`0`6`0`0`0`0`1`0`1`0`0
        if (max == 0) break;`FunctionDecl,false;WhileStmt,false;IfStmt,false;`1`0`0`0`0`0`1`0`1`0`0`0`3`0`2`1`1`1`0`1`0`0`0`0`0`0`1`0`1`0`0`0`1`0`0`1`0`0
        larger[max_i] = smaller[max_i] = 0;`FunctionDecl,false;WhileStmt,false;`1`0`0`0`0`0`1`0`0`0`0`0`2`0`1`4`1`1`0`0`0`0`0`0`0`0`6`0`6`0`0`0`2`0`0`2`0`0
        result++;`FunctionDecl,false;WhileStmt,false;`1`0`0`0`0`0`1`0`0`0`0`0`2`0`1`1`0`0`0`0`0`0`0`0`0`0`1`0`1`0`0`0`0`1`0`1`0`0
    cout << result;`FunctionDecl,false;`1`0`0`0`0`0`0`0`0`0`0`0`1`0`0`2`0`0`0`0`0`0`0`0`0`0`3`0`3`0`0`0`0`0`0`0`0`0
    return 0;`FunctionDecl,false;`1`0`0`0`0`0`0`0`0`0`0`0`1`0`0`0`0`0`0`0`0`0`0`0`0`0`0`0`0`0`0`0`0`0`0`0`0`0
