code`block`FunctionDecl`FunctionDeclRec`ForStmt`ForStmtRec`DoStmt`DoStmtRec`WhileStmt`WhileStmtRec`IfStmt`IfStmtRec`SwitchStmt`SwitchStmtRec`countBlocks`countBlocksRec`countCondition`countVariable`countLiteral`IntegerLiteral`StringLiteral`IfStmt`ForStmt`WhileStmt`DoStmt`SwitchStmt`countLoop`VarDecl`DeclRefExpr`DeclStmt`countDecl`countPointer`writeFunction`CallExpr`BinaryOperator`UnaryOperator`CompoundAssignOperator`countOperand`ArraySubscriptE`RealFaultLocation
int main()`FunctionDecl,false;`1`0`0`0`0`0`0`0`0`0`0`0`1`0`0`0`0`0`0`0`0`0`0`0`0`0`0`0`0`0`0`0`0`0`0`0`0`0
    int i,len;`FunctionDecl,false;`1`0`0`0`0`0`0`0`0`0`0`0`1`0`0`0`0`0`0`0`0`0`0`0`0`2`0`1`3`0`0`0`0`0`0`0`0`0
    while(gets(s))`FunctionDecl,false;WhileStmt,false;`1`0`0`0`0`0`1`0`0`0`0`0`2`0`1`1`0`0`0`0`0`1`0`0`1`0`2`0`2`0`0`1`0`0`0`0`0`0
        len=strlen(s);`FunctionDecl,false;WhileStmt,false;`1`0`0`0`0`0`1`0`0`0`0`0`2`0`1`2`0`0`0`0`0`0`0`0`0`0`3`0`3`0`0`1`1`0`0`1`0`0
        for(i=0; i<len; i++)`FunctionDecl,false;WhileStmt,false;ForStmt,false;`1`0`1`0`0`0`1`0`0`0`0`0`3`0`2`4`1`1`0`0`1`0`0`0`1`0`4`0`4`0`0`0`2`1`0`3`0`0
            if(s[i]=='.')`FunctionDecl,false;WhileStmt,false;ForStmt,false;IfStmt,false;`1`0`1`0`0`0`1`0`1`0`0`0`4`0`3`2`1`0`0`1`0`0`0`0`0`0`2`0`2`0`0`0`1`0`0`1`1`0
                if(i>18)`FunctionDecl,false;WhileStmt,false;ForStmt,false;IfStmt,false;IfStmt,false;`1`0`1`0`0`0`1`0`2`0`0`0`5`0`4`1`1`1`0`1`0`0`0`0`0`0`1`0`1`0`0`0`1`0`0`1`0`1
                    for(int o=0; o<=17; o++)`FunctionDecl,false;WhileStmt,false;ForStmt,false;IfStmt,false;IfStmt,false;ForStmt,false;`1`0`2`0`0`0`1`0`2`0`0`0`6`0`5`2`2`2`0`0`1`0`0`0`1`1`2`1`4`0`0`0`1`1`0`2`0`0
                        printf("%c",s[o]);`FunctionDecl,false;WhileStmt,false;ForStmt,false;IfStmt,false;IfStmt,false;ForStmt,false;`1`0`2`0`0`0`1`0`2`0`0`0`6`0`5`2`1`0`1`0`0`0`0`0`0`0`3`0`3`0`0`1`0`0`0`0`1`0
                    printf("\n");`FunctionDecl,false;WhileStmt,false;ForStmt,false;IfStmt,false;IfStmt,false;`1`0`1`0`0`0`1`0`2`0`0`0`5`0`4`0`1`0`1`0`0`0`0`0`0`0`1`0`1`0`0`1`0`0`0`0`0`0
                    return 0;`FunctionDecl,false;WhileStmt,false;ForStmt,false;IfStmt,false;IfStmt,false;`1`0`1`0`0`0`1`0`2`0`0`0`5`0`4`0`1`1`0`0`0`0`0`0`0`0`0`0`0`0`0`0`0`0`0`0`0`0
                if(s[i-1]==9)`FunctionDecl,false;WhileStmt,false;ForStmt,false;IfStmt,false;IfStmt,false;`1`0`1`0`0`0`1`0`2`0`0`0`5`0`4`2`2`2`0`1`0`0`0`0`0`0`2`0`2`0`0`0`2`0`0`2`1`1
                    puts("GOTO Vasilisa.");`FunctionDecl,false;WhileStmt,false;ForStmt,false;IfStmt,false;IfStmt,false;`1`0`1`0`0`0`1`0`2`0`0`0`5`0`4`0`1`0`1`0`0`0`0`0`0`0`1`0`1`0`0`1`0`0`0`0`0`0
                    return 0;`FunctionDecl,false;WhileStmt,false;ForStmt,false;IfStmt,false;IfStmt,false;`1`0`1`0`0`0`1`0`2`0`0`0`5`0`4`0`1`1`0`0`0`0`0`0`0`0`0`0`0`0`0`0`0`0`0`0`0`0
                    if(s[i+1]>='5')`FunctionDecl,false;WhileStmt,false;ForStmt,false;IfStmt,false;IfStmt,false;IfStmt,false;`1`0`1`0`0`0`1`0`3`0`0`0`6`0`5`2`2`1`0`1`0`0`0`0`0`0`2`0`2`0`0`0`2`0`0`2`1`0
                        s[i-1]+=1;`FunctionDecl,false;WhileStmt,false;ForStmt,false;IfStmt,false;IfStmt,false;IfStmt,false;`1`0`1`0`0`0`1`0`3`0`0`0`6`0`5`2`2`2`0`0`0`0`0`0`0`0`2`0`2`0`0`0`1`0`1`2`1`0
                        for(int k=0; k<i; k++)`FunctionDecl,false;WhileStmt,false;ForStmt,false;IfStmt,false;IfStmt,false;IfStmt,false;ForStmt,false;`1`0`2`0`0`0`1`0`3`0`0`0`7`0`6`3`1`1`0`0`1`0`0`0`1`1`3`1`5`0`0`0`1`1`0`2`0`0
                            printf("%c",s[k]);`FunctionDecl,false;WhileStmt,false;ForStmt,false;IfStmt,false;IfStmt,false;IfStmt,false;ForStmt,false;`1`0`2`0`0`0`1`0`3`0`0`0`7`0`6`2`1`0`1`0`0`0`0`0`0`0`3`0`3`0`0`1`0`0`0`0`1`0
                        printf("\n");`FunctionDecl,false;WhileStmt,false;ForStmt,false;IfStmt,false;IfStmt,false;IfStmt,false;`1`0`1`0`0`0`1`0`3`0`0`0`6`0`5`0`1`0`1`0`0`0`0`0`0`0`1`0`1`0`0`1`0`0`0`0`0`0
                        return 0;`FunctionDecl,false;WhileStmt,false;ForStmt,false;IfStmt,false;IfStmt,false;IfStmt,false;`1`0`1`0`0`0`1`0`3`0`0`0`6`0`5`0`1`1`0`0`0`0`0`0`0`0`0`0`0`0`0`0`0`0`0`0`0`0
                       for(int q=0; q<i; q++)`FunctionDecl,false;WhileStmt,false;ForStmt,false;IfStmt,false;IfStmt,false;IfStmt,false;ForStmt,false;`1`0`2`0`0`0`1`0`3`0`0`0`7`0`6`3`1`1`0`0`1`0`0`0`1`1`3`1`5`0`0`0`1`1`0`2`0`0
                            printf("%c",s[q]);`FunctionDecl,false;WhileStmt,false;ForStmt,false;IfStmt,false;IfStmt,false;IfStmt,false;ForStmt,false;`1`0`2`0`0`0`1`0`3`0`0`0`7`0`6`2`1`0`1`0`0`0`0`0`0`0`3`0`3`0`0`1`0`0`0`0`1`0
                        printf("\n");`FunctionDecl,false;WhileStmt,false;ForStmt,false;IfStmt,false;IfStmt,false;IfStmt,false;`1`0`1`0`0`0`1`0`3`0`0`0`6`0`5`0`1`0`1`0`0`0`0`0`0`0`1`0`1`0`0`1`0`0`0`0`0`0
                        return 0;`FunctionDecl,false;WhileStmt,false;ForStmt,false;IfStmt,false;IfStmt,false;IfStmt,false;`1`0`1`0`0`0`1`0`3`0`0`0`6`0`5`0`1`1`0`0`0`0`0`0`0`0`0`0`0`0`0`0`0`0`0`0`0`0
    return 0;`FunctionDecl,false;`1`0`0`0`0`0`0`0`0`0`0`0`1`0`0`0`0`0`0`0`0`0`0`0`0`0`0`0`0`0`0`0`0`0`0`0`0`0
