code`block`FunctionDecl`FunctionDeclRec`ForStmt`ForStmtRec`DoStmt`DoStmtRec`WhileStmt`WhileStmtRec`IfStmt`IfStmtRec`SwitchStmt`SwitchStmtRec`countBlocks`countBlocksRec`countCondition`countVariable`countLiteral`IntegerLiteral`StringLiteral`IfStmt`ForStmt`WhileStmt`DoStmt`SwitchStmt`countLoop`VarDecl`DeclRefExpr`DeclStmt`countDecl`countPointer`writeFunction`CallExpr`BinaryOperator`UnaryOperator`CompoundAssignOperator`countOperand`ArraySubscriptE`RealFaultLocation
int main ()`FunctionDecl,false;`1`0`0`0`0`0`0`0`0`0`0`0`1`0`0`0`0`0`0`0`0`0`0`0`0`0`0`0`0`0`0`0`0`0`0`0`0`0
int a , b[10] , count = 0 , aa , l = 0 ; `FunctionDecl,false;`1`0`0`0`0`0`0`0`0`0`0`0`1`0`0`0`2`2`0`0`0`0`0`0`0`5`0`1`6`0`0`0`0`0`0`0`0`1
cin>>a ;`FunctionDecl,false;`1`0`0`0`0`0`0`0`0`0`0`0`1`0`0`2`0`0`0`0`0`0`0`0`0`0`3`0`3`0`0`0`0`0`0`0`0`0
for (int i = 1 ; i<= a ; i++ )`FunctionDecl,false;ForStmt,false;`1`0`1`0`0`0`0`0`0`0`0`0`2`0`1`3`1`1`0`0`1`0`0`0`1`1`3`1`5`0`0`0`1`1`0`2`0`0
{if(a%2 != 0 && a!=1)`FunctionDecl,false;ForStmt,false;IfStmt,false;`1`0`1`0`0`0`0`0`1`0`0`0`3`0`4`2`3`3`0`1`0`0`0`0`0`0`2`0`2`0`0`0`4`0`0`4`0`1
{   cin>>b[i] ;`FunctionDecl,false;ForStmt,false;IfStmt,false;`1`0`1`0`0`0`0`0`1`0`0`0`3`0`4`3`0`0`0`0`0`0`0`0`0`0`4`0`4`0`0`0`0`0`0`0`1`0
cout<<-1 ;`FunctionDecl,false;ForStmt,false;IfStmt,false;`1`0`1`0`0`0`0`0`1`0`0`0`3`0`4`1`1`1`0`0`0`0`0`0`0`0`2`0`2`0`0`0`0`1`0`1`0`1
l = 1 ;`FunctionDecl,false;ForStmt,false;IfStmt,false;`1`0`1`0`0`0`0`0`1`0`0`0`3`0`4`1`1`1`0`0`0`0`0`0`0`0`1`0`1`0`0`0`1`0`0`1`0`1
break ;`FunctionDecl,false;ForStmt,false;IfStmt,false;`1`0`1`0`0`0`0`0`1`0`0`0`3`0`4`0`0`0`0`0`0`0`0`0`0`0`0`0`0`0`0`0`0`0`0`0`0`0
    cin>>b[i] ;`FunctionDecl,false;ForStmt,false;`1`0`1`0`0`0`0`0`0`0`0`0`2`0`1`3`0`0`0`0`0`0`0`0`0`0`4`0`4`0`0`0`0`0`0`0`1`0
    if(b[i]!=0)`FunctionDecl,false;ForStmt,false;IfStmt,false;`1`0`1`0`0`0`0`0`1`0`0`0`3`0`2`2`1`1`0`1`0`0`0`0`0`0`2`0`2`0`0`0`1`0`0`1`1`0
    {for (int j = i - 1 ; j>= 1 ; j--)`FunctionDecl,false;ForStmt,false;IfStmt,false;ForStmt,false;`1`0`2`0`0`0`0`0`1`0`0`0`4`0`3`3`2`2`0`0`1`0`0`0`1`1`3`1`5`0`0`0`2`1`0`3`0`0
    if (b[j] == b[i])`FunctionDecl,false;ForStmt,false;IfStmt,false;ForStmt,false;IfStmt,false;`1`0`2`0`0`0`0`0`2`0`0`0`5`0`4`4`0`0`0`1`0`0`0`0`0`0`4`0`4`0`0`0`1`0`0`1`2`0
    {b[j] = b[i] = 0 ;`FunctionDecl,false;ForStmt,false;IfStmt,false;ForStmt,false;IfStmt,false;`1`0`2`0`0`0`0`0`2`0`0`0`5`0`4`4`1`1`0`0`0`0`0`0`0`0`4`0`4`0`0`0`2`0`0`2`2`1
    count++ ;`FunctionDecl,false;ForStmt,false;IfStmt,false;ForStmt,false;IfStmt,false;`1`0`2`0`0`0`0`0`2`0`0`0`5`0`4`1`0`0`0`0`0`0`0`0`0`0`1`0`1`0`0`0`0`1`0`1`0`0
    break ;`FunctionDecl,false;ForStmt,false;IfStmt,false;ForStmt,false;IfStmt,false;`1`0`2`0`0`0`0`0`2`0`0`0`5`0`4`0`0`0`0`0`0`0`0`0`0`0`0`0`0`0`0`0`0`0`0`0`0`0
    if (l != 1 )`FunctionDecl,false;IfStmt,false;`1`0`0`0`0`0`0`0`1`0`0`0`2`0`1`1`1`1`0`1`0`0`0`0`0`0`1`0`1`0`0`0`1`0`0`1`0`1
if (count == 0 )`FunctionDecl,false;IfStmt,false;IfStmt,false;`1`0`0`0`0`0`0`0`2`0`0`0`3`0`2`1`1`1`0`1`0`0`0`0`0`0`1`0`1`0`0`0`1`0`0`1`0`0
cout<<0 ;`FunctionDecl,false;IfStmt,false;IfStmt,false;`1`0`0`0`0`0`0`0`2`0`0`0`3`0`2`1`1`1`0`0`0`0`0`0`0`0`2`0`2`0`0`0`0`0`0`0`0`0
aa = count/2 ;`FunctionDecl,false;IfStmt,false;IfStmt,false;`1`0`0`0`0`0`0`0`2`0`0`0`3`0`2`2`1`1`0`0`0`0`0`0`0`0`2`0`2`0`0`0`2`0`0`2`0`1
cout<<count ;`FunctionDecl,false;IfStmt,false;IfStmt,false;`1`0`0`0`0`0`0`0`2`0`0`0`3`0`2`2`0`0`0`0`0`0`0`0`0`0`3`0`3`0`0`0`0`0`0`0`0`0
return 0 ;`FunctionDecl,false;`1`0`0`0`0`0`0`0`0`0`0`0`1`0`0`0`0`0`0`0`0`0`0`0`0`0`0`0`0`0`0`0`0`0`0`0`0`1
