code`block`FunctionDecl`FunctionDeclRec`ForStmt`ForStmtRec`DoStmt`DoStmtRec`WhileStmt`WhileStmtRec`IfStmt`IfStmtRec`SwitchStmt`SwitchStmtRec`countBlocks`countBlocksRec`countCondition`countVariable`countLiteral`IntegerLiteral`StringLiteral`IfStmt`ForStmt`WhileStmt`DoStmt`SwitchStmt`countLoop`VarDecl`DeclRefExpr`DeclStmt`countDecl`countPointer`writeFunction`CallExpr`BinaryOperator`UnaryOperator`CompoundAssignOperator`countOperand`ArraySubscriptE`RealFaultLocation
int main()`FunctionDecl,false;`1`0`0`0`0`0`0`0`0`0`0`0`1`0`0`0`0`0`0`0`0`0`0`0`0`0`0`0`0`0`0`0`0`0`0`0`0`1
    int i,j,k,t,r;`FunctionDecl,false;`1`0`0`0`0`0`0`0`0`0`0`0`1`0`0`0`0`0`0`0`0`0`0`0`0`5`0`1`6`0`0`0`0`0`0`0`0`1
    int m_max=0;`FunctionDecl,false;`1`0`0`0`0`0`0`0`0`0`0`0`1`0`0`0`1`1`0`0`0`0`0`0`0`1`0`1`2`0`0`0`0`0`0`0`0`0
    scanf("%s",s);`FunctionDecl,false;`1`0`0`0`0`0`0`0`0`0`0`0`1`0`0`1`1`0`1`0`0`0`0`0`0`0`2`0`2`0`0`1`0`0`0`0`0`0
    int len=strlen(s);`FunctionDecl,false;`1`0`0`0`0`0`0`0`0`0`0`0`1`0`0`1`0`0`0`0`0`0`0`0`0`1`2`1`4`0`0`1`0`0`0`0`0`0
    for(i=0;i<len;i++)`FunctionDecl,false;ForStmt,false;`1`0`1`0`0`0`0`0`0`0`0`0`2`0`1`4`1`1`0`0`1`0`0`0`1`0`4`0`4`0`0`0`2`1`0`3`0`0
        for(j=i+1;j<len;j++)`FunctionDecl,false;ForStmt,false;ForStmt,false;`1`0`2`0`0`0`0`0`0`0`0`0`3`0`2`5`1`1`0`0`1`0`0`0`1`0`5`0`5`0`0`0`3`1`0`4`0`0
            int lsu=0;`FunctionDecl,false;ForStmt,false;ForStmt,false;`1`0`2`0`0`0`0`0`0`0`0`0`3`0`2`0`1`1`0`0`0`0`0`0`0`1`0`1`2`0`0`0`0`0`0`0`0`0
            for(k=i;k<=j;k++)`FunctionDecl,false;ForStmt,false;ForStmt,false;ForStmt,false;`1`0`3`0`0`0`0`0`0`0`0`0`4`0`3`5`0`0`0`0`1`0`0`0`1`0`5`0`5`0`0`0`2`1`0`3`0`0
                sub[lsu++]=s[k];`FunctionDecl,false;ForStmt,false;ForStmt,false;ForStmt,false;`1`0`3`0`0`0`0`0`0`0`0`0`4`0`3`4`0`0`0`0`0`0`0`0`0`0`4`0`4`0`0`0`1`1`0`2`2`0
            int ci=0;`FunctionDecl,false;ForStmt,false;ForStmt,false;`1`0`2`0`0`0`0`0`0`0`0`0`3`0`2`0`1`1`0`0`0`0`0`0`0`1`0`1`2`0`0`0`0`0`0`0`0`0
            for(r=0;r<len;r++)`FunctionDecl,false;ForStmt,false;ForStmt,false;ForStmt,false;`1`0`3`0`0`0`0`0`0`0`0`0`4`0`3`4`1`1`0`0`1`0`0`0`1`0`4`0`4`0`0`0`2`1`0`3`0`0
                int lte=0;`FunctionDecl,false;ForStmt,false;ForStmt,false;ForStmt,false;`1`0`3`0`0`0`0`0`0`0`0`0`4`0`3`0`1`1`0`0`0`0`0`0`0`1`0`1`2`0`0`0`0`0`0`0`0`0
                for(t=r;t<r+lsu&&t<len;t++)`FunctionDecl,false;ForStmt,false;ForStmt,false;ForStmt,false;ForStmt,false;`1`0`4`0`0`0`0`0`0`0`0`0`5`0`6`8`0`0`0`0`1`0`0`0`1`0`8`0`8`0`0`0`5`1`0`6`0`0
                    test[lte++]=s[t];`FunctionDecl,false;ForStmt,false;ForStmt,false;ForStmt,false;ForStmt,false;`1`0`4`0`0`0`0`0`0`0`0`0`5`0`6`4`0`0`0`0`0`0`0`0`0`0`4`0`4`0`0`0`1`1`0`2`2`0
                if(strcmp(test,sub)==0)`FunctionDecl,false;ForStmt,false;ForStmt,false;ForStmt,false;IfStmt,false;`1`0`3`0`0`0`0`0`1`0`0`0`5`0`4`2`1`1`0`1`0`0`0`0`0`0`3`0`3`0`0`1`1`0`0`1`0`0
                    ci++;`FunctionDecl,false;ForStmt,false;ForStmt,false;ForStmt,false;IfStmt,false;`1`0`3`0`0`0`0`0`1`0`0`0`5`0`4`1`0`0`0`0`0`0`0`0`0`0`1`0`1`0`0`0`0`1`0`1`0`0
                    if(ci==2)`FunctionDecl,false;ForStmt,false;ForStmt,false;ForStmt,false;IfStmt,false;IfStmt,false;`1`0`3`0`0`0`0`0`2`0`0`0`6`0`5`1`1`1`0`1`0`0`0`0`0`0`1`0`1`0`0`0`1`0`0`1`0`0
                        if(m_max<lte)`FunctionDecl,false;ForStmt,false;ForStmt,false;ForStmt,false;IfStmt,false;IfStmt,false;IfStmt,false;`1`0`3`0`0`0`0`0`3`0`0`0`7`0`6`2`0`0`0`1`0`0`0`0`0`0`2`0`2`0`0`0`1`0`0`1`0`0
                            m_max=lte;`FunctionDecl,false;ForStmt,false;ForStmt,false;ForStmt,false;IfStmt,false;IfStmt,false;IfStmt,false;`1`0`3`0`0`0`0`0`3`0`0`0`7`0`6`2`0`0`0`0`0`0`0`0`0`0`2`0`2`0`0`0`1`0`0`1`0`0
                        break;`FunctionDecl,false;ForStmt,false;ForStmt,false;ForStmt,false;IfStmt,false;IfStmt,false;`1`0`3`0`0`0`0`0`2`0`0`0`6`0`5`0`0`0`0`0`0`0`0`0`0`0`0`0`0`0`0`0`0`0`0`0`0`0
    cout<<m_max<<endl;`FunctionDecl,false;`1`0`0`0`0`0`0`0`0`0`0`0`1`0`0`2`0`0`0`0`0`0`0`0`0`0`5`0`5`0`0`0`0`0`0`0`0`0
    return 0;`FunctionDecl,false;`1`0`0`0`0`0`0`0`0`0`0`0`1`0`0`0`0`0`0`0`0`0`0`0`0`0`0`0`0`0`0`0`0`0`0`0`0`0
