code`block`FunctionDecl`FunctionDeclRec`ForStmt`ForStmtRec`DoStmt`DoStmtRec`WhileStmt`WhileStmtRec`IfStmt`IfStmtRec`SwitchStmt`SwitchStmtRec`countBlocks`countBlocksRec`countCondition`countVariable`countLiteral`IntegerLiteral`StringLiteral`IfStmt`ForStmt`WhileStmt`DoStmt`SwitchStmt`countLoop`VarDecl`DeclRefExpr`DeclStmt`countDecl`countPointer`writeFunction`CallExpr`BinaryOperator`UnaryOperator`CompoundAssignOperator`countOperand`ArraySubscriptE`RealFaultLocation
    return x>y;`FunctionDecl,false;`1`0`0`0`0`0`0`0`0`0`0`0`1`0`0`2`0`0`0`0`0`0`0`0`0`0`2`0`2`0`0`0`1`0`0`1`0`1
int main()`FunctionDecl,false;`1`0`0`0`0`0`0`0`0`0`0`0`1`0`0`0`0`0`0`0`0`0`0`0`0`0`0`0`0`0`0`0`0`0`0`0`0`1
    char s[110],a[110];`FunctionDecl,false;`1`0`0`0`0`0`0`0`0`0`0`0`1`0`0`0`0`0`0`0`0`0`0`0`0`2`0`1`3`0`0`0`0`0`0`0`0`1
    scanf("%s",s);`FunctionDecl,false;`1`0`0`0`0`0`0`0`0`0`0`0`1`0`0`1`1`0`1`0`0`0`0`0`0`0`2`0`2`0`0`1`0`0`0`0`0`0
    int c,l[110];`FunctionDecl,false;`1`0`0`0`0`0`0`0`0`0`0`0`1`0`0`0`0`0`0`0`0`0`0`0`0`2`0`1`3`0`0`0`0`0`0`0`0`1
    memset(l,0,sizeof l);`FunctionDecl,false;`1`0`0`0`0`0`0`0`0`0`0`0`1`0`0`2`1`1`0`0`0`0`0`0`0`0`3`0`3`0`0`1`0`0`0`0`0`0
    c=strlen(s);`FunctionDecl,false;`1`0`0`0`0`0`0`0`0`0`0`0`1`0`0`2`0`0`0`0`0`0`0`0`0`0`3`0`3`0`0`1`1`0`0`1`0`0
    int x,z=0,t,q,m,p;`FunctionDecl,false;`1`0`0`0`0`0`0`0`0`0`0`0`1`0`0`0`1`1`0`0`0`0`0`0`0`6`0`1`7`0`0`0`0`0`0`0`0`0
    for(int i=0;i<c;i++)`FunctionDecl,false;ForStmt,false;`1`0`1`0`0`0`0`0`0`0`0`0`2`0`1`3`1`1`0`0`1`0`0`0`1`1`3`1`5`0`0`0`1`1`0`2`0`0
       for(int j=0;j+i<c;j++)`FunctionDecl,false;ForStmt,false;ForStmt,false;`1`0`2`0`0`0`0`0`0`0`0`0`3`0`2`4`1`1`0`0`1`0`0`0`1`1`4`1`6`0`0`0`2`1`0`3`0`0
            t=0;`FunctionDecl,false;ForStmt,false;ForStmt,false;`1`0`2`0`0`0`0`0`0`0`0`0`3`0`2`1`1`1`0`0`0`0`0`0`0`0`1`0`1`0`0`0`1`0`0`1`0`0
            for(m=i;m<=j+i;m++)`FunctionDecl,false;ForStmt,false;ForStmt,false;ForStmt,false;`1`0`3`0`0`0`0`0`0`0`0`0`4`0`3`6`0`0`0`0`1`0`0`0`1`0`6`0`6`0`0`0`3`1`0`4`0`0
                a[m]=s[m];`FunctionDecl,false;ForStmt,false;ForStmt,false;ForStmt,false;`1`0`3`0`0`0`0`0`0`0`0`0`4`0`3`4`0`0`0`0`0`0`0`0`0`0`4`0`4`0`0`0`1`0`0`1`2`0
                p=m;`FunctionDecl,false;ForStmt,false;ForStmt,false;ForStmt,false;`1`0`3`0`0`0`0`0`0`0`0`0`4`0`3`2`0`0`0`0`0`0`0`0`0`0`2`0`2`0`0`0`1`0`0`1`0`0
            for(int k=0;k<c-p+1;k++)`FunctionDecl,false;ForStmt,false;ForStmt,false;ForStmt,false;`1`0`3`0`0`0`0`0`0`0`0`0`4`0`3`4`2`2`0`0`1`0`0`0`1`1`4`1`6`0`0`0`3`1`0`4`0`0
                int x=1;`FunctionDecl,false;ForStmt,false;ForStmt,false;ForStmt,false;`1`0`3`0`0`0`0`0`0`0`0`0`4`0`3`0`1`1`0`0`0`0`0`0`0`1`0`1`2`0`0`0`0`0`0`0`0`0
                for(int n=k;n<k+p;n++)`FunctionDecl,false;ForStmt,false;ForStmt,false;ForStmt,false;ForStmt,false;`1`0`4`0`0`0`0`0`0`0`0`0`5`0`4`5`0`0`0`0`1`0`0`0`1`1`5`1`7`0`0`0`2`1`0`3`0`0
                    if(a[n-k]!=s[n])`FunctionDecl,false;ForStmt,false;ForStmt,false;ForStmt,false;ForStmt,false;IfStmt,false;`1`0`4`0`0`0`0`0`1`0`0`0`6`0`5`5`0`0`0`1`0`0`0`0`0`0`5`0`5`0`0`0`2`0`0`2`2`0
                        x=0;`FunctionDecl,false;ForStmt,false;ForStmt,false;ForStmt,false;ForStmt,false;IfStmt,false;`1`0`4`0`0`0`0`0`1`0`0`0`6`0`5`1`1`1`0`0`0`0`0`0`0`0`1`0`1`0`0`0`1`0`0`1`0`0
                        break;`FunctionDecl,false;ForStmt,false;ForStmt,false;ForStmt,false;ForStmt,false;IfStmt,false;`1`0`4`0`0`0`0`0`1`0`0`0`6`0`5`0`0`0`0`0`0`0`0`0`0`0`0`0`0`0`0`0`0`0`0`0`0`0
                if(x)    t++;`FunctionDecl,false;ForStmt,false;ForStmt,false;ForStmt,false;IfStmt,false;`1`0`3`0`0`0`0`0`1`0`0`0`5`0`4`2`0`0`0`1`0`0`0`0`0`0`2`0`2`0`0`0`0`1`0`1`0`1
                if(t==2)    break;`FunctionDecl,false;ForStmt,false;ForStmt,false;ForStmt,false;IfStmt,false;`1`0`3`0`0`0`0`0`1`0`0`0`5`0`4`1`1`1`0`1`0`0`0`0`0`0`1`0`1`0`0`0`1`0`0`1`0`0
            if(t>1)`FunctionDecl,false;ForStmt,false;ForStmt,false;IfStmt,false;`1`0`2`0`0`0`0`0`1`0`0`0`4`0`3`1`1`1`0`1`0`0`0`0`0`0`1`0`1`0`0`0`1`0`0`1`0`0
                if(p>z)`FunctionDecl,false;ForStmt,false;ForStmt,false;IfStmt,false;IfStmt,false;`1`0`2`0`0`0`0`0`2`0`0`0`5`0`4`2`0`0`0`1`0`0`0`0`0`0`2`0`2`0`0`0`1`0`0`1`0`0
                z=p;`FunctionDecl,false;ForStmt,false;ForStmt,false;IfStmt,false;IfStmt,false;`1`0`2`0`0`0`0`0`2`0`0`0`5`0`4`2`0`0`0`0`0`0`0`0`0`0`2`0`2`0`0`0`1`0`0`1`0`0
    cout<<z<<endl;`FunctionDecl,false;`1`0`0`0`0`0`0`0`0`0`0`0`1`0`0`2`0`0`0`0`0`0`0`0`0`0`5`0`5`0`0`0`0`0`0`0`0`0
    return 0;`FunctionDecl,false;`1`0`0`0`0`0`0`0`0`0`0`0`1`0`0`0`0`0`0`0`0`0`0`0`0`0`0`0`0`0`0`0`0`0`0`0`0`0
