code`block`FunctionDecl`FunctionDeclRec`ForStmt`ForStmtRec`DoStmt`DoStmtRec`WhileStmt`WhileStmtRec`IfStmt`IfStmtRec`SwitchStmt`SwitchStmtRec`countBlocks`countBlocksRec`countCondition`countVariable`countLiteral`IntegerLiteral`StringLiteral`IfStmt`ForStmt`WhileStmt`DoStmt`SwitchStmt`countLoop`VarDecl`DeclRefExpr`DeclStmt`countDecl`countPointer`writeFunction`CallExpr`BinaryOperator`UnaryOperator`CompoundAssignOperator`countOperand`ArraySubscriptE`RealFaultLocation
    int i,j,max=0,len,k,num,l,can;`FunctionDecl,false;`1`0`0`0`0`0`0`0`0`0`0`0`1`0`0`0`1`1`0`0`0`0`0`0`0`8`0`1`9`0`0`0`0`0`0`0`0`0
    char a[105],b[105],find[105];`FunctionDecl,false;`1`0`0`0`0`0`0`0`0`0`0`0`1`0`0`0`0`0`0`0`0`0`0`0`0`3`0`1`4`0`0`0`0`0`0`0`0`0
    scanf("%s",a);`FunctionDecl,false;`1`0`0`0`0`0`0`0`0`0`0`0`1`0`0`1`1`0`1`0`0`0`0`0`0`0`2`0`2`0`0`1`0`0`0`0`0`0
    len=strlen(a);`FunctionDecl,false;`1`0`0`0`0`0`0`0`0`0`0`0`1`0`0`2`0`0`0`0`0`0`0`0`0`0`3`0`3`0`0`1`1`0`0`1`0`0
    for(i=1;i<len;i++)//changdu`FunctionDecl,false;ForStmt,false;`1`0`1`0`0`0`0`0`0`0`0`0`2`0`1`4`1`1`0`0`1`0`0`0`1`0`4`0`4`0`0`0`2`1`0`3`0`0
        can=0;`FunctionDecl,false;ForStmt,false;`1`0`1`0`0`0`0`0`0`0`0`0`2`0`1`1`1`1`0`0`0`0`0`0`0`0`1`0`1`0`0`0`1`0`0`1`0`0
        for(j=0;j<=len-i;j++)`FunctionDecl,false;ForStmt,false;ForStmt,false;`1`0`2`0`0`0`0`0`0`0`0`0`3`0`2`5`1`1`0`0`1`0`0`0`1`0`5`0`5`0`0`0`3`1`0`4`0`0
            num=0;`FunctionDecl,false;ForStmt,false;ForStmt,false;`1`0`2`0`0`0`0`0`0`0`0`0`3`0`2`1`1`1`0`0`0`0`0`0`0`0`1`0`1`0`0`0`1`0`0`1`0`0
            for(k=j;k<i+j;k++)`FunctionDecl,false;ForStmt,false;ForStmt,false;ForStmt,false;`1`0`3`0`0`0`0`0`0`0`0`0`4`0`3`6`0`0`0`0`1`0`0`0`1`0`6`0`6`0`0`0`3`1`0`4`0`1
                find[num]=a[k];num++;`FunctionDecl,false;ForStmt,false;ForStmt,false;ForStmt,false;`1`0`3`0`0`0`0`0`0`0`0`0`4`0`3`5`0`0`0`0`0`0`0`0`0`0`5`0`5`0`0`0`1`1`0`2`2`0
            find[num]='\0';`FunctionDecl,false;ForStmt,false;ForStmt,false;`1`0`2`0`0`0`0`0`0`0`0`0`3`0`2`2`1`0`0`0`0`0`0`0`0`0`2`0`2`0`0`0`1`0`0`1`1`1
            for(k=0;k<=len-i;k++)`FunctionDecl,false;ForStmt,false;ForStmt,false;ForStmt,false;`1`0`3`0`0`0`0`0`0`0`0`0`4`0`3`5`1`1`0`0`1`0`0`0`1`0`5`0`5`0`0`0`3`1`0`4`0`0
                if(k==j)continue;`FunctionDecl,false;ForStmt,false;ForStmt,false;ForStmt,false;IfStmt,false;`1`0`3`0`0`0`0`0`1`0`0`0`5`0`4`2`0`0`0`1`0`0`0`0`0`0`2`0`2`0`0`0`1`0`0`1`0`0
                num=0;`FunctionDecl,false;ForStmt,false;ForStmt,false;ForStmt,false;`1`0`3`0`0`0`0`0`0`0`0`0`4`0`3`1`1`1`0`0`0`0`0`0`0`0`1`0`1`0`0`0`1`0`0`1`0`0
                for(l=k;l<i+k;l++)`FunctionDecl,false;ForStmt,false;ForStmt,false;ForStmt,false;ForStmt,false;`1`0`4`0`0`0`0`0`0`0`0`0`5`0`4`6`0`0`0`0`1`0`0`0`1`0`6`0`6`0`0`0`3`1`0`4`0`1
                    b[num]=a[l];num++;`FunctionDecl,false;ForStmt,false;ForStmt,false;ForStmt,false;ForStmt,false;`1`0`4`0`0`0`0`0`0`0`0`0`5`0`4`5`0`0`0`0`0`0`0`0`0`0`5`0`5`0`0`0`1`1`0`2`2`0
                b[num]='\0';`FunctionDecl,false;ForStmt,false;ForStmt,false;ForStmt,false;`1`0`3`0`0`0`0`0`0`0`0`0`4`0`3`2`1`0`0`0`0`0`0`0`0`0`2`0`2`0`0`0`1`0`0`1`1`1
                if(strcmp(b,find)==0)`FunctionDecl,false;ForStmt,false;ForStmt,false;ForStmt,false;IfStmt,false;`1`0`3`0`0`0`0`0`1`0`0`0`5`0`4`2`1`1`0`1`0`0`0`0`0`0`3`0`3`0`0`1`1`0`0`1`0`0
                    max=i;can=1;`FunctionDecl,false;ForStmt,false;ForStmt,false;ForStmt,false;IfStmt,false;`1`0`3`0`0`0`0`0`1`0`0`0`5`0`4`3`1`1`0`0`0`0`0`0`0`0`3`0`3`0`0`0`2`0`0`2`0`0
                if(can==1)break;`FunctionDecl,false;ForStmt,false;ForStmt,false;ForStmt,false;IfStmt,false;`1`0`3`0`0`0`0`0`1`0`0`0`5`0`4`1`1`1`0`1`0`0`0`0`0`0`1`0`1`0`0`0`1`0`0`1`0`0
            if(can==1)break;`FunctionDecl,false;ForStmt,false;ForStmt,false;IfStmt,false;`1`0`2`0`0`0`0`0`1`0`0`0`4`0`3`1`1`1`0`1`0`0`0`0`0`0`1`0`1`0`0`0`1`0`0`1`0`0
    printf("%d\n",max);`FunctionDecl,false;`1`0`0`0`0`0`0`0`0`0`0`0`1`0`0`1`1`0`1`0`0`0`0`0`0`0`2`0`2`0`0`1`0`0`0`0`0`0
    return 0;`FunctionDecl,false;`1`0`0`0`0`0`0`0`0`0`0`0`1`0`0`0`0`0`0`0`0`0`0`0`0`0`0`0`0`0`0`0`0`0`0`0`0`0
