code`block`FunctionDecl`FunctionDeclRec`ForStmt`ForStmtRec`DoStmt`DoStmtRec`WhileStmt`WhileStmtRec`IfStmt`IfStmtRec`SwitchStmt`SwitchStmtRec`countBlocks`countBlocksRec`countCondition`countVariable`countLiteral`IntegerLiteral`StringLiteral`IfStmt`ForStmt`WhileStmt`DoStmt`SwitchStmt`countLoop`VarDecl`DeclRefExpr`DeclStmt`countDecl`countPointer`writeFunction`CallExpr`BinaryOperator`UnaryOperator`CompoundAssignOperator`countOperand`ArraySubscriptE`RealFaultLocation
    return x>y;`FunctionDecl,false;`1`0`0`0`0`0`0`0`0`0`0`0`1`0`0`2`0`0`0`0`0`0`0`0`0`0`2`0`2`0`0`0`1`0`0`1`0`1
int main()`FunctionDecl,false;`1`0`0`0`0`0`0`0`0`0`0`0`1`0`0`0`0`0`0`0`0`0`0`0`0`0`0`0`0`0`0`0`0`0`0`0`0`1
    char s[110],a[110];`FunctionDecl,false;`1`0`0`0`0`0`0`0`0`0`0`0`1`0`0`0`0`0`0`0`0`0`0`0`0`2`0`1`3`0`0`0`0`0`0`0`0`1
    scanf("%s",s);`FunctionDecl,false;`1`0`0`0`0`0`0`0`0`0`0`0`1`0`0`1`1`0`1`0`0`0`0`0`0`0`2`0`2`0`0`1`0`0`0`0`0`0
    int c,l[110];`FunctionDecl,false;`1`0`0`0`0`0`0`0`0`0`0`0`1`0`0`0`0`0`0`0`0`0`0`0`0`2`0`1`3`0`0`0`0`0`0`0`0`0
    memset(l,0,sizeof l);`FunctionDecl,false;`1`0`0`0`0`0`0`0`0`0`0`0`1`0`0`2`1`1`0`0`0`0`0`0`0`0`3`0`3`0`0`1`0`0`0`0`0`0
    c=strlen(s);`FunctionDecl,false;`1`0`0`0`0`0`0`0`0`0`0`0`1`0`0`2`0`0`0`0`0`0`0`0`0`0`3`0`3`0`0`1`1`0`0`1`0`0
    int x,z,t=0,q,m,p;`FunctionDecl,false;`1`0`0`0`0`0`0`0`0`0`0`0`1`0`0`0`1`1`0`0`0`0`0`0`0`6`0`1`7`0`0`0`0`0`0`0`0`0
    for(int i=0;i<c;i++)`FunctionDecl,false;ForStmt,false;`1`0`1`0`0`0`0`0`0`0`0`0`2`0`1`3`1`1`0`0`1`0`0`0`1`1`3`1`5`0`0`0`1`1`0`2`0`0
         z=0;`FunctionDecl,false;ForStmt,false;`1`0`1`0`0`0`0`0`0`0`0`0`2`0`1`1`1`1`0`0`0`0`0`0`0`0`1`0`1`0`0`0`1`0`0`1`0`0
       for(int j=c;j>i;j--)`FunctionDecl,false;ForStmt,false;ForStmt,false;`1`0`2`0`0`0`0`0`0`0`0`0`3`0`2`4`0`0`0`0`1`0`0`0`1`1`4`1`6`0`0`0`1`1`0`2`0`0
            for(m=i;m<j;m++)`FunctionDecl,false;ForStmt,false;ForStmt,false;ForStmt,false;`1`0`3`0`0`0`0`0`0`0`0`0`4`0`3`5`0`0`0`0`1`0`0`0`1`0`5`0`5`0`0`0`2`1`0`3`0`0
                a[m]=s[m];`FunctionDecl,false;ForStmt,false;ForStmt,false;ForStmt,false;`1`0`3`0`0`0`0`0`0`0`0`0`4`0`3`4`0`0`0`0`0`0`0`0`0`0`4`0`4`0`0`0`1`0`0`1`2`0
                p=m;`FunctionDecl,false;ForStmt,false;ForStmt,false;ForStmt,false;`1`0`3`0`0`0`0`0`0`0`0`0`4`0`3`2`0`0`0`0`0`0`0`0`0`0`2`0`2`0`0`0`1`0`0`1`0`0
            for(int k=0;k<c;k++)`FunctionDecl,false;ForStmt,false;ForStmt,false;ForStmt,false;`1`0`3`0`0`0`0`0`0`0`0`0`4`0`3`3`1`1`0`0`1`0`0`0`1`1`3`1`5`0`0`0`1`1`0`2`0`0
                x=0,z=0;`FunctionDecl,false;ForStmt,false;ForStmt,false;ForStmt,false;`1`0`3`0`0`0`0`0`0`0`0`0`4`0`3`2`2`2`0`0`0`0`0`0`0`0`2`0`2`0`0`0`3`0`0`3`0`0
                for(int n=k;n<k+p;n++)`FunctionDecl,false;ForStmt,false;ForStmt,false;ForStmt,false;ForStmt,false;`1`0`4`0`0`0`0`0`0`0`0`0`5`0`4`5`0`0`0`0`1`0`0`0`1`1`5`1`7`0`0`0`2`1`0`3`0`0
                    if(a[n-k]==s[n])`FunctionDecl,false;ForStmt,false;ForStmt,false;ForStmt,false;ForStmt,false;IfStmt,false;`1`0`4`0`0`0`0`0`1`0`0`0`6`0`5`5`0`0`0`1`0`0`0`0`0`0`5`0`5`0`0`0`2`0`0`2`2`0
                        x++;`FunctionDecl,false;ForStmt,false;ForStmt,false;ForStmt,false;ForStmt,false;IfStmt,false;`1`0`4`0`0`0`0`0`1`0`0`0`6`0`5`1`0`0`0`0`0`0`0`0`0`0`1`0`1`0`0`0`0`1`0`1`0`0
                        if(x==m)`FunctionDecl,false;ForStmt,false;ForStmt,false;ForStmt,false;ForStmt,false;IfStmt,false;IfStmt,false;`1`0`4`0`0`0`0`0`2`0`0`0`7`0`6`2`0`0`0`1`0`0`0`0`0`0`2`0`2`0`0`0`1`0`0`1`0`0
                            z++;`FunctionDecl,false;ForStmt,false;ForStmt,false;ForStmt,false;ForStmt,false;IfStmt,false;IfStmt,false;`1`0`4`0`0`0`0`0`2`0`0`0`7`0`6`1`0`0`0`0`0`0`0`0`0`0`1`0`1`0`0`0`0`1`0`1`0`0
                            if(z>=2) break;`FunctionDecl,false;ForStmt,false;ForStmt,false;ForStmt,false;ForStmt,false;IfStmt,false;IfStmt,false;IfStmt,false;`1`0`4`0`0`0`0`0`3`0`0`0`8`0`7`1`1`1`0`1`0`0`0`0`0`0`1`0`1`0`0`0`1`0`0`1`0`0
                l[t++]=x;`FunctionDecl,false;ForStmt,false;ForStmt,false;ForStmt,false;`1`0`3`0`0`0`0`0`0`0`0`0`4`0`3`3`0`0`0`0`0`0`0`0`0`0`3`0`3`0`0`0`1`1`0`2`1`0
    sort(l,l+t,cmp);`FunctionDecl,false;`1`0`0`0`0`0`0`0`0`0`0`0`1`0`0`3`0`0`0`0`0`0`0`0`0`0`5`0`5`0`0`1`1`0`0`1`0`0
    cout<<l[0]-1<<endl;`FunctionDecl,false;`1`0`0`0`0`0`0`0`0`0`0`0`1`0`0`2`2`2`0`0`0`0`0`0`0`0`5`0`5`0`0`0`1`0`0`1`1`0
    return 0;`FunctionDecl,false;`1`0`0`0`0`0`0`0`0`0`0`0`1`0`0`0`0`0`0`0`0`0`0`0`0`0`0`0`0`0`0`0`0`0`0`0`0`0
