code`block`FunctionDecl`FunctionDeclRec`ForStmt`ForStmtRec`DoStmt`DoStmtRec`WhileStmt`WhileStmtRec`IfStmt`IfStmtRec`SwitchStmt`SwitchStmtRec`countBlocks`countBlocksRec`countCondition`countVariable`countLiteral`IntegerLiteral`StringLiteral`IfStmt`ForStmt`WhileStmt`DoStmt`SwitchStmt`countLoop`VarDecl`DeclRefExpr`DeclStmt`countDecl`countPointer`writeFunction`CallExpr`BinaryOperator`UnaryOperator`CompoundAssignOperator`countOperand`ArraySubscriptE`RealFaultLocation
void _Judge(int x,int y)`FunctionDecl,false;`1`0`0`0`0`0`0`0`0`0`0`0`1`0`0`0`0`0`0`0`0`0`0`0`0`0`0`0`0`0`0`0`0`0`0`0`0`1
    int i,j;`FunctionDecl,false;`1`0`0`0`0`0`0`0`0`0`0`0`1`0`0`0`0`0`0`0`0`0`0`0`0`2`0`1`3`0`0`0`0`0`0`0`0`0
    int tmp=0;`FunctionDecl,false;`1`0`0`0`0`0`0`0`0`0`0`0`1`0`0`0`1`1`0`0`0`0`0`0`0`1`0`1`2`0`0`0`0`0`0`0`0`0
    for(i=x,j=y;(a[i]!='\0' && a[j]!='\0') && (i<y,j<lenth);i++,j++)`FunctionDecl,false;ForStmt,false;`1`0`1`0`0`0`0`0`0`0`0`0`2`0`9`14`2`0`0`0`1`0`0`0`1`0`14`0`14`0`0`0`11`2`0`13`2`0
        if(a[i]==a[j])`FunctionDecl,false;ForStmt,false;IfStmt,false;`1`0`1`0`0`0`0`0`1`0`0`0`3`0`10`4`0`0`0`1`0`0`0`0`0`0`4`0`4`0`0`0`1`0`0`1`2`0
            tmp++;`FunctionDecl,false;ForStmt,false;IfStmt,false;`1`0`1`0`0`0`0`0`1`0`0`0`3`0`10`1`0`0`0`0`0`0`0`0`0`0`1`0`1`0`0`0`0`1`0`1`0`0
    if(Max<tmp)`FunctionDecl,false;IfStmt,false;`1`0`0`0`0`0`0`0`1`0`0`0`2`0`1`2`0`0`0`1`0`0`0`0`0`0`2`0`2`0`0`0`1`0`0`1`0`0
        Max=tmp;`FunctionDecl,false;IfStmt,false;`1`0`0`0`0`0`0`0`1`0`0`0`2`0`1`2`0`0`0`0`0`0`0`0`0`0`2`0`2`0`0`0`1`0`0`1`0`0
int main()`FunctionDecl,false;`1`0`0`0`0`0`0`0`0`0`0`0`1`0`0`0`0`0`0`0`0`0`0`0`0`0`0`0`0`0`0`0`0`0`0`0`0`0
    int i,j,k;`FunctionDecl,false;`1`0`0`0`0`0`0`0`0`0`0`0`1`0`0`0`0`0`0`0`0`0`0`0`0`3`0`1`4`0`0`0`0`0`0`0`0`1
    scanf("%s",a);`FunctionDecl,false;`1`0`0`0`0`0`0`0`0`0`0`0`1`0`0`1`1`0`1`0`0`0`0`0`0`0`2`0`2`0`0`1`0`0`0`0`0`0
    lenth=strlen(a);`FunctionDecl,false;`1`0`0`0`0`0`0`0`0`0`0`0`1`0`0`2`0`0`0`0`0`0`0`0`0`0`3`0`3`0`0`1`1`0`0`1`0`0
    for(i=0;i<lenth-1;i++)`FunctionDecl,false;ForStmt,false;`1`0`1`0`0`0`0`0`0`0`0`0`2`0`1`4`2`2`0`0`1`0`0`0`1`0`4`0`4`0`0`0`3`1`0`4`0`0
        for(j=i+1;j<lenth;j++)`FunctionDecl,false;ForStmt,false;ForStmt,false;`1`0`2`0`0`0`0`0`0`0`0`0`3`0`2`5`1`1`0`0`1`0`0`0`1`0`5`0`5`0`0`0`3`1`0`4`0`0
            if(a[i]==a[j])`FunctionDecl,false;ForStmt,false;ForStmt,false;IfStmt,false;`1`0`2`0`0`0`0`0`1`0`0`0`4`0`3`4`0`0`0`1`0`0`0`0`0`0`4`0`4`0`0`0`1`0`0`1`2`0
                _Judge(i,j);`FunctionDecl,false;ForStmt,false;ForStmt,false;IfStmt,false;`1`0`2`0`0`0`0`0`1`0`0`0`4`0`3`2`0`0`0`0`0`0`0`0`0`0`3`0`3`0`1`1`0`0`0`0`0`0
    printf("%d\n",Max);`FunctionDecl,false;`1`0`0`0`0`0`0`0`0`0`0`0`1`0`0`1`1`0`1`0`0`0`0`0`0`0`2`0`2`0`0`1`0`0`0`0`0`0
    return 0;`FunctionDecl,false;`1`0`0`0`0`0`0`0`0`0`0`0`1`0`0`0`0`0`0`0`0`0`0`0`0`0`0`0`0`0`0`0`0`0`0`0`0`0
