code`block`FunctionDecl`FunctionDeclRec`ForStmt`ForStmtRec`DoStmt`DoStmtRec`WhileStmt`WhileStmtRec`IfStmt`IfStmtRec`SwitchStmt`SwitchStmtRec`countBlocks`countBlocksRec`countCondition`countVariable`countLiteral`IntegerLiteral`StringLiteral`IfStmt`ForStmt`WhileStmt`DoStmt`SwitchStmt`countLoop`VarDecl`DeclRefExpr`DeclStmt`countDecl`countPointer`writeFunction`CallExpr`BinaryOperator`UnaryOperator`CompoundAssignOperator`countOperand`ArraySubscriptE`RealFaultLocation
int getInt(string s){`FunctionDecl,false;`1`0`0`0`0`0`0`0`0`0`0`0`1`0`0`0`0`0`0`0`0`0`0`0`0`0`0`0`0`0`0`0`0`0`0`0`0`0
    stringstream aa(s); int k; aa >> k; return k;`FunctionDecl,false;`1`0`0`0`0`0`0`0`0`0`0`0`1`0`0`4`0`0`0`0`0`0`0`0`0`2`5`2`9`0`0`0`0`0`0`0`0`0
string toString(int t){`FunctionDecl,false;`1`0`0`0`0`0`0`0`0`0`0`0`1`0`0`0`0`0`0`0`0`0`0`0`0`0`0`0`0`0`0`0`0`0`0`0`0`0
    stringstream y; y << t; return y.str();`FunctionDecl,false;`1`0`0`0`0`0`0`0`0`0`0`0`1`0`0`3`0`0`0`0`0`0`0`0`0`1`4`1`6`0`0`0`0`0`0`0`0`0
int main(){`FunctionDecl,false;`1`0`0`0`0`0`0`0`0`0`0`0`1`0`0`0`0`0`0`0`0`0`0`0`0`0`0`0`0`0`0`0`0`0`0`0`0`0
    cin >> n >> m;`FunctionDecl,false;`1`0`0`0`0`0`0`0`0`0`0`0`1`0`0`3`0`0`0`0`0`0`0`0`0`0`5`0`5`0`0`0`0`0`0`0`0`0
    FOR(i, 0, n) cin >> t[i] >> T[i] >> x[i] >> c[i];`FunctionDecl,false;ForStmt,false;`1`0`1`0`0`0`0`0`0`0`0`0`2`0`0`1`1`1`0`0`1`0`0`0`1`1`1`1`3`0`0`0`1`0`0`1`0`0
    long long sol = 0, minC = 111111111;`FunctionDecl,false;`1`0`0`0`0`0`0`0`0`0`0`0`1`0`0`11`2`2`0`0`0`0`0`0`0`2`15`1`18`0`0`0`0`1`0`1`4`0
    FOR(i, 0, n)`FunctionDecl,false;ForStmt,false;`1`0`1`0`0`0`0`0`0`0`0`0`2`0`0`1`1`1`0`0`1`0`0`0`1`1`1`1`3`0`0`0`1`0`0`1`0`0
        minC = min (minC, c[i]);`FunctionDecl,false;ForStmt,false;`1`0`1`0`0`0`0`0`0`0`0`0`2`0`0`6`0`0`0`0`0`0`0`0`0`0`7`0`7`0`0`1`1`1`0`2`1`0
        if(t[i] >= T[i])`FunctionDecl,false;ForStmt,false;IfStmt,false;`1`0`1`0`0`0`0`0`1`0`0`0`3`0`1`4`0`0`0`1`0`0`0`0`0`0`4`0`4`0`0`0`1`0`0`1`2`0
            sol += (x[i] * m);`FunctionDecl,false;ForStmt,false;IfStmt,false;`1`0`1`0`0`0`0`0`1`0`0`0`3`0`1`4`0`0`0`0`0`0`0`0`0`0`4`0`4`0`0`0`1`0`1`2`1`0
            sol += c[i];`FunctionDecl,false;ForStmt,false;IfStmt,false;`1`0`1`0`0`0`0`0`1`0`0`0`3`0`1`3`0`0`0`0`0`0`0`0`0`0`3`0`3`0`0`0`0`0`1`1`1`0
            continue;`FunctionDecl,false;ForStmt,false;IfStmt,false;`1`0`1`0`0`0`0`0`1`0`0`0`3`0`1`0`0`0`0`0`0`0`0`0`0`0`0`0`0`0`0`0`0`0`0`0`0`0
        long long tempNow = t[i] + m;`FunctionDecl,false;ForStmt,false;`1`0`1`0`0`0`0`0`0`0`0`0`2`0`0`3`0`0`0`0`0`0`0`0`0`1`3`1`5`0`0`0`1`0`0`1`1`0
        if(tempNow > T[i])`FunctionDecl,false;ForStmt,false;IfStmt,false;`1`0`1`0`0`0`0`0`1`0`0`0`3`0`1`3`0`0`0`1`0`0`0`0`0`0`3`0`3`0`0`0`1`0`0`1`1`0
            long long refundKids = m * x[i];`FunctionDecl,false;ForStmt,false;IfStmt,false;`1`0`1`0`0`0`0`0`1`0`0`0`3`0`1`3`0`0`0`0`0`0`0`0`0`1`3`1`5`0`0`0`1`0`0`1`1`0
            long long buyBusses;`FunctionDecl,false;ForStmt,false;IfStmt,false;`1`0`1`0`0`0`0`0`1`0`0`0`3`0`1`0`0`0`0`0`0`0`0`0`0`1`0`1`2`0`0`0`0`0`0`0`0`0
            long long numBusses = m/(T[i]-t[i]) + (m % (T[i]-t[i]));`FunctionDecl,false;ForStmt,false;IfStmt,false;`1`0`1`0`0`0`0`0`1`0`0`0`3`0`1`10`0`0`0`0`0`0`0`0`0`1`10`1`12`0`0`0`5`0`0`5`4`1
            buyBusses = numBusses * minC;`FunctionDecl,false;ForStmt,false;IfStmt,false;`1`0`1`0`0`0`0`0`1`0`0`0`3`0`1`3`0`0`0`0`0`0`0`0`0`0`3`0`3`0`0`0`2`0`0`2`0`0
            if(buyBusses < refundKids + minC)`FunctionDecl,false;ForStmt,false;IfStmt,false;IfStmt,false;`1`0`1`0`0`0`0`0`2`0`0`0`4`0`2`3`0`0`0`1`0`0`0`0`0`0`3`0`3`0`0`0`2`0`0`2`0`0
                sol += buyBusses;`FunctionDecl,false;ForStmt,false;IfStmt,false;IfStmt,false;`1`0`1`0`0`0`0`0`2`0`0`0`4`0`2`2`0`0`0`0`0`0`0`0`0`0`2`0`2`0`0`0`0`0`1`1`0`0
                sol += (refundKids + minC);`FunctionDecl,false;ForStmt,false;IfStmt,false;IfStmt,false;`1`0`1`0`0`0`0`0`2`0`0`0`4`0`2`3`0`0`0`0`0`0`0`0`0`0`3`0`3`0`0`0`1`0`1`2`0`1
            sol += c[i];`FunctionDecl,false;ForStmt,false;IfStmt,false;`1`0`1`0`0`0`0`0`1`0`0`0`3`0`1`3`0`0`0`0`0`0`0`0`0`0`3`0`3`0`0`0`0`0`1`1`1`0
    cout << sol << endl;`FunctionDecl,false;`1`0`0`0`0`0`0`0`0`0`0`0`1`0`0`2`0`0`0`0`0`0`0`0`0`0`5`0`5`0`0`0`0`0`0`0`0`0
    return 0;`FunctionDecl,false;`1`0`0`0`0`0`0`0`0`0`0`0`1`0`0`0`0`0`0`0`0`0`0`0`0`0`0`0`0`0`0`0`0`0`0`0`0`0
