code`block`FunctionDecl`FunctionDeclRec`ForStmt`ForStmtRec`DoStmt`DoStmtRec`WhileStmt`WhileStmtRec`IfStmt`IfStmtRec`SwitchStmt`SwitchStmtRec`countBlocks`countBlocksRec`countCondition`countVariable`countLiteral`IntegerLiteral`StringLiteral`IfStmt`ForStmt`WhileStmt`DoStmt`SwitchStmt`countLoop`VarDecl`DeclRefExpr`DeclStmt`countDecl`countPointer`writeFunction`CallExpr`BinaryOperator`UnaryOperator`CompoundAssignOperator`countOperand`ArraySubscriptE`RealFaultLocation
    int gleft,gright,bleft,bright;`FunctionDecl,false;`1`0`0`0`0`0`0`0`0`0`0`0`1`0`0`0`0`0`0`0`0`0`0`0`0`4`0`1`5`0`0`0`0`0`0`0`0`0
    while(scanf("%d%d%d%d",&gleft,&gright,&bleft,&bright)!=EOF)`FunctionDecl,false;WhileStmt,false;`1`0`0`0`0`0`1`0`0`0`0`0`2`0`1`4`2`1`1`0`0`1`0`0`1`0`5`0`5`4`0`1`1`5`0`6`0`0
        int flag=0;`FunctionDecl,false;WhileStmt,false;`1`0`0`0`0`0`1`0`0`0`0`0`2`0`1`0`1`1`0`0`0`0`0`0`0`1`0`1`2`0`0`0`0`0`0`0`0`0
        if(gleft==bright)`FunctionDecl,false;WhileStmt,false;IfStmt,false;`1`0`0`0`0`0`1`0`1`0`0`0`3`0`2`2`0`0`0`1`0`0`0`0`0`0`2`0`2`0`0`0`1`0`0`1`0`0
            printf("YES\n");`FunctionDecl,false;WhileStmt,false;IfStmt,false;`1`0`0`0`0`0`1`0`1`0`0`0`3`0`2`0`1`0`1`0`0`0`0`0`0`0`1`0`1`0`0`1`0`0`0`0`0`0
            continue;`FunctionDecl,false;WhileStmt,false;IfStmt,false;`1`0`0`0`0`0`1`0`1`0`0`0`3`0`2`0`0`0`0`0`0`0`0`0`0`0`0`0`0`0`0`0`0`0`0`0`0`0
        if(gleft==1)`FunctionDecl,false;WhileStmt,false;IfStmt,false;`1`0`0`0`0`0`1`0`1`0`0`0`3`0`2`1`1`1`0`1`0`0`0`0`0`0`1`0`1`0`0`0`1`0`0`1`0`1
            flag=1; //说明这个不行，要考虑下一个情况`FunctionDecl,false;WhileStmt,false;IfStmt,false;`1`0`0`0`0`0`1`0`1`0`0`0`3`0`2`1`1`1`0`0`0`0`0`0`0`0`1`0`1`0`0`0`1`0`0`1`0`0
            if(bright<gleft-1||bright>2*gleft+2)`FunctionDecl,false;WhileStmt,false;IfStmt,false;IfStmt,false;`1`0`0`0`0`0`1`0`2`0`0`0`4`0`5`4`3`3`0`1`0`0`0`0`0`0`4`0`4`0`0`0`6`0`0`6`0`0
                flag=1;`FunctionDecl,false;WhileStmt,false;IfStmt,false;IfStmt,false;`1`0`0`0`0`0`1`0`2`0`0`0`4`0`5`1`1`1`0`0`0`0`0`0`0`0`1`0`1`0`0`0`1`0`0`1`0`0
        if(flag==0)`FunctionDecl,false;WhileStmt,false;IfStmt,false;`1`0`0`0`0`0`1`0`1`0`0`0`3`0`2`1`1`1`0`1`0`0`0`0`0`0`1`0`1`0`0`0`1`0`0`1`0`0
            printf("YES\n");`FunctionDecl,false;WhileStmt,false;IfStmt,false;`1`0`0`0`0`0`1`0`1`0`0`0`3`0`2`0`1`0`1`0`0`0`0`0`0`0`1`0`1`0`0`1`0`0`0`0`0`0
            continue;`FunctionDecl,false;WhileStmt,false;IfStmt,false;`1`0`0`0`0`0`1`0`1`0`0`0`3`0`2`0`0`0`0`0`0`0`0`0`0`0`0`0`0`0`0`0`0`0`0`0`0`0
        else if(flag==1)`FunctionDecl,false;WhileStmt,false;IfStmt,false;IfStmt,false;`1`0`0`0`0`0`1`0`2`0`0`0`4`0`3`1`1`1`0`1`0`0`0`0`0`0`1`0`1`0`0`0`1`0`0`1`0`0
            int tag=0;`FunctionDecl,false;WhileStmt,false;IfStmt,false;IfStmt,false;`1`0`0`0`0`0`1`0`2`0`0`0`4`0`3`0`1`1`0`0`0`0`0`0`0`1`0`1`2`0`0`0`0`0`0`0`0`0
            if(bleft==gright)`FunctionDecl,false;WhileStmt,false;IfStmt,false;IfStmt,false;IfStmt,false;`1`0`0`0`0`0`1`0`3`0`0`0`5`0`4`2`0`0`0`1`0`0`0`0`0`0`2`0`2`0`0`0`1`0`0`1`0`0
                printf("YES\n");`FunctionDecl,false;WhileStmt,false;IfStmt,false;IfStmt,false;IfStmt,false;`1`0`0`0`0`0`1`0`3`0`0`0`5`0`4`0`1`0`1`0`0`0`0`0`0`0`1`0`1`0`0`1`0`0`0`0`0`0
                continue;`FunctionDecl,false;WhileStmt,false;IfStmt,false;IfStmt,false;IfStmt,false;`1`0`0`0`0`0`1`0`3`0`0`0`5`0`4`0`0`0`0`0`0`0`0`0`0`0`0`0`0`0`0`0`0`0`0`0`0`0
            if(gright==1)`FunctionDecl,false;WhileStmt,false;IfStmt,false;IfStmt,false;IfStmt,false;`1`0`0`0`0`0`1`0`3`0`0`0`5`0`4`1`1`1`0`1`0`0`0`0`0`0`1`0`1`0`0`0`1`0`0`1`0`1
                tag=1;`FunctionDecl,false;WhileStmt,false;IfStmt,false;IfStmt,false;IfStmt,false;`1`0`0`0`0`0`1`0`3`0`0`0`5`0`4`1`1`1`0`0`0`0`0`0`0`0`1`0`1`0`0`0`1`0`0`1`0`0
                printf("NO\n");`FunctionDecl,false;WhileStmt,false;IfStmt,false;IfStmt,false;IfStmt,false;`1`0`0`0`0`0`1`0`3`0`0`0`5`0`4`0`1`0`1`0`0`0`0`0`0`0`1`0`1`0`0`1`0`0`0`0`0`0
                if(bleft<gright-1||bleft>2*gright+2)`FunctionDecl,false;WhileStmt,false;IfStmt,false;IfStmt,false;IfStmt,false;IfStmt,false;`1`0`0`0`0`0`1`0`4`0`0`0`6`0`7`4`3`3`0`1`0`0`0`0`0`0`4`0`4`0`0`0`6`0`0`6`0`0
                    tag=1;`FunctionDecl,false;WhileStmt,false;IfStmt,false;IfStmt,false;IfStmt,false;IfStmt,false;`1`0`0`0`0`0`1`0`4`0`0`0`6`0`7`1`1`1`0`0`0`0`0`0`0`0`1`0`1`0`0`0`1`0`0`1`0`0
                    printf("NO\n");`FunctionDecl,false;WhileStmt,false;IfStmt,false;IfStmt,false;IfStmt,false;IfStmt,false;`1`0`0`0`0`0`1`0`4`0`0`0`6`0`7`0`1`0`1`0`0`0`0`0`0`0`1`0`1`0`0`1`0`0`0`0`0`0
            if(tag==0)`FunctionDecl,false;WhileStmt,false;IfStmt,false;IfStmt,false;IfStmt,false;`1`0`0`0`0`0`1`0`3`0`0`0`5`0`4`1`1`1`0`1`0`0`0`0`0`0`1`0`1`0`0`0`1`0`0`1`0`0
                printf("YES\n");`FunctionDecl,false;WhileStmt,false;IfStmt,false;IfStmt,false;IfStmt,false;`1`0`0`0`0`0`1`0`3`0`0`0`5`0`4`0`1`0`1`0`0`0`0`0`0`0`1`0`1`0`0`1`0`0`0`0`0`0
    return 0;`FunctionDecl,false;`1`0`0`0`0`0`0`0`0`0`0`0`1`0`0`0`0`0`0`0`0`0`0`0`0`0`0`0`0`0`0`0`0`0`0`0`0`1
