code`block`FunctionDecl`FunctionDeclRec`ForStmt`ForStmtRec`DoStmt`DoStmtRec`WhileStmt`WhileStmtRec`IfStmt`IfStmtRec`SwitchStmt`SwitchStmtRec`countBlocks`countBlocksRec`countCondition`countVariable`countLiteral`IntegerLiteral`StringLiteral`IfStmt`ForStmt`WhileStmt`DoStmt`SwitchStmt`countLoop`VarDecl`DeclRefExpr`DeclStmt`countDecl`countPointer`writeFunction`CallExpr`BinaryOperator`UnaryOperator`CompoundAssignOperator`countOperand`ArraySubscriptE`RealFaultLocation
int main()`FunctionDecl,false;`1`0`0`0`0`0`0`0`0`0`0`0`1`0`0`0`0`0`0`0`0`0`0`0`0`0`0`0`0`0`0`0`0`0`0`0`0`0
    int n;`FunctionDecl,false;`1`0`0`0`0`0`0`0`0`0`0`0`1`0`0`0`0`0`0`0`0`0`0`0`0`1`0`1`2`0`0`0`0`0`0`0`0`0
    cin>>n;`FunctionDecl,false;`1`0`0`0`0`0`0`0`0`0`0`0`1`0`0`2`0`0`0`0`0`0`0`0`0`0`3`0`3`0`0`0`0`0`0`0`0`0
    vector<int> mas;`FunctionDecl,false;`1`0`0`0`0`0`0`0`0`0`0`0`1`0`0`0`0`0`0`0`0`0`0`0`0`1`0`1`2`0`0`0`0`0`0`0`0`0
    mas.resize(n);`FunctionDecl,false;`1`0`0`0`0`0`0`0`0`0`0`0`1`0`0`2`0`0`0`0`0`0`0`0`0`0`2`0`2`0`0`0`0`0`0`0`0`0
    for(int i=0; i<n; ++i)  `FunctionDecl,false;ForStmt,false;`1`0`1`0`0`0`0`0`0`0`0`0`2`0`1`3`1`1`0`0`1`0`0`0`1`1`3`1`5`0`0`0`1`1`0`2`0`0
        cin>>mas[i];`FunctionDecl,false;ForStmt,false;`1`0`1`0`0`0`0`0`0`0`0`0`2`0`1`3`0`0`0`0`0`0`0`0`0`0`5`0`5`0`0`0`0`0`0`0`0`0
    sort(mas.begin(), mas.end());`FunctionDecl,false;`1`0`0`0`0`0`0`0`0`0`0`0`1`0`0`2`0`0`0`0`0`0`0`0`0`0`3`0`3`0`0`1`0`0`0`0`0`0
    int cnt = 0, tmp = 1;   `FunctionDecl,false;`1`0`0`0`0`0`0`0`0`0`0`0`1`0`0`0`2`2`0`0`0`0`0`0`0`2`0`1`3`0`0`0`0`0`0`0`0`0
    for(int i=1; i<=n; ++i)`FunctionDecl,false;ForStmt,false;`1`0`1`0`0`0`0`0`0`0`0`0`2`0`1`3`1`1`0`0`1`0`0`0`1`1`3`1`5`0`0`0`1`1`0`2`0`0
        if(i<n && mas[i]==mas[i-1])`FunctionDecl,false;ForStmt,false;IfStmt,false;`1`0`1`0`0`0`0`0`1`0`0`0`3`0`4`6`1`1`0`1`0`0`0`0`0`0`8`0`8`0`0`0`4`0`0`4`0`0
            ++tmp;`FunctionDecl,false;ForStmt,false;IfStmt,false;`1`0`1`0`0`0`0`0`1`0`0`0`3`0`4`1`0`0`0`0`0`0`0`0`0`0`1`0`1`0`0`0`0`1`0`1`0`0
            if(tmp==2)  `FunctionDecl,false;ForStmt,false;IfStmt,false;IfStmt,false;`1`0`1`0`0`0`0`0`2`0`0`0`4`0`5`1`1`1`0`1`0`0`0`0`0`0`1`0`1`0`0`0`1`0`0`1`0`1
                ++cnt;`FunctionDecl,false;ForStmt,false;IfStmt,false;IfStmt,false;`1`0`1`0`0`0`0`0`2`0`0`0`4`0`5`1`0`0`0`0`0`0`0`0`0`0`1`0`1`0`0`0`0`1`0`1`0`0
            else if(tmp>2 && mas[i-1]!=0)`FunctionDecl,false;ForStmt,false;IfStmt,false;IfStmt,false;IfStmt,false;`1`0`1`0`0`0`0`0`3`0`0`0`5`0`8`3`3`3`0`1`0`0`0`0`0`0`4`0`4`0`0`0`4`0`0`4`0`0
                cnt = -1;`FunctionDecl,false;ForStmt,false;IfStmt,false;IfStmt,false;IfStmt,false;`1`0`1`0`0`0`0`0`3`0`0`0`5`0`8`1`1`1`0`0`0`0`0`0`0`0`1`0`1`0`0`0`1`1`0`2`0`0
                break;`FunctionDecl,false;ForStmt,false;IfStmt,false;IfStmt,false;IfStmt,false;`1`0`1`0`0`0`0`0`3`0`0`0`5`0`8`0`0`0`0`0`0`0`0`0`0`0`0`0`0`0`0`0`0`0`0`0`0`0
            tmp = 1;`FunctionDecl,false;ForStmt,false;IfStmt,false;`1`0`1`0`0`0`0`0`1`0`0`0`3`0`4`1`1`1`0`0`0`0`0`0`0`0`1`0`1`0`0`0`1`0`0`1`0`0
    cout<<cnt<<endl;`FunctionDecl,false;`1`0`0`0`0`0`0`0`0`0`0`0`1`0`0`2`0`0`0`0`0`0`0`0`0`0`5`0`5`0`0`0`0`0`0`0`0`0
    return 0;`FunctionDecl,false;`1`0`0`0`0`0`0`0`0`0`0`0`1`0`0`0`0`0`0`0`0`0`0`0`0`0`0`0`0`0`0`0`0`0`0`0`0`0
