code`block`FunctionDecl`FunctionDeclRec`ForStmt`ForStmtRec`DoStmt`DoStmtRec`WhileStmt`WhileStmtRec`IfStmt`IfStmtRec`SwitchStmt`SwitchStmtRec`countBlocks`countBlocksRec`countCondition`countVariable`countLiteral`IntegerLiteral`StringLiteral`IfStmt`ForStmt`WhileStmt`DoStmt`SwitchStmt`countLoop`VarDecl`DeclRefExpr`DeclStmt`countDecl`countPointer`writeFunction`CallExpr`BinaryOperator`UnaryOperator`CompoundAssignOperator`countOperand`ArraySubscriptE`RealFaultLocation
int main()`FunctionDecl,false;`1`0`0`0`0`0`0`0`0`0`0`0`1`0`0`0`0`0`0`0`0`0`0`0`0`0`0`0`0`0`0`0`0`0`0`0`0`0
    int t;`FunctionDecl,false;`1`0`0`0`0`0`0`0`0`0`0`0`1`0`0`0`0`0`0`0`0`0`0`0`0`1`0`1`2`0`0`0`0`0`0`0`0`0
    double a, b, s, s1, ans;`FunctionDecl,false;`1`0`0`0`0`0`0`0`0`0`0`0`1`0`0`0`0`0`0`0`0`0`0`0`0`5`0`1`6`0`0`0`0`0`0`0`0`0
    while(t--)`FunctionDecl,false;WhileStmt,false;`1`0`0`0`0`0`1`0`0`0`0`0`2`0`1`2`1`0`1`0`0`1`0`0`1`0`3`0`3`1`0`1`0`2`0`2`0`0
        if(!a && !b)PI(0);`FunctionDecl,false;WhileStmt,false;IfStmt,false;`1`0`0`0`0`0`1`0`1`0`0`0`3`0`6`4`1`0`1`1`0`0`0`0`0`0`5`0`5`2`0`1`1`4`0`5`0`1
        else if(!a)puts("0.5");`FunctionDecl,false;WhileStmt,false;IfStmt,false;IfStmt,false;`1`0`0`0`0`0`1`0`2`0`0`0`4`0`8`1`3`1`2`1`0`0`0`0`0`0`3`0`3`0`0`2`0`1`0`1`0`0
        else if(!b)PI(1);`FunctionDecl,false;WhileStmt,false;IfStmt,false;IfStmt,false;IfStmt,false;`1`0`0`0`0`0`1`0`3`0`0`0`5`0`10`1`0`0`0`1`0`0`0`0`0`0`1`0`1`0`0`0`0`1`0`1`0`1
            s = a * b * 2.0;`FunctionDecl,false;WhileStmt,false;IfStmt,false;IfStmt,false;IfStmt,false;`1`0`0`0`0`0`1`0`3`0`0`0`5`0`10`3`3`1`1`0`0`0`0`0`0`0`4`0`4`0`0`1`3`0`0`3`0`0
            if(a >= 4.0 * b)`FunctionDecl,false;WhileStmt,false;IfStmt,false;IfStmt,false;IfStmt,false;IfStmt,false;`1`0`0`0`0`0`1`0`4`0`0`0`6`0`11`2`1`0`0`1`0`0`0`0`0`0`2`0`2`0`0`0`2`0`0`2`0`0
                s1 = 2 * b * b;`FunctionDecl,false;WhileStmt,false;IfStmt,false;IfStmt,false;IfStmt,false;IfStmt,false;`1`0`0`0`0`0`1`0`4`0`0`0`6`0`11`3`1`1`0`0`0`0`0`0`0`0`3`0`3`0`0`0`3`0`0`3`0`0
                ans = 1.0 - s1 / s;`FunctionDecl,false;WhileStmt,false;IfStmt,false;IfStmt,false;IfStmt,false;IfStmt,false;`1`0`0`0`0`0`1`0`4`0`0`0`6`0`11`3`1`0`0`0`0`0`0`0`0`0`3`0`3`0`0`0`3`0`0`3`0`0
                s1 = (b - a / 8.0) * a;`FunctionDecl,false;WhileStmt,false;IfStmt,false;IfStmt,false;IfStmt,false;IfStmt,false;`1`0`0`0`0`0`1`0`4`0`0`0`6`0`11`4`1`0`0`0`0`0`0`0`0`0`4`0`4`0`0`0`4`0`0`4`0`0
                ans = 1.0 - s1 / s;`FunctionDecl,false;WhileStmt,false;IfStmt,false;IfStmt,false;IfStmt,false;IfStmt,false;`1`0`0`0`0`0`1`0`4`0`0`0`6`0`11`3`1`0`0`0`0`0`0`0`0`0`3`0`3`0`0`0`3`0`0`3`0`0
            printf("%.9lf\n", ans);`FunctionDecl,false;WhileStmt,false;IfStmt,false;IfStmt,false;IfStmt,false;`1`0`0`0`0`0`1`0`3`0`0`0`5`0`10`1`1`0`1`0`0`0`0`0`0`0`2`0`2`0`0`1`0`0`0`0`0`0
    return 0;`FunctionDecl,false;`1`0`0`0`0`0`0`0`0`0`0`0`1`0`0`0`0`0`0`0`0`0`0`0`0`0`0`0`0`0`0`0`0`0`0`0`0`0
