code`block`FunctionDecl`FunctionDeclRec`ForStmt`ForStmtRec`DoStmt`DoStmtRec`WhileStmt`WhileStmtRec`IfStmt`IfStmtRec`SwitchStmt`SwitchStmtRec`countBlocks`countBlocksRec`countCondition`countVariable`countLiteral`IntegerLiteral`StringLiteral`IfStmt`ForStmt`WhileStmt`DoStmt`SwitchStmt`countLoop`VarDecl`DeclRefExpr`DeclStmt`countDecl`countPointer`writeFunction`CallExpr`BinaryOperator`UnaryOperator`CompoundAssignOperator`countOperand`ArraySubscriptE`RealFaultLocation
int cmp(PEO a , PEO b)`FunctionDecl,false;`1`0`0`0`0`0`0`0`0`0`0`0`1`0`0`5`1`1`0`0`0`0`0`0`0`1`6`0`7`3`0`1`1`3`0`4`1`1
    if(a.num != b.num)`FunctionDecl,false;IfStmt,false;`1`0`0`0`0`0`0`0`1`0`0`0`2`0`1`2`0`0`0`1`0`0`0`0`0`0`2`0`2`0`0`0`1`0`0`1`0`0
        return a.num < b.num;`FunctionDecl,false;IfStmt,false;`1`0`0`0`0`0`0`0`1`0`0`0`2`0`1`2`0`0`0`0`0`0`0`0`0`0`2`0`2`0`0`0`1`0`0`1`0`0
    return a.name > b.name;`FunctionDecl,false;`1`0`0`0`0`0`0`0`0`0`0`0`1`0`0`2`0`0`0`0`0`0`0`0`0`0`2`0`2`0`0`0`1`0`0`1`0`0
int main()`FunctionDecl,false;`1`0`0`0`0`0`0`0`0`0`0`0`1`0`0`0`0`0`0`0`0`0`0`0`0`0`0`0`0`0`0`0`0`0`0`0`0`0
    int T;`FunctionDecl,false;`1`0`0`0`0`0`0`0`0`0`0`0`1`0`0`0`0`0`0`0`0`0`0`0`0`1`0`1`2`0`0`0`0`0`0`0`0`0
    cin >> T;`FunctionDecl,false;`1`0`0`0`0`0`0`0`0`0`0`0`1`0`0`2`0`0`0`0`0`0`0`0`0`0`3`0`3`0`0`0`0`0`0`0`0`0
    for(int i = 0  ; i < T;  i++)`FunctionDecl,false;ForStmt,false;`1`0`1`0`0`0`0`0`0`0`0`0`2`0`1`3`1`1`0`0`1`0`0`0`1`1`3`1`5`0`0`0`1`1`0`2`0`0
        scanf("%s%s",a[i].name , status);`FunctionDecl,false;ForStmt,false;`1`0`1`0`0`0`0`0`0`0`0`0`2`0`1`3`1`0`1`0`0`0`0`0`0`0`4`0`4`0`0`1`0`0`0`0`1`0
        if(strcmp(b[0] , status) == 0)a[i].num = 4;`FunctionDecl,false;ForStmt,false;IfStmt,false;`1`0`1`0`0`0`0`0`1`0`0`0`3`0`2`4`3`3`0`1`0`0`0`0`0`0`5`0`5`0`0`1`2`0`0`2`2`0
        else if(strcmp(b[1] , status) == 0||strcmp(b[4] , status) == 0)a[i].num = 2;`FunctionDecl,false;ForStmt,false;IfStmt,false;IfStmt,false;`1`0`1`0`0`0`0`0`2`0`0`0`4`0`5`6`5`5`0`1`0`0`0`0`0`0`8`0`8`0`0`2`4`0`0`4`3`0
        else if(strcmp(b[2] , status) == 0)a[i].num = 3;`FunctionDecl,false;ForStmt,false;IfStmt,false;IfStmt,false;IfStmt,false;`1`0`1`0`0`0`0`0`3`0`0`0`5`0`6`4`3`3`0`1`0`0`0`0`0`0`5`0`5`0`0`1`2`0`0`2`2`0
        else a[i].num = 1;`FunctionDecl,false;ForStmt,false;IfStmt,false;IfStmt,false;IfStmt,false;`1`0`1`0`0`0`0`0`3`0`0`0`5`0`6`2`1`1`0`0`0`0`0`0`0`0`2`0`2`0`0`0`1`0`0`1`1`0
    sort(a , a + T , cmp);`FunctionDecl,false;`1`0`0`0`0`0`0`0`0`0`0`0`1`0`0`3`0`0`0`0`0`0`0`0`0`0`5`0`5`0`0`1`1`0`0`1`0`1
    for(int i = 0 ; i < T ; i++)`FunctionDecl,false;ForStmt,false;`1`0`1`0`0`0`0`0`0`0`0`0`2`0`1`3`1`1`0`0`1`0`0`0`1`1`3`1`5`0`0`0`1`1`0`2`0`0
        printf("%s\n",&a[i].name);`FunctionDecl,false;ForStmt,false;`1`0`1`0`0`0`0`0`0`0`0`0`2`0`1`2`1`0`1`0`0`0`0`0`0`0`3`0`3`1`0`1`0`1`0`1`1`0
    return 0;`FunctionDecl,false;`1`0`0`0`0`0`0`0`0`0`0`0`1`0`0`0`0`0`0`0`0`0`0`0`0`0`0`0`0`0`0`0`0`0`0`0`0`0
