code`block`FunctionDecl`FunctionDeclRec`ForStmt`ForStmtRec`DoStmt`DoStmtRec`WhileStmt`WhileStmtRec`IfStmt`IfStmtRec`SwitchStmt`SwitchStmtRec`countBlocks`countBlocksRec`countCondition`countVariable`countLiteral`IntegerLiteral`StringLiteral`IfStmt`ForStmt`WhileStmt`DoStmt`SwitchStmt`countLoop`VarDecl`DeclRefExpr`DeclStmt`countDecl`countPointer`writeFunction`CallExpr`BinaryOperator`UnaryOperator`CompoundAssignOperator`countOperand`ArraySubscriptE`RealFaultLocation
    int num;`FunctionDecl,false;`1`0`0`0`0`0`0`0`0`0`0`0`1`0`0`0`0`0`0`0`0`0`0`0`0`1`0`1`2`0`0`0`0`0`0`0`0`0
    char s[200][25];`FunctionDecl,false;`1`0`0`0`0`0`0`0`0`0`0`0`1`0`0`0`0`0`0`0`0`0`0`0`0`1`0`1`2`0`0`0`0`0`0`0`0`0
    while(scanf("%d",&num)!=EOF)`FunctionDecl,false;WhileStmt,false;`1`0`0`0`0`0`1`0`0`0`0`0`2`0`1`1`2`1`1`0`0`1`0`0`1`0`2`0`2`1`0`1`1`2`0`3`0`0
        int i,j;`FunctionDecl,false;WhileStmt,false;`1`0`0`0`0`0`1`0`0`0`0`0`2`0`1`0`0`0`0`0`0`0`0`0`0`2`0`1`3`0`0`0`0`0`0`0`0`1
        num=num*2;`FunctionDecl,false;WhileStmt,false;`1`0`0`0`0`0`1`0`0`0`0`0`2`0`1`2`1`1`0`0`0`0`0`0`0`0`2`0`2`0`0`0`2`0`0`2`0`0
        for(i=0;i<num;i++)`FunctionDecl,false;WhileStmt,false;ForStmt,false;`1`0`1`0`0`0`1`0`0`0`0`0`3`0`2`4`1`1`0`0`1`0`0`0`1`0`4`0`4`0`0`0`2`1`0`3`0`1
            scanf("%s",s[i]);`FunctionDecl,false;WhileStmt,false;ForStmt,false;`1`0`1`0`0`0`1`0`0`0`0`0`3`0`2`2`1`0`1`0`0`0`0`0`0`0`3`0`3`0`0`1`0`0`0`0`1`0
        for(i=0;i<num;i++)`FunctionDecl,false;WhileStmt,false;ForStmt,false;`1`0`1`0`0`0`1`0`0`0`0`0`3`0`2`4`1`1`0`0`1`0`0`0`1`0`4`0`4`0`0`0`2`1`0`3`0`0
            if(s[i][0]=='r')`FunctionDecl,false;WhileStmt,false;ForStmt,false;IfStmt,false;`1`0`1`0`0`0`1`0`1`0`0`0`4`0`3`2`2`1`0`1`0`0`0`0`0`0`2`0`2`0`0`0`1`0`0`1`2`0
                printf("%s\n",s[i-1]);`FunctionDecl,false;WhileStmt,false;ForStmt,false;IfStmt,false;`1`0`1`0`0`0`1`0`1`0`0`0`4`0`3`2`2`1`1`0`0`0`0`0`0`0`3`0`3`0`0`1`1`0`0`1`1`1
        for(i=0;i<num;i++)`FunctionDecl,false;WhileStmt,false;ForStmt,false;`1`0`1`0`0`0`1`0`0`0`0`0`3`0`2`4`1`1`0`0`1`0`0`0`1`0`4`0`4`0`0`0`2`1`0`3`0`0
            if(s[i][0]=='w'||(s[i][0]=='c'&&s[i][1]=='h'))`FunctionDecl,false;WhileStmt,false;ForStmt,false;IfStmt,false;`1`0`1`0`0`0`1`0`1`0`0`0`4`0`8`6`6`3`0`1`0`0`0`0`0`0`6`0`6`0`0`0`5`0`0`5`6`0
                printf("%s\n",s[i-1]);`FunctionDecl,false;WhileStmt,false;ForStmt,false;IfStmt,false;`1`0`1`0`0`0`1`0`1`0`0`0`4`0`8`2`2`1`1`0`0`0`0`0`0`0`3`0`3`0`0`1`1`0`0`1`1`1
        for(i=0;i<num;i++)`FunctionDecl,false;WhileStmt,false;ForStmt,false;`1`0`1`0`0`0`1`0`0`0`0`0`3`0`2`4`1`1`0`0`1`0`0`0`1`0`4`0`4`0`0`0`2`1`0`3`0`0
            if(s[i][0]=='m')`FunctionDecl,false;WhileStmt,false;ForStmt,false;IfStmt,false;`1`0`1`0`0`0`1`0`1`0`0`0`4`0`3`2`2`1`0`1`0`0`0`0`0`0`2`0`2`0`0`0`1`0`0`1`2`0
                printf("%s\n",s[i-1]);`FunctionDecl,false;WhileStmt,false;ForStmt,false;IfStmt,false;`1`0`1`0`0`0`1`0`1`0`0`0`4`0`3`2`2`1`1`0`0`0`0`0`0`0`3`0`3`0`0`1`1`0`0`1`1`1
        for(i=0;i<num;i++)`FunctionDecl,false;WhileStmt,false;ForStmt,false;`1`0`1`0`0`0`1`0`0`0`0`0`3`0`2`4`1`1`0`0`1`0`0`0`1`0`4`0`4`0`0`0`2`1`0`3`0`0
            if(s[i][0]=='c')`FunctionDecl,false;WhileStmt,false;ForStmt,false;IfStmt,false;`1`0`1`0`0`0`1`0`1`0`0`0`4`0`3`2`2`1`0`1`0`0`0`0`0`0`2`0`2`0`0`0`1`0`0`1`2`0
                printf("%s\n",s[i-1]);`FunctionDecl,false;WhileStmt,false;ForStmt,false;IfStmt,false;`1`0`1`0`0`0`1`0`1`0`0`0`4`0`3`2`2`1`1`0`0`0`0`0`0`0`3`0`3`0`0`1`1`0`0`1`1`0
    return 0;`FunctionDecl,false;`1`0`0`0`0`0`0`0`0`0`0`0`1`0`0`0`0`0`0`0`0`0`0`0`0`0`0`0`0`0`0`0`0`0`0`0`0`0
