code`block`FunctionDecl`FunctionDeclRec`ForStmt`ForStmtRec`DoStmt`DoStmtRec`WhileStmt`WhileStmtRec`IfStmt`IfStmtRec`SwitchStmt`SwitchStmtRec`countBlocks`countBlocksRec`countCondition`countVariable`countLiteral`IntegerLiteral`StringLiteral`IfStmt`ForStmt`WhileStmt`DoStmt`SwitchStmt`countLoop`VarDecl`DeclRefExpr`DeclStmt`countDecl`countPointer`writeFunction`CallExpr`BinaryOperator`UnaryOperator`CompoundAssignOperator`countOperand`ArraySubscriptE`RealFaultLocation
            for(int f=0;f<treeHeight;f++)`ForStmt,false;`0`0`1`0`0`0`0`0`0`0`0`0`1`0`1`3`1`1`0`0`1`0`0`0`1`1`3`1`5`0`0`0`1`1`0`2`0`0
                ans*=2;`ForStmt,false;`0`0`1`0`0`0`0`0`0`0`0`0`1`0`1`1`1`1`0`0`0`0`0`0`0`0`1`0`1`0`0`0`0`0`1`1`0`0
                if(f%2)`ForStmt,false;IfStmt,false;`0`0`1`0`0`0`0`0`1`0`0`0`2`0`2`1`1`1`0`1`0`0`0`0`0`0`1`0`1`0`0`0`1`0`0`1`0`0
                    ans--;`ForStmt,false;IfStmt,false;`0`0`1`0`0`0`0`0`1`0`0`0`2`0`2`1`0`0`0`0`0`0`0`0`0`0`1`0`1`0`0`0`0`1`0`1`0`0
                    ans++;`ForStmt,false;IfStmt,false;`0`0`1`0`0`0`0`0`1`0`0`0`2`0`2`1`0`0`0`0`0`0`0`0`0`0`1`0`1`0`0`0`0`1`0`1`0`0
bool isprime(int x)`FunctionDecl,false;`1`0`0`0`0`0`0`0`0`0`0`0`1`0`1`0`0`0`0`0`0`0`0`0`0`0`0`0`0`0`0`0`0`0`0`0`0`0
    for(int f=2;f<=sqrt(x);f++)`FunctionDecl,false;ForStmt,false;`1`0`1`0`0`0`0`0`0`0`0`0`2`0`2`3`1`1`0`0`1`0`0`0`1`1`4`1`6`0`0`1`1`1`0`2`0`0
        if(x%f==0)`FunctionDecl,false;ForStmt,false;IfStmt,false;`1`0`1`0`0`0`0`0`1`0`0`0`3`0`3`2`1`1`0`1`0`0`0`0`0`0`2`0`2`0`0`0`2`0`0`2`0`0
            return false;`FunctionDecl,false;ForStmt,false;IfStmt,false;`1`0`1`0`0`0`0`0`1`0`0`0`3`0`3`0`1`0`0`0`0`0`0`0`0`0`0`0`0`0`0`0`0`0`0`0`0`0
    return true;`FunctionDecl,false;`1`0`0`0`0`0`0`0`0`0`0`0`1`0`1`0`1`0`0`0`0`0`0`0`0`0`0`0`0`0`0`0`0`0`0`0`0`0
int main()`FunctionDecl,false;`1`0`0`0`0`0`0`0`0`0`0`0`1`0`0`0`0`0`0`0`0`0`0`0`0`0`0`0`0`0`0`0`0`0`0`0`0`0
    long long a,b,c;`FunctionDecl,false;`1`0`0`0`0`0`0`0`0`0`0`0`1`0`0`0`0`0`0`0`0`0`0`0`0`3`0`1`4`0`0`0`0`0`0`0`0`0
    cin>>a>>b>>c;`FunctionDecl,false;`1`0`0`0`0`0`0`0`0`0`0`0`1`0`0`4`0`0`0`0`0`0`0`0`0`0`7`0`7`0`0`0`0`0`0`0`0`0
    cout<<(a-1)*(b-1)*(c-1)+2*(a-1+b-1+c-1)<<endl;`FunctionDecl,false;`1`0`0`0`0`0`0`0`0`0`0`0`1`0`0`7`7`7`0`0`0`0`0`0`0`0`10`0`10`0`0`0`12`0`0`12`0`1
    return 0;`FunctionDecl,false;`1`0`0`0`0`0`0`0`0`0`0`0`1`0`0`0`0`0`0`0`0`0`0`0`0`0`0`0`0`0`0`0`0`0`0`0`0`0
