code`block`FunctionDecl`FunctionDeclRec`ForStmt`ForStmtRec`DoStmt`DoStmtRec`WhileStmt`WhileStmtRec`IfStmt`IfStmtRec`SwitchStmt`SwitchStmtRec`countBlocks`countBlocksRec`countCondition`countVariable`countLiteral`IntegerLiteral`StringLiteral`IfStmt`ForStmt`WhileStmt`DoStmt`SwitchStmt`countLoop`VarDecl`DeclRefExpr`DeclStmt`countDecl`countPointer`writeFunction`CallExpr`BinaryOperator`UnaryOperator`CompoundAssignOperator`countOperand`ArraySubscriptE`RealFaultLocation
int main()`FunctionDecl,false;`1`0`0`0`0`0`0`0`0`0`0`0`1`0`0`0`0`0`0`0`0`0`0`0`0`0`0`0`0`0`0`0`0`0`0`0`0`1
	int a,b,c,d;`FunctionDecl,false;`1`0`0`0`0`0`0`0`0`0`0`0`1`0`0`0`0`0`0`0`0`0`0`0`0`4`0`1`5`0`0`0`0`0`0`0`0`0
	cin>>a>>b>>c>>d;`FunctionDecl,false;`1`0`0`0`0`0`0`0`0`0`0`0`1`0`0`5`0`0`0`0`0`0`0`0`0`0`9`0`9`0`0`0`0`0`0`0`0`0
	bool flag=false;`FunctionDecl,false;`1`0`0`0`0`0`0`0`0`0`0`0`1`0`0`0`1`0`0`0`0`0`0`0`0`1`0`1`2`0`0`0`0`0`0`0`0`0
	if (c>=b-1 && c<=b+3) flag=true;`FunctionDecl,false;IfStmt,false;`1`0`0`0`0`0`0`0`1`0`0`0`2`0`6`5`3`2`0`1`0`0`0`0`0`0`5`0`5`0`0`0`6`0`0`6`0`0
	if (d>=a-1 && d<=a+3) flag=true;`FunctionDecl,false;IfStmt,false;`1`0`0`0`0`0`0`0`1`0`0`0`2`0`6`5`3`2`0`1`0`0`0`0`0`0`5`0`5`0`0`0`6`0`0`6`0`0
	if (flag)`FunctionDecl,false;IfStmt,false;`1`0`0`0`0`0`0`0`1`0`0`0`2`0`2`1`0`0`0`1`0`0`0`0`0`0`1`0`1`0`0`0`0`0`0`0`0`0
		cout<<"YES"<<endl;`FunctionDecl,false;IfStmt,false;`1`0`0`0`0`0`0`0`1`0`0`0`2`0`2`1`1`0`1`0`0`0`0`0`0`0`4`0`4`0`0`0`0`0`0`0`0`0
		cout<<"NO"<<endl;`FunctionDecl,false;IfStmt,false;`1`0`0`0`0`0`0`0`1`0`0`0`2`0`2`1`1`0`1`0`0`0`0`0`0`0`4`0`4`0`0`0`0`0`0`0`0`1
	return 0;`FunctionDecl,false;`1`0`0`0`0`0`0`0`0`0`0`0`1`0`0`0`0`0`0`0`0`0`0`0`0`0`0`0`0`0`0`0`0`0`0`0`0`0
