code`block`FunctionDecl`FunctionDeclRec`ForStmt`ForStmtRec`DoStmt`DoStmtRec`WhileStmt`WhileStmtRec`IfStmt`IfStmtRec`SwitchStmt`SwitchStmtRec`countBlocks`countBlocksRec`countCondition`countVariable`countLiteral`IntegerLiteral`StringLiteral`IfStmt`ForStmt`WhileStmt`DoStmt`SwitchStmt`countLoop`VarDecl`DeclRefExpr`DeclStmt`countDecl`countPointer`writeFunction`CallExpr`BinaryOperator`UnaryOperator`CompoundAssignOperator`countOperand`ArraySubscriptE`RealFaultLocation
int main() {`FunctionDecl,false;`1`0`0`0`0`0`0`0`0`0`0`0`1`0`0`0`0`0`0`0`0`0`0`0`0`0`0`0`0`0`0`0`0`0`0`0`0`1
	int a, b, c, d;`FunctionDecl,false;`1`0`0`0`0`0`0`0`0`0`0`0`1`0`0`0`0`0`0`0`0`0`0`0`0`4`0`1`5`0`0`0`0`0`0`0`0`0
	scanf("%d%d%d%d", &a, &b, &c, &d);`FunctionDecl,false;`1`0`0`0`0`0`0`0`0`0`0`0`1`0`0`4`1`0`1`0`0`0`0`0`0`0`5`0`5`4`0`1`0`4`0`4`0`0
	puts(a - 1 <= d && d <= a + 3 || b - 1 <= c && c <= b + 3 ? "YES" : "NO");`FunctionDecl,false;`1`0`0`0`0`0`0`0`0`0`0`0`1`0`0`8`5`4`1`0`0`0`0`0`0`0`9`0`9`0`0`1`11`0`0`11`0`0
