code`block`FunctionDecl`FunctionDeclRec`ForStmt`ForStmtRec`DoStmt`DoStmtRec`WhileStmt`WhileStmtRec`IfStmt`IfStmtRec`SwitchStmt`SwitchStmtRec`countBlocks`countBlocksRec`countCondition`countVariable`countLiteral`IntegerLiteral`StringLiteral`IfStmt`ForStmt`WhileStmt`DoStmt`SwitchStmt`countLoop`VarDecl`DeclRefExpr`DeclStmt`countDecl`countPointer`writeFunction`CallExpr`BinaryOperator`UnaryOperator`CompoundAssignOperator`countOperand`ArraySubscriptE`RealFaultLocation
    int a,b,c;`FunctionDecl,false;`1`0`0`0`0`0`0`0`0`0`0`0`1`0`0`0`0`0`0`0`0`0`0`0`0`3`0`1`4`0`0`0`0`0`0`0`0`1
    while(scanf("%d %d %d",&a,&b,&c)!=EOF)`FunctionDecl,false;WhileStmt,false;`1`0`0`0`0`0`1`0`0`0`0`0`2`0`1`3`2`1`1`0`0`1`0`0`1`0`4`0`4`3`0`1`1`4`0`5`0`0
        double x;`FunctionDecl,false;WhileStmt,false;`1`0`0`0`0`0`1`0`0`0`0`0`2`0`1`0`0`0`0`0`0`0`0`0`0`1`0`1`2`0`0`0`0`0`0`0`0`0
        int s;`FunctionDecl,false;WhileStmt,false;`1`0`0`0`0`0`1`0`0`0`0`0`2`0`1`0`0`0`0`0`0`0`0`0`0`1`0`1`2`0`0`0`0`0`0`0`0`0
        x=(double)c/100;`FunctionDecl,false;WhileStmt,false;`1`0`0`0`0`0`1`0`0`0`0`0`2`0`1`2`1`1`0`0`0`0`0`0`0`0`2`0`2`0`0`0`2`0`0`2`0`0
        x=x*a-b;`FunctionDecl,false;WhileStmt,false;`1`0`0`0`0`0`1`0`0`0`0`0`2`0`1`4`0`0`0`0`0`0`0`0`0`0`4`0`4`0`0`0`3`0`0`3`0`0
        if((int)x<x)`FunctionDecl,false;WhileStmt,false;IfStmt,false;`1`0`0`0`0`0`1`0`1`0`0`0`3`0`2`2`0`0`0`1`0`0`0`0`0`0`2`0`2`0`0`0`1`0`0`1`0`0
            s=(int)x+1;`FunctionDecl,false;WhileStmt,false;IfStmt,false;`1`0`0`0`0`0`1`0`1`0`0`0`3`0`2`2`1`1`0`0`0`0`0`0`0`0`2`0`2`0`0`0`2`0`0`2`0`0
            s=(int)x;`FunctionDecl,false;WhileStmt,false;IfStmt,false;`1`0`0`0`0`0`1`0`1`0`0`0`3`0`2`2`0`0`0`0`0`0`0`0`0`0`2`0`2`0`0`0`1`0`0`1`0`0
        printf("%d",s);`FunctionDecl,false;WhileStmt,false;`1`0`0`0`0`0`1`0`0`0`0`0`2`0`1`1`1`0`1`0`0`0`0`0`0`0`2`0`2`0`0`1`0`0`0`0`0`0
    return 0;`FunctionDecl,false;`1`0`0`0`0`0`0`0`0`0`0`0`1`0`0`0`0`0`0`0`0`0`0`0`0`0`0`0`0`0`0`0`0`0`0`0`0`0
