code`block`FunctionDecl`FunctionDeclRec`ForStmt`ForStmtRec`DoStmt`DoStmtRec`WhileStmt`WhileStmtRec`IfStmt`IfStmtRec`SwitchStmt`SwitchStmtRec`countBlocks`countBlocksRec`countCondition`countVariable`countLiteral`IntegerLiteral`StringLiteral`IfStmt`ForStmt`WhileStmt`DoStmt`SwitchStmt`countLoop`VarDecl`DeclRefExpr`DeclStmt`countDecl`countPointer`writeFunction`CallExpr`BinaryOperator`UnaryOperator`CompoundAssignOperator`countOperand`ArraySubscriptE`RealFaultLocation
    int a,b,c,sum,e;`FunctionDecl,false;`1`0`0`0`0`0`0`0`0`0`0`0`1`0`0`0`0`0`0`0`0`0`0`0`0`5`0`1`6`0`0`0`0`0`0`0`0`0
    double s;`FunctionDecl,false;`1`0`0`0`0`0`0`0`0`0`0`0`1`0`0`0`0`0`0`0`0`0`0`0`0`1`0`1`2`0`0`0`0`0`0`0`0`0
    while(scanf("%d%d%d",&a,&b,&c)!=EOF)`FunctionDecl,false;WhileStmt,false;`1`0`0`0`0`0`1`0`0`0`0`0`2`0`1`3`2`1`1`0`0`1`0`0`1`0`4`0`4`3`0`1`1`4`0`5`0`0
       s=(double)(c)/100;`FunctionDecl,false;WhileStmt,false;`1`0`0`0`0`0`1`0`0`0`0`0`2`0`1`2`1`1`0`0`0`0`0`0`0`0`2`0`2`0`0`0`2`0`0`2`0`0
       s=s*a;`FunctionDecl,false;WhileStmt,false;`1`0`0`0`0`0`1`0`0`0`0`0`2`0`1`3`0`0`0`0`0`0`0`0`0`0`3`0`3`0`0`0`2`0`0`2`0`0
       if(s-(int)(s)!=0)`FunctionDecl,false;WhileStmt,false;IfStmt,false;`1`0`0`0`0`0`1`0`1`0`0`0`3`0`2`2`1`1`0`1`0`0`0`0`0`0`2`0`2`0`0`0`2`0`0`2`0`0
       e=(int)(s)+1;`FunctionDecl,false;WhileStmt,false;IfStmt,false;`1`0`0`0`0`0`1`0`1`0`0`0`3`0`2`2`1`1`0`0`0`0`0`0`0`0`2`0`2`0`0`0`2`0`0`2`0`0
       e=(int)(s);`FunctionDecl,false;WhileStmt,false;IfStmt,false;`1`0`0`0`0`0`1`0`1`0`0`0`3`0`2`2`0`0`0`0`0`0`0`0`0`0`2`0`2`0`0`0`1`0`0`1`0`0
       sum=e-b;`FunctionDecl,false;WhileStmt,false;`1`0`0`0`0`0`1`0`0`0`0`0`2`0`1`3`0`0`0`0`0`0`0`0`0`0`3`0`3`0`0`0`2`0`0`2`0`0
       printf("%d\n",sum);`FunctionDecl,false;WhileStmt,false;`1`0`0`0`0`0`1`0`0`0`0`0`2`0`1`1`1`0`1`0`0`0`0`0`0`0`2`0`2`0`0`1`0`0`0`0`0`1
    return 0;`FunctionDecl,false;`1`0`0`0`0`0`0`0`0`0`0`0`1`0`0`0`0`0`0`0`0`0`0`0`0`0`0`0`0`0`0`0`0`0`0`0`0`0
