code`block`FunctionDecl`FunctionDeclRec`ForStmt`ForStmtRec`DoStmt`DoStmtRec`WhileStmt`WhileStmtRec`IfStmt`IfStmtRec`SwitchStmt`SwitchStmtRec`countBlocks`countBlocksRec`countCondition`countVariable`countLiteral`IntegerLiteral`StringLiteral`IfStmt`ForStmt`WhileStmt`DoStmt`SwitchStmt`countLoop`VarDecl`DeclRefExpr`DeclStmt`countDecl`countPointer`writeFunction`CallExpr`BinaryOperator`UnaryOperator`CompoundAssignOperator`countOperand`ArraySubscriptE`RealFaultLocation
bool dfs(lo id, lo fr)`FunctionDecl,true;`1`1`0`0`0`0`0`0`0`0`0`0`1`1`1`0`2`2`0`0`0`0`0`0`0`2`0`0`2`0`0`0`0`0`0`0`0`0
	used[id]++;`FunctionDecl,true;`1`1`0`0`0`0`0`0`0`0`0`0`1`1`1`2`0`0`0`0`0`0`0`0`0`0`3`0`3`0`0`0`0`1`0`1`0`0
	for(lo i = 0; i < (lo) g[id].size(); i++)`FunctionDecl,true;ForStmt,false;`1`1`1`0`0`0`0`0`0`0`0`0`2`1`1`0`0`0`0`0`1`0`0`0`1`0`0`0`0`0`0`0`0`0`0`0`0`0
		if(to == fr) continue;`FunctionDecl,true;ForStmt,false;IfStmt,false;`1`1`1`0`0`0`0`0`1`0`0`0`3`1`2`9`1`1`0`1`0`0`0`0`0`2`12`2`16`0`0`0`2`1`0`3`0`0
		if(used[to] && id != f && (to != f || num == 1)) return false;`FunctionDecl,true;ForStmt,false;IfStmt,false;`1`1`1`0`0`0`0`0`1`0`0`0`3`1`10`7`2`1`0`1`0`0`0`0`0`0`8`0`8`0`0`0`6`0`0`6`0`0
		if(used[to] && id != f ) num++;`FunctionDecl,true;ForStmt,false;IfStmt,false;`1`1`1`0`0`0`0`0`1`0`0`0`3`1`4`5`0`0`0`1`0`0`0`0`0`0`6`0`6`0`0`0`2`1`0`3`0`0
		if(!used[to] && !dfs(to, id)) return false;`FunctionDecl,true;ForStmt,false;IfStmt,false;`1`1`1`0`0`0`0`0`1`0`0`0`3`1`9`4`1`0`0`1`0`0`0`0`0`0`6`0`6`0`1`1`1`2`0`3`0`0
	return true;`FunctionDecl,true;`1`1`0`0`0`0`0`0`0`0`0`0`1`1`1`0`1`0`0`0`0`0`0`0`0`0`0`0`0`0`0`0`0`0`0`0`0`0
int main()`FunctionDecl,false;`1`0`0`0`0`0`0`0`0`0`0`0`1`0`0`0`0`0`0`0`0`0`0`0`0`0`0`0`0`0`0`0`0`0`0`0`0`0
	cin >> n >> m;`FunctionDecl,false;`1`0`0`0`0`0`0`0`0`0`0`0`1`0`0`3`0`0`0`0`0`0`0`0`0`2`5`1`8`0`0`0`0`0`0`0`0`0
	g.resize(n);`FunctionDecl,false;`1`0`0`0`0`0`0`0`0`0`0`0`1`0`0`2`0`0`0`0`0`0`0`0`0`0`2`0`2`0`0`0`0`0`0`0`0`0
	for(lo i = 0; i < m; i++)`FunctionDecl,false;ForStmt,false;`1`0`1`0`0`0`0`0`0`0`0`0`2`0`0`0`0`0`0`0`1`0`0`0`1`2`0`1`3`0`0`0`0`0`0`0`0`0
		cin >> a >> b;`FunctionDecl,false;ForStmt,false;`1`0`1`0`0`0`0`0`0`0`0`0`2`0`0`6`1`1`0`0`0`0`0`0`0`1`8`1`10`0`0`0`1`1`0`2`0`0
		a--;`FunctionDecl,false;ForStmt,false;`1`0`1`0`0`0`0`0`0`0`0`0`2`0`0`1`0`0`0`0`0`0`0`0`0`0`1`0`1`0`0`0`0`1`0`1`0`0
		b--;`FunctionDecl,false;ForStmt,false;`1`0`1`0`0`0`0`0`0`0`0`0`2`0`0`1`0`0`0`0`0`0`0`0`0`0`1`0`1`0`0`0`0`1`0`1`0`0
		g[a].push_back(b);`FunctionDecl,false;ForStmt,false;`1`0`1`0`0`0`0`0`0`0`0`0`2`0`0`3`0`0`0`0`0`0`0`0`0`0`4`0`4`0`0`0`0`0`0`0`0`0
		g[b].push_back(a);`FunctionDecl,false;ForStmt,false;`1`0`1`0`0`0`0`0`0`0`0`0`2`0`0`3`0`0`0`0`0`0`0`0`0`0`4`0`4`0`0`0`0`0`0`0`0`0
	for(lo i = 0; i < n; i++)`FunctionDecl,false;ForStmt,false;`1`0`1`0`0`0`0`0`0`0`0`0`2`0`0`0`0`0`0`0`1`0`0`0`1`0`0`0`0`0`0`0`0`0`0`0`0`0
		used.assign(n, 0);`FunctionDecl,false;ForStmt,false;`1`0`1`0`0`0`0`0`0`0`0`0`2`0`0`5`2`2`0`0`0`0`0`0`0`1`5`1`7`0`0`0`1`1`0`2`0`0
		num = 0;`FunctionDecl,false;ForStmt,false;`1`0`1`0`0`0`0`0`0`0`0`0`2`0`0`1`1`1`0`0`0`0`0`0`0`0`1`0`1`0`0`0`1`0`0`1`0`0
		f = i;`FunctionDecl,false;ForStmt,false;`1`0`1`0`0`0`0`0`0`0`0`0`2`0`0`2`0`0`0`0`0`0`0`0`0`0`2`0`2`0`0`0`1`0`0`1`0`0
		if(dfs(i, -1) && num == 1)`FunctionDecl,false;ForStmt,false;IfStmt,false;`1`0`1`0`0`0`0`0`1`0`0`0`3`0`5`2`2`2`0`1`0`0`0`0`0`0`3`0`3`0`1`1`2`1`0`3`0`0
			cout << "FHTAGN!";`FunctionDecl,false;ForStmt,false;IfStmt,false;`1`0`1`0`0`0`0`0`1`0`0`0`3`0`5`1`1`0`1`0`0`0`0`0`0`0`2`0`2`0`0`0`0`0`0`0`0`1
			return 0;`FunctionDecl,false;ForStmt,false;IfStmt,false;`1`0`1`0`0`0`0`0`1`0`0`0`3`0`5`0`1`1`0`0`0`0`0`0`0`0`0`0`0`0`0`0`0`0`0`0`0`0
	cout << "NO";`FunctionDecl,false;`1`0`0`0`0`0`0`0`0`0`0`0`1`0`0`1`0`0`0`0`0`0`0`0`0`0`2`0`2`0`0`0`0`0`0`0`0`0
