code`block`FunctionDecl`FunctionDeclRec`ForStmt`ForStmtRec`DoStmt`DoStmtRec`WhileStmt`WhileStmtRec`IfStmt`IfStmtRec`SwitchStmt`SwitchStmtRec`countBlocks`countBlocksRec`countCondition`countVariable`countLiteral`IntegerLiteral`StringLiteral`IfStmt`ForStmt`WhileStmt`DoStmt`SwitchStmt`countLoop`VarDecl`DeclRefExpr`DeclStmt`countDecl`countPointer`writeFunction`CallExpr`BinaryOperator`UnaryOperator`CompoundAssignOperator`countOperand`ArraySubscriptE`RealFaultLocation
#define ll long long`FunctionDecl,false;`1`0`0`0`0`0`0`0`0`0`0`0`1`0`1`4`0`0`0`0`0`0`0`0`0`0`4`0`4`0`0`0`1`0`0`1`0`0
int main()`FunctionDecl,false;`1`0`0`0`0`0`0`0`0`0`0`0`1`0`0`0`0`0`0`0`0`0`0`0`0`0`0`0`0`0`0`0`0`0`0`0`0`0
    cin>>n>>m;`FunctionDecl,false;`1`0`0`0`0`0`0`0`0`0`0`0`1`0`0`3`0`0`0`0`0`0`0`0`0`9`5`2`16`0`0`0`0`0`0`0`0`1
    for(i=1;i<=n;i++) cin>>t[i]>>T[i]>>x[i]>>c[i];`FunctionDecl,false;ForStmt,false;`1`0`1`0`0`0`0`0`0`0`0`0`2`0`1`13`1`1`0`0`1`0`0`0`1`0`17`0`17`0`0`0`2`1`0`3`4`0
    for(i=1;i<=n;i++)`FunctionDecl,false;ForStmt,false;`1`0`1`0`0`0`0`0`0`0`0`0`2`0`1`4`2`2`0`0`1`0`0`0`1`2`4`1`7`0`0`0`2`1`0`3`0`0
        tmp=((t[i]+m-T[i])>0?m:0)*x[i]+c[i];`FunctionDecl,false;ForStmt,false;`1`0`1`0`0`0`0`0`0`0`0`0`2`0`1`11`2`2`0`0`0`0`0`0`0`0`11`0`11`0`0`0`6`0`0`6`4`0
        if(T[i]>t[i])`FunctionDecl,false;ForStmt,false;IfStmt,false;`1`0`1`0`0`0`0`0`1`0`0`0`3`0`2`4`0`0`0`1`0`0`0`0`0`0`4`0`4`0`0`0`1`0`0`1`2`0
            tmp=min((m/(T[i]-t[i])+(m%(T[i]-t[i])>0))*c[i],tmp);`FunctionDecl,false;ForStmt,false;IfStmt,false;`1`0`1`0`0`0`0`0`1`0`0`0`3`0`2`14`1`1`0`0`0`0`0`0`0`0`15`0`15`0`1`1`8`0`0`8`5`0
        ans+=tmp;`FunctionDecl,false;ForStmt,false;`1`0`1`0`0`0`0`0`0`0`0`0`2`0`1`2`0`0`0`0`0`0`0`0`0`0`2`0`2`0`0`0`0`0`1`1`0`0
    cout<<ans<<endl;`FunctionDecl,false;`1`0`0`0`0`0`0`0`0`0`0`0`1`0`0`2`0`0`0`0`0`0`0`0`0`0`5`0`5`0`0`0`0`0`0`0`0`0
    return 0;`FunctionDecl,false;`1`0`0`0`0`0`0`0`0`0`0`0`1`0`0`0`0`0`0`0`0`0`0`0`0`0`0`0`0`0`0`0`0`0`0`0`0`0
