code`block`FunctionDecl`FunctionDeclRec`ForStmt`ForStmtRec`DoStmt`DoStmtRec`WhileStmt`WhileStmtRec`IfStmt`IfStmtRec`SwitchStmt`SwitchStmtRec`countBlocks`countBlocksRec`countCondition`countVariable`countLiteral`IntegerLiteral`StringLiteral`IfStmt`ForStmt`WhileStmt`DoStmt`SwitchStmt`countLoop`VarDecl`DeclRefExpr`DeclStmt`countDecl`countPointer`writeFunction`CallExpr`BinaryOperator`UnaryOperator`CompoundAssignOperator`countOperand`ArraySubscriptE`RealFaultLocation
int calc(int i,int j,bool y){`FunctionDecl,true;`1`1`0`0`0`0`0`0`0`0`0`0`1`1`2`0`0`0`0`0`0`0`0`0`0`0`0`0`0`0`0`0`0`0`0`0`0`0
    if(!A[i])`FunctionDecl,true;IfStmt,false;`1`1`0`0`0`0`0`0`1`0`0`0`2`1`4`2`0`0`0`1`0`0`0`0`0`0`2`0`2`0`0`0`0`1`0`1`1`0
        return 2048;`FunctionDecl,true;IfStmt,false;`1`1`0`0`0`0`0`0`1`0`0`0`2`1`4`0`1`1`0`0`0`0`0`0`0`0`0`0`0`0`0`0`0`0`0`0`0`1
    if(!B[j])`FunctionDecl,true;IfStmt,false;`1`1`0`0`0`0`0`0`1`0`0`0`2`1`4`2`0`0`0`1`0`0`0`0`0`0`2`0`2`0`0`0`0`1`0`1`1`0
        return 0;`FunctionDecl,true;IfStmt,false;`1`1`0`0`0`0`0`0`1`0`0`0`2`1`4`0`1`1`0`0`0`0`0`0`0`0`0`0`0`0`0`0`0`0`0`0`0`0
    if(!vis[i][j][y]){`FunctionDecl,true;IfStmt,false;`1`1`0`0`0`0`0`0`1`0`0`0`2`1`13`4`0`0`0`1`0`0`0`0`0`0`4`0`4`0`0`0`0`1`0`1`3`0
        vis[i][j][y]=true;`FunctionDecl,true;IfStmt,false;`1`1`0`0`0`0`0`0`1`0`0`0`2`1`13`4`1`0`0`0`0`0`0`0`0`0`4`0`4`0`0`0`1`0`0`1`3`0
        dp[i][j][y]=j?lenB-j:2048;`FunctionDecl,true;IfStmt,false;`1`1`0`0`0`0`0`0`1`0`0`0`2`1`13`7`1`1`0`0`0`0`0`0`0`0`7`0`7`0`0`0`2`0`0`2`3`1
        if(!y)`FunctionDecl,true;IfStmt,false;IfStmt,false;`1`1`0`0`0`0`0`0`2`0`0`0`3`1`16`1`0`0`0`1`0`0`0`0`0`0`1`0`1`0`0`0`0`1`0`1`0`0
            dp[i][j][y]=min(dp[i][j][y],1+calc(i,j+1,y));`FunctionDecl,true;IfStmt,false;IfStmt,false;`1`1`0`0`0`0`0`0`2`0`0`0`3`1`16`11`2`2`0`0`0`0`0`0`0`0`13`0`13`0`1`2`3`0`0`3`6`0
        if(!j)`FunctionDecl,true;IfStmt,false;IfStmt,false;`1`1`0`0`0`0`0`0`2`0`0`0`3`1`15`1`0`0`0`1`0`0`0`0`0`0`1`0`1`0`0`0`0`1`0`1`0`0
            dp[i][j][y]=min(dp[i][j][y],calc(i+1,j,y));`FunctionDecl,true;IfStmt,false;IfStmt,false;`1`1`0`0`0`0`0`0`2`0`0`0`3`1`15`11`1`1`0`0`0`0`0`0`0`0`13`0`13`0`1`2`2`0`0`2`6`0
        dp[i][j][y]=min(dp[i][j][y],(A[i]!=B[j])+calc(i+1,j+1,true));`FunctionDecl,true;IfStmt,false;`1`1`0`0`0`0`0`0`1`0`0`0`2`1`13`14`3`2`0`0`0`0`0`0`0`0`16`0`16`0`1`2`5`0`0`5`8`0
    return dp[i][j][y];`FunctionDecl,true;`1`1`0`0`0`0`0`0`0`0`0`0`1`1`2`4`0`0`0`0`0`0`0`0`0`0`4`0`4`0`0`0`0`0`0`0`3`0
int main()`FunctionDecl,false;`1`0`0`0`0`0`0`0`0`0`0`0`1`0`0`0`0`0`0`0`0`0`0`0`0`0`0`0`0`0`0`0`0`0`0`0`0`0
    gets(A);`FunctionDecl,false;`1`0`0`0`0`0`0`0`0`0`0`0`1`0`0`1`0`0`0`0`0`0`0`0`0`0`2`0`2`0`0`1`0`0`0`0`0`0
    gets(B);`FunctionDecl,false;`1`0`0`0`0`0`0`0`0`0`0`0`1`0`0`1`0`0`0`0`0`0`0`0`0`0`2`0`2`0`0`1`0`0`0`0`0`0
    lenB=strlen(B);`FunctionDecl,false;`1`0`0`0`0`0`0`0`0`0`0`0`1`0`0`2`0`0`0`0`0`0`0`0`0`0`3`0`3`0`0`1`1`0`0`1`0`0
    printf("%d",calc(0,0,false));`FunctionDecl,false;`1`0`0`0`0`0`0`0`0`0`0`0`1`0`0`0`4`2`1`0`0`0`0`0`0`0`2`0`2`0`1`2`0`0`0`0`0`0
    return 0;`FunctionDecl,false;`1`0`0`0`0`0`0`0`0`0`0`0`1`0`0`0`0`0`0`0`0`0`0`0`0`0`0`0`0`0`0`0`0`0`0`0`0`0
