code`block`FunctionDecl`FunctionDeclRec`ForStmt`ForStmtRec`DoStmt`DoStmtRec`WhileStmt`WhileStmtRec`IfStmt`IfStmtRec`SwitchStmt`SwitchStmtRec`countBlocks`countBlocksRec`countCondition`countVariable`countLiteral`IntegerLiteral`StringLiteral`IfStmt`ForStmt`WhileStmt`DoStmt`SwitchStmt`countLoop`VarDecl`DeclRefExpr`DeclStmt`countDecl`countPointer`writeFunction`CallExpr`BinaryOperator`UnaryOperator`CompoundAssignOperator`countOperand`ArraySubscriptE`RealFaultLocation
int calc(int i,int j){`FunctionDecl,true;`1`1`0`0`0`0`0`0`0`0`0`0`1`1`0`0`0`0`0`0`0`0`0`0`0`0`0`0`0`0`0`0`0`0`0`0`0`1
    if(!A[i])`FunctionDecl,true;IfStmt,false;`1`1`0`0`0`0`0`0`1`0`0`0`2`1`2`2`0`0`0`1`0`0`0`0`0`0`2`0`2`0`0`0`0`1`0`1`1`0
        return lenB-j;`FunctionDecl,true;IfStmt,false;`1`1`0`0`0`0`0`0`1`0`0`0`2`1`2`2`0`0`0`0`0`0`0`0`0`0`2`0`2`0`0`0`1`0`0`1`0`0
    if(!B[j])`FunctionDecl,true;IfStmt,false;`1`1`0`0`0`0`0`0`1`0`0`0`2`1`2`2`0`0`0`1`0`0`0`0`0`0`2`0`2`0`0`0`0`1`0`1`1`0
        return 0;`FunctionDecl,true;IfStmt,false;`1`1`0`0`0`0`0`0`1`0`0`0`2`1`2`0`1`1`0`0`0`0`0`0`0`0`0`0`0`0`0`0`0`0`0`0`0`0
    if(!vis[i][j]){`FunctionDecl,true;IfStmt,false;`1`1`0`0`0`0`0`0`1`0`0`0`2`1`7`3`0`0`0`1`0`0`0`0`0`0`3`0`3`0`0`0`0`1`0`1`2`1
        vis[i][j]=true;`FunctionDecl,true;IfStmt,false;`1`1`0`0`0`0`0`0`1`0`0`0`2`1`7`3`1`0`0`0`0`0`0`0`0`0`3`0`3`0`0`0`1`0`0`1`2`0
        dp[i][j]=2048;`FunctionDecl,true;IfStmt,false;`1`1`0`0`0`0`0`0`1`0`0`0`2`1`7`3`1`1`0`0`0`0`0`0`0`0`3`0`3`0`0`0`1`0`0`1`2`0
        if(!j)`FunctionDecl,true;IfStmt,false;IfStmt,false;`1`1`0`0`0`0`0`0`2`0`0`0`3`1`9`1`0`0`0`1`0`0`0`0`0`0`1`0`1`0`0`0`0`1`0`1`0`0
            dp[i][j]=calc(i+1,j);`FunctionDecl,true;IfStmt,false;IfStmt,false;`1`1`0`0`0`0`0`0`2`0`0`0`3`1`9`5`1`1`0`0`0`0`0`0`0`0`6`0`6`0`1`1`2`0`0`2`2`1
        dp[i][j]=min(dp[i][j],(A[i]!=B[j])+calc(i+1,j+1));`FunctionDecl,true;IfStmt,false;`1`1`0`0`0`0`0`0`1`0`0`0`2`1`7`12`2`2`0`0`0`0`0`0`0`0`14`0`14`0`1`2`5`0`0`5`6`0
    return dp[i][j];`FunctionDecl,true;`1`1`0`0`0`0`0`0`0`0`0`0`1`1`0`3`0`0`0`0`0`0`0`0`0`0`3`0`3`0`0`0`0`0`0`0`2`0
int main()`FunctionDecl,false;`1`0`0`0`0`0`0`0`0`0`0`0`1`0`0`0`0`0`0`0`0`0`0`0`0`0`0`0`0`0`0`0`0`0`0`0`0`0
    gets(A);`FunctionDecl,false;`1`0`0`0`0`0`0`0`0`0`0`0`1`0`0`1`0`0`0`0`0`0`0`0`0`0`2`0`2`0`0`1`0`0`0`0`0`0
    gets(B);`FunctionDecl,false;`1`0`0`0`0`0`0`0`0`0`0`0`1`0`0`1`0`0`0`0`0`0`0`0`0`0`2`0`2`0`0`1`0`0`0`0`0`0
    lenB=strlen(B);`FunctionDecl,false;`1`0`0`0`0`0`0`0`0`0`0`0`1`0`0`2`0`0`0`0`0`0`0`0`0`0`3`0`3`0`0`1`1`0`0`1`0`0
    printf("%d",calc(0,0));`FunctionDecl,false;`1`0`0`0`0`0`0`0`0`0`0`0`1`0`0`0`3`2`1`0`0`0`0`0`0`0`2`0`2`0`1`2`0`0`0`0`0`1
    return 0;`FunctionDecl,false;`1`0`0`0`0`0`0`0`0`0`0`0`1`0`0`0`0`0`0`0`0`0`0`0`0`0`0`0`0`0`0`0`0`0`0`0`0`0
