code`block`FunctionDecl`FunctionDeclRec`ForStmt`ForStmtRec`DoStmt`DoStmtRec`WhileStmt`WhileStmtRec`IfStmt`IfStmtRec`SwitchStmt`SwitchStmtRec`countBlocks`countBlocksRec`countCondition`countVariable`countLiteral`IntegerLiteral`StringLiteral`IfStmt`ForStmt`WhileStmt`DoStmt`SwitchStmt`countLoop`VarDecl`DeclRefExpr`DeclStmt`countDecl`countPointer`writeFunction`CallExpr`BinaryOperator`UnaryOperator`CompoundAssignOperator`countOperand`ArraySubscriptE`RealFaultLocation
int find(int x){`FunctionDecl,true;`1`1`0`0`0`0`0`0`0`0`0`0`1`1`0`0`0`0`0`0`0`0`0`0`0`0`0`0`0`0`0`0`0`0`0`0`0`1
    if (x != par[x]) par[x] = find(par[x]);`FunctionDecl,true;IfStmt,false;`1`1`0`0`0`0`0`0`1`0`0`0`2`1`1`7`0`0`0`1`0`0`0`0`0`0`8`0`8`0`1`1`2`0`0`2`3`0
    return par[x];`FunctionDecl,true;`1`1`0`0`0`0`0`0`0`0`0`0`1`1`0`2`0`0`0`0`0`0`0`0`0`0`2`0`2`0`0`0`0`0`0`0`1`0
void merge(int x,int y){`FunctionDecl,false;`1`0`0`0`0`0`0`0`0`0`0`0`1`0`0`0`0`0`0`0`0`0`0`0`0`0`0`0`0`0`0`0`0`0`0`0`0`0
    x = par[x], y = par[y];`FunctionDecl,false;`1`0`0`0`0`0`0`0`0`0`0`0`1`0`0`6`0`0`0`0`0`0`0`0`0`0`6`0`6`0`0`0`3`0`0`3`2`1
    if (x == y) return;`FunctionDecl,false;IfStmt,false;`1`0`0`0`0`0`0`0`1`0`0`0`2`0`1`2`0`0`0`1`0`0`0`0`0`0`2`0`2`0`0`0`1`0`0`1`0`0
    if (rank[x] > rank[y]) par[y] = x;`FunctionDecl,false;IfStmt,false;`1`0`0`0`0`0`0`0`1`0`0`0`2`0`1`7`0`0`0`1`0`0`0`0`0`0`7`0`7`0`0`0`2`0`0`2`3`0
    else par[x] = y;`FunctionDecl,false;IfStmt,false;`1`0`0`0`0`0`0`0`1`0`0`0`2`0`1`3`0`0`0`0`0`0`0`0`0`0`3`0`3`0`0`0`1`0`0`1`1`0
    rank[y] += (rank[x] == rank[y]);`FunctionDecl,false;`1`0`0`0`0`0`0`0`0`0`0`0`1`0`0`6`0`0`0`0`0`0`0`0`0`0`6`0`6`0`0`0`1`0`1`2`3`0
bool func(int n){`FunctionDecl,false;`1`0`0`0`0`0`0`0`0`0`0`0`1`0`1`0`0`0`0`0`0`0`0`0`0`0`0`0`0`0`0`0`0`0`0`0`0`0
    int count = n;  `FunctionDecl,false;`1`0`0`0`0`0`0`0`0`0`0`0`1`0`1`1`0`0`0`0`0`0`0`0`0`1`1`1`3`0`0`0`0`0`0`0`0`1
        if (find(i) != i) count--;`FunctionDecl,false;ForStmt,false;IfStmt,false;`1`0`1`0`0`0`0`0`1`0`0`0`3`0`2`6`2`2`0`1`1`0`0`0`1`1`7`1`9`0`1`1`2`1`1`4`0`0
    return (count == 1);`FunctionDecl,false;`1`0`0`0`0`0`0`0`0`0`0`0`1`0`1`1`1`1`0`0`0`0`0`0`0`0`1`0`1`0`0`0`1`0`0`1`0`0
int main()`FunctionDecl,false;`1`0`0`0`0`0`0`0`0`0`0`0`1`0`0`0`0`0`0`0`0`0`0`0`0`0`0`0`0`0`0`0`0`0`0`0`0`0
    int n,m;`FunctionDecl,false;`1`0`0`0`0`0`0`0`0`0`0`0`1`0`0`0`0`0`0`0`0`0`0`0`0`2`0`1`3`0`0`0`0`0`0`0`0`0
    cin >> n >> m;`FunctionDecl,false;`1`0`0`0`0`0`0`0`0`0`0`0`1`0`0`3`0`0`0`0`0`0`0`0`0`0`5`0`5`0`0`0`0`0`0`0`0`0
        par[i] = i, rank[i] = 0,valid[i] = false;`FunctionDecl,false;ForStmt,false;`1`0`1`0`0`0`0`0`0`0`0`0`2`0`0`10`4`3`0`0`1`0`0`0`1`1`10`1`12`0`0`0`6`0`1`7`3`1
    int num1,num2;`FunctionDecl,false;`1`0`0`0`0`0`0`0`0`0`0`0`1`0`0`0`0`0`0`0`0`0`0`0`0`2`0`1`3`0`0`0`0`0`0`0`0`0
        cin >> num1 >> num2;`FunctionDecl,false;ForStmt,false;`1`0`1`0`0`0`0`0`0`0`0`0`2`0`0`6`2`2`0`0`1`0`0`0`1`1`8`1`10`0`0`0`1`0`1`2`0`0
        num1--,num2--;`FunctionDecl,false;ForStmt,false;`1`0`1`0`0`0`0`0`0`0`0`0`2`0`0`2`0`0`0`0`0`0`0`0`0`0`2`0`2`0`0`0`1`2`0`3`0`0
        valid[num1] = valid[num2] = true;`FunctionDecl,false;ForStmt,false;`1`0`1`0`0`0`0`0`0`0`0`0`2`0`0`4`1`0`0`0`0`0`0`0`0`0`4`0`4`0`0`0`2`0`0`2`2`1
        merge(num1,num2);`FunctionDecl,false;ForStmt,false;`1`0`1`0`0`0`0`0`0`0`0`0`2`0`0`2`0`0`0`0`0`0`0`0`0`0`3`0`3`0`1`1`0`0`0`0`0`0
    if (n != m) cout << "NO\n";`FunctionDecl,false;IfStmt,false;`1`0`0`0`0`0`0`0`1`0`0`0`2`0`1`3`1`0`1`1`0`0`0`0`0`0`4`0`4`0`0`0`1`0`0`1`0`0
    else if (func(n))`FunctionDecl,false;IfStmt,false;IfStmt,false;`1`0`0`0`0`0`0`0`2`0`0`0`3`0`4`1`0`0`0`1`0`0`0`0`0`0`2`0`2`0`1`1`0`0`0`0`0`0
        cout << "FHTAGN!\n";`FunctionDecl,false;IfStmt,false;IfStmt,false;`1`0`0`0`0`0`0`0`2`0`0`0`3`0`4`1`1`0`1`0`0`0`0`0`0`0`2`0`2`0`0`0`0`0`0`0`0`0
        cout << "NO\n";`FunctionDecl,false;IfStmt,false;IfStmt,false;`1`0`0`0`0`0`0`0`2`0`0`0`3`0`4`1`1`0`1`0`0`0`0`0`0`0`2`0`2`0`0`0`0`0`0`0`0`0
    return 0;`FunctionDecl,false;`1`0`0`0`0`0`0`0`0`0`0`0`1`0`0`0`0`0`0`0`0`0`0`0`0`0`0`0`0`0`0`0`0`0`0`0`0`0
