code`block`FunctionDecl`FunctionDeclRec`ForStmt`ForStmtRec`DoStmt`DoStmtRec`WhileStmt`WhileStmtRec`IfStmt`IfStmtRec`SwitchStmt`SwitchStmtRec`countBlocks`countBlocksRec`countCondition`countVariable`countLiteral`IntegerLiteral`StringLiteral`IfStmt`ForStmt`WhileStmt`DoStmt`SwitchStmt`countLoop`VarDecl`DeclRefExpr`DeclStmt`countDecl`countPointer`writeFunction`CallExpr`BinaryOperator`UnaryOperator`CompoundAssignOperator`countOperand`ArraySubscriptE`RealFaultLocation
bool cmp(pair<string,int> a,pair<string,int> b)`FunctionDecl,false;`1`0`0`0`0`0`0`0`0`0`0`0`1`0`1`0`0`0`0`0`0`0`0`0`0`0`0`0`0`0`0`0`0`0`0`0`0`1
	return a.second<=b.second;`FunctionDecl,false;`1`0`0`0`0`0`0`0`0`0`0`0`1`0`1`2`0`0`0`0`0`0`0`0`0`0`2`0`2`0`0`0`1`0`0`1`0`1
int main()`FunctionDecl,false;`1`0`0`0`0`0`0`0`0`0`0`0`1`0`0`0`0`0`0`0`0`0`0`0`0`0`0`0`0`0`0`0`0`0`0`0`0`0
int i,n;`FunctionDecl,false;`1`0`0`0`0`0`0`0`0`0`0`0`1`0`0`0`0`0`0`0`0`0`0`0`0`2`0`1`3`0`0`0`0`0`0`0`0`0
string name[101],stat[101];`FunctionDecl,false;`1`0`0`0`0`0`0`0`0`0`0`0`1`0`0`1`1`0`1`0`0`0`0`0`0`2`2`1`5`1`0`1`0`1`0`1`0`0
pair<string,int> a[101];`FunctionDecl,false;`1`0`0`0`0`0`0`0`0`0`0`0`1`0`0`0`0`0`0`0`0`0`0`0`0`1`0`1`2`0`0`0`0`0`0`0`0`0
rep(i,n)`FunctionDecl,false;ForStmt,false;`1`0`1`0`0`0`0`0`0`0`0`0`2`0`0`1`1`1`0`0`1`0`0`0`1`1`1`1`3`0`0`0`1`0`0`1`0`0
	cin>>name[i]>>stat[i];`FunctionDecl,false;ForStmt,false;`1`0`1`0`0`0`0`0`0`0`0`0`2`0`0`7`0`0`0`0`0`0`0`0`0`0`9`0`9`0`0`0`0`1`0`1`2`0
	if(stat[i]=="captain")`FunctionDecl,false;ForStmt,false;IfStmt,false;`1`0`1`0`0`0`0`0`1`0`0`0`3`0`3`2`1`0`1`1`0`0`0`0`0`0`3`0`3`0`0`0`0`0`0`0`1`0
		a[i]=MP(name[i],3);`FunctionDecl,false;ForStmt,false;IfStmt,false;`1`0`1`0`0`0`0`0`1`0`0`0`3`0`3`2`0`0`0`0`0`0`0`0`0`0`3`0`3`0`0`0`0`0`0`0`1`0
	if(stat[i]=="woman")`FunctionDecl,false;ForStmt,false;IfStmt,false;IfStmt,false;`1`0`1`0`0`0`0`0`2`0`0`0`4`0`6`4`2`1`1`1`0`0`0`0`0`0`6`0`6`0`0`1`0`0`0`0`2`0
		a[i]=MP(name[i],1);`FunctionDecl,false;ForStmt,false;IfStmt,false;IfStmt,false;`1`0`1`0`0`0`0`0`2`0`0`0`4`0`6`2`0`0`0`0`0`0`0`0`0`0`3`0`3`0`0`0`0`0`0`0`1`0
	if(stat[i]=="man")`FunctionDecl,false;ForStmt,false;IfStmt,false;IfStmt,false;IfStmt,false;`1`0`1`0`0`0`0`0`3`0`0`0`5`0`9`4`2`1`1`1`0`0`0`0`0`0`6`0`6`0`0`1`0`0`0`0`2`0
		a[i]=MP(name[i],2);`FunctionDecl,false;ForStmt,false;IfStmt,false;IfStmt,false;IfStmt,false;`1`0`1`0`0`0`0`0`3`0`0`0`5`0`9`2`0`0`0`0`0`0`0`0`0`0`3`0`3`0`0`0`0`0`0`0`1`0
	if(stat[i]=="rat")`FunctionDecl,false;ForStmt,false;IfStmt,false;IfStmt,false;IfStmt,false;IfStmt,false;`1`0`1`0`0`0`0`0`4`0`0`0`6`0`12`4`2`1`1`1`0`0`0`0`0`0`6`0`6`0`0`1`0`0`0`0`2`0
		a[i]=MP(name[i],0);`FunctionDecl,false;ForStmt,false;IfStmt,false;IfStmt,false;IfStmt,false;IfStmt,false;`1`0`1`0`0`0`0`0`4`0`0`0`6`0`12`2`0`0`0`0`0`0`0`0`0`0`3`0`3`0`0`0`0`0`0`0`1`0
	if(stat[i]=="child")`FunctionDecl,false;ForStmt,false;IfStmt,false;IfStmt,false;IfStmt,false;IfStmt,false;IfStmt,false;`1`0`1`0`0`0`0`0`5`0`0`0`7`0`15`4`2`1`1`1`0`0`0`0`0`0`6`0`6`0`0`1`0`0`0`0`2`0
		a[i]=MP(name[i],1);`FunctionDecl,false;ForStmt,false;IfStmt,false;IfStmt,false;IfStmt,false;IfStmt,false;IfStmt,false;`1`0`1`0`0`0`0`0`5`0`0`0`7`0`15`2`0`0`0`0`0`0`0`0`0`0`3`0`3`0`0`0`0`0`0`0`1`0
sort(a,a+n,cmp);`FunctionDecl,false;`1`0`0`0`0`0`0`0`0`0`0`0`1`0`0`5`1`1`0`0`0`0`0`0`0`0`8`0`8`0`0`2`1`0`0`1`1`1
rep(i,n)`FunctionDecl,false;ForStmt,false;`1`0`1`0`0`0`0`0`0`0`0`0`2`0`0`1`1`1`0`0`1`0`0`0`1`1`1`1`3`0`0`0`1`0`0`1`0`0
	cout<<a[i].first<<endl;`FunctionDecl,false;ForStmt,false;`1`0`1`0`0`0`0`0`0`0`0`0`2`0`0`5`0`0`0`0`0`0`0`0`0`0`8`0`8`0`0`0`0`1`0`1`1`0
      return 0;`FunctionDecl,false;`1`0`0`0`0`0`0`0`0`0`0`0`1`0`0`0`0`0`0`0`0`0`0`0`0`0`0`0`0`0`0`0`0`0`0`0`0`0
