code`block`FunctionDecl`FunctionDeclRec`ForStmt`ForStmtRec`DoStmt`DoStmtRec`WhileStmt`WhileStmtRec`IfStmt`IfStmtRec`SwitchStmt`SwitchStmtRec`countBlocks`countBlocksRec`countCondition`countVariable`countLiteral`IntegerLiteral`StringLiteral`IfStmt`ForStmt`WhileStmt`DoStmt`SwitchStmt`countLoop`VarDecl`DeclRefExpr`DeclStmt`countDecl`countPointer`writeFunction`CallExpr`BinaryOperator`UnaryOperator`CompoundAssignOperator`countOperand`ArraySubscriptE`RealFaultLocation
int main()`FunctionDecl,false;`1`0`0`0`0`0`0`0`0`0`0`0`1`0`0`0`0`0`0`0`0`0`0`0`0`0`0`0`0`0`0`0`0`0`0`0`0`0
    string s;`FunctionDecl,false;`1`0`0`0`0`0`0`0`0`0`0`0`1`0`0`0`0`0`0`0`0`0`0`0`0`1`0`1`2`0`0`0`0`0`0`0`0`0
    cin>>s;`FunctionDecl,false;`1`0`0`0`0`0`0`0`0`0`0`0`1`0`0`2`0`0`0`0`0`0`0`0`0`0`3`0`3`0`0`0`0`0`0`0`0`0
    for(int i=s.size()-1;i>0;i--)`FunctionDecl,false;ForStmt,false;`1`0`1`0`0`0`0`0`0`0`0`0`2`0`1`3`2`2`0`0`1`0`0`0`1`1`3`1`5`0`0`0`2`1`0`3`0`0
      for(int j=0;j<s.size()-i;j++)`FunctionDecl,false;ForStmt,false;ForStmt,false;`1`0`2`0`0`0`0`0`0`0`0`0`3`0`2`4`1`1`0`0`1`0`0`0`1`1`4`1`6`0`0`0`2`1`0`3`0`0
        for(int k=j+1;k<=s.size()-i;k++)`FunctionDecl,false;ForStmt,false;ForStmt,false;ForStmt,false;`1`0`3`0`0`0`0`0`0`0`0`0`4`0`3`5`1`1`0`0`1`0`0`0`1`1`5`1`7`0`0`0`3`1`0`4`0`0
          if(s.substr(j,i)==s.substr(k,i))`FunctionDecl,false;ForStmt,false;ForStmt,false;ForStmt,false;IfStmt,false;`1`0`3`0`0`0`0`0`1`0`0`0`5`0`7`6`0`0`0`1`0`0`0`0`0`0`7`0`7`0`0`0`0`0`0`0`0`1
            {cout<<i;`FunctionDecl,false;ForStmt,false;ForStmt,false;ForStmt,false;IfStmt,false;`1`0`3`0`0`0`0`0`1`0`0`0`5`0`7`2`0`0`0`0`0`0`0`0`0`0`3`0`3`0`0`0`0`0`0`0`0`0
             return 0;`FunctionDecl,false;ForStmt,false;ForStmt,false;ForStmt,false;IfStmt,false;`1`0`3`0`0`0`0`0`1`0`0`0`5`0`7`0`1`1`0`0`0`0`0`0`0`0`0`0`0`0`0`0`0`0`0`0`0`0
