code`block`FunctionDecl`FunctionDeclRec`ForStmt`ForStmtRec`DoStmt`DoStmtRec`WhileStmt`WhileStmtRec`IfStmt`IfStmtRec`SwitchStmt`SwitchStmtRec`countBlocks`countBlocksRec`countCondition`countVariable`countLiteral`IntegerLiteral`StringLiteral`IfStmt`ForStmt`WhileStmt`DoStmt`SwitchStmt`countLoop`VarDecl`DeclRefExpr`DeclStmt`countDecl`countPointer`writeFunction`CallExpr`BinaryOperator`UnaryOperator`CompoundAssignOperator`countOperand`ArraySubscriptE`RealFaultLocation
bool ISLESS(const piiii &a,const piiii &b){`FunctionDecl,false;`1`0`0`0`0`0`0`0`0`0`0`0`1`0`1`0`0`0`0`0`0`0`0`0`0`0`0`0`0`0`0`0`0`0`0`0`0`1
	if(a.first.second*b.first.first > a.first.first*b.first.second)`FunctionDecl,false;IfStmt,false;`1`0`0`0`0`0`0`0`1`0`0`0`2`0`2`4`0`0`0`1`0`0`0`0`0`0`4`0`4`0`0`0`3`0`0`3`0`1
		return true;`FunctionDecl,false;IfStmt,false;`1`0`0`0`0`0`0`0`1`0`0`0`2`0`2`0`1`0`0`0`0`0`0`0`0`0`0`0`0`0`0`0`0`0`0`0`0`0
	return false;`FunctionDecl,false;`1`0`0`0`0`0`0`0`0`0`0`0`1`0`1`0`1`0`0`0`0`0`0`0`0`0`0`0`0`0`0`0`0`0`0`0`0`0
void upfs(const int &v){`FunctionDecl,true;`1`1`0`0`0`0`0`0`0`0`0`0`1`1`0`0`0`0`0`0`0`0`0`0`0`0`0`0`0`0`0`0`0`0`0`0`0`0
	vector <piiii> tmp;`FunctionDecl,true;`1`1`0`0`0`0`0`0`0`0`0`0`1`1`0`0`0`0`0`0`0`0`0`0`0`1`0`1`2`0`0`0`0`0`0`0`0`0
	vt[v]=1;`FunctionDecl,true;`1`1`0`0`0`0`0`0`0`0`0`0`1`1`0`2`1`1`0`0`0`0`0`0`0`0`2`0`2`0`0`0`1`0`0`1`1`0
	for(int i=0;i<adj[v].size();++i){`FunctionDecl,true;ForStmt,false;`1`1`1`0`0`0`0`0`0`0`0`0`2`1`1`4`1`1`0`0`1`0`0`0`1`1`4`1`6`0`0`0`1`1`0`2`1`0
		int u=adj[v][i].second;`FunctionDecl,true;ForStmt,false;`1`1`1`0`0`0`0`0`0`0`0`0`2`1`1`3`0`0`0`0`0`0`0`0`0`1`4`1`6`0`0`0`0`0`0`0`1`0
		int c=adj[v][i].first;`FunctionDecl,true;ForStmt,false;`1`1`1`0`0`0`0`0`0`0`0`0`2`1`1`3`0`0`0`0`0`0`0`0`0`1`4`1`6`0`0`0`0`0`0`0`1`0
		if(!mrk[u]++){`FunctionDecl,true;ForStmt,false;IfStmt,false;`1`1`1`0`0`0`0`0`1`0`0`0`3`1`3`2`0`0`0`1`0`0`0`0`0`0`2`0`2`0`0`0`0`2`0`2`1`0
			upfs(u);`FunctionDecl,true;ForStmt,false;IfStmt,false;`1`1`1`0`0`0`0`0`1`0`0`0`3`1`3`1`0`0`0`0`0`0`0`0`0`0`2`0`2`0`1`1`0`0`0`0`0`0
			vt[v]+=vt[u];`FunctionDecl,true;ForStmt,false;IfStmt,false;`1`1`1`0`0`0`0`0`1`0`0`0`3`1`3`4`0`0`0`0`0`0`0`0`0`0`4`0`4`0`0`0`0`0`1`1`2`0
			tf[u]+=2*c;`FunctionDecl,true;ForStmt,false;IfStmt,false;`1`1`1`0`0`0`0`0`1`0`0`0`3`1`3`3`1`1`0`0`0`0`0`0`0`0`3`0`3`0`0`0`1`0`1`2`1`0
			tmp.push_back(mp(mp(tf[u],vt[u]),adj[v][i]));`FunctionDecl,true;ForStmt,false;IfStmt,false;`1`1`1`0`0`0`0`0`1`0`0`0`3`1`3`1`0`0`0`0`0`0`0`0`0`0`1`0`1`0`0`0`0`0`0`0`0`0
	sort(tmp.begin(),tmp.end(),ISLESS);`FunctionDecl,true;`1`1`0`0`0`0`0`0`0`0`0`0`1`1`0`9`0`0`0`0`0`0`0`0`0`0`14`0`14`0`0`3`0`0`0`0`3`0
	adj[v].clear();`FunctionDecl,true;`1`1`0`0`0`0`0`0`0`0`0`0`1`1`0`2`0`0`0`0`0`0`0`0`0`0`2`0`2`0`0`0`0`0`0`0`1`0
	for(int i=0;i<tmp.size();++i){`FunctionDecl,true;ForStmt,false;`1`1`1`0`0`0`0`0`0`0`0`0`2`1`1`3`1`1`0`0`1`0`0`0`1`1`3`1`5`0`0`0`1`1`0`2`0`0
		adj[v].push_back(tmp[i].second);`FunctionDecl,true;ForStmt,false;`1`1`1`0`0`0`0`0`0`0`0`0`2`1`1`4`0`0`0`0`0`0`0`0`0`0`5`0`5`0`0`0`0`0`0`0`1`0
		tf[v]+=tf[tmp[i].second.second];`FunctionDecl,true;ForStmt,false;`1`1`1`0`0`0`0`0`0`0`0`0`2`1`1`5`0`0`0`0`0`0`0`0`0`0`6`0`6`0`0`0`0`0`1`1`2`0
void dfs(const int &v){`FunctionDecl,true;`1`1`0`0`0`0`0`0`0`0`0`0`1`1`0`0`0`0`0`0`0`0`0`0`0`0`0`0`0`0`0`0`0`0`0`0`0`0
	ta[v]=tiw;`FunctionDecl,true;`1`1`0`0`0`0`0`0`0`0`0`0`1`1`0`3`0`0`0`0`0`0`0`0`0`0`3`0`3`0`0`0`1`0`0`1`1`0
	for(int i=0;i<adj[v].size();++i){`FunctionDecl,true;ForStmt,false;`1`1`1`0`0`0`0`0`0`0`0`0`2`1`1`4`1`1`0`0`1`0`0`0`1`1`4`1`6`0`0`0`1`1`0`2`1`0
		if(!mrk[adj[v][i].second]++){`FunctionDecl,true;ForStmt,false;IfStmt,false;`1`1`1`0`0`0`0`0`1`0`0`0`3`1`3`4`0`0`0`1`0`0`0`0`0`0`5`0`5`0`0`0`0`2`0`2`2`0
			tiw+=adj[v][i].first;`FunctionDecl,true;ForStmt,false;IfStmt,false;`1`1`1`0`0`0`0`0`1`0`0`0`3`1`3`4`0`0`0`0`0`0`0`0`0`0`5`0`5`0`0`0`0`0`1`1`1`0
			dfs(adj[v][i].second);`FunctionDecl,true;ForStmt,false;IfStmt,false;`1`1`1`0`0`0`0`0`1`0`0`0`3`1`3`3`0`0`0`0`0`0`0`0`0`0`5`0`5`0`1`1`0`0`0`0`1`0
			tiw+=adj[v][i].first;`FunctionDecl,true;ForStmt,false;IfStmt,false;`1`1`1`0`0`0`0`0`1`0`0`0`3`1`3`4`0`0`0`0`0`0`0`0`0`0`5`0`5`0`0`0`0`0`1`1`1`0
int main(){`FunctionDecl,false;`1`0`0`0`0`0`0`0`0`0`0`0`1`0`0`0`0`0`0`0`0`0`0`0`0`0`0`0`0`0`0`0`0`0`0`0`0`0
	ios::sync_with_stdio(false);`FunctionDecl,false;`1`0`0`0`0`0`0`0`0`0`0`0`1`0`0`0`1`0`0`0`0`0`0`0`0`0`1`0`1`0`0`1`0`0`0`0`0`0
	cout<<fixed<<setprecision(16);`FunctionDecl,false;`1`0`0`0`0`0`0`0`0`0`0`0`1`0`0`1`1`1`0`0`0`0`0`0`0`0`5`0`5`0`0`1`0`0`0`0`0`0
	int n,a,b,cost;`FunctionDecl,false;`1`0`0`0`0`0`0`0`0`0`0`0`1`0`0`0`0`0`0`0`0`0`0`0`0`4`0`1`5`0`0`0`0`0`0`0`0`0
	cin>>n;`FunctionDecl,false;`1`0`0`0`0`0`0`0`0`0`0`0`1`0`0`2`0`0`0`0`0`0`0`0`0`0`3`0`3`0`0`0`0`0`0`0`0`0
	for(int i=0;i<n-1;++i){`FunctionDecl,false;ForStmt,false;`1`0`1`0`0`0`0`0`0`0`0`0`2`0`1`3`2`2`0`0`1`0`0`0`1`1`3`1`5`0`0`0`2`1`0`3`0`0
		cin>>a>>b>>cost;`FunctionDecl,false;ForStmt,false;`1`0`1`0`0`0`0`0`0`0`0`0`2`0`1`4`0`0`0`0`0`0`0`0`0`0`7`0`7`0`0`0`0`0`0`0`0`0
		adj[a].push_back(mp(cost,b));`FunctionDecl,false;ForStmt,false;`1`0`1`0`0`0`0`0`0`0`0`0`2`0`1`2`0`0`0`0`0`0`0`0`0`0`2`0`2`0`0`0`0`0`0`0`1`0
		adj[b].push_back(mp(cost,a));`FunctionDecl,false;ForStmt,false;`1`0`1`0`0`0`0`0`0`0`0`0`2`0`1`4`0`0`0`0`0`0`0`0`0`0`5`0`5`0`0`1`0`0`0`0`1`0
	upfs(1);`FunctionDecl,false;`1`0`0`0`0`0`0`0`0`0`0`0`1`0`0`2`1`1`0`0`0`0`0`0`0`0`4`0`4`0`1`2`0`0`0`0`0`0
	fill(mrk+2,mrk+N,0);`FunctionDecl,false;`1`0`0`0`0`0`0`0`0`0`0`0`1`0`0`3`2`2`0`0`0`0`0`0`0`0`4`0`4`0`0`1`2`0`0`2`0`0
	dfs(1);`FunctionDecl,false;`1`0`0`0`0`0`0`0`0`0`0`0`1`0`0`0`1`1`0`0`0`0`0`0`0`0`1`0`1`0`1`1`0`0`0`0`0`0
	ll sum=0;`FunctionDecl,false;`1`0`0`0`0`0`0`0`0`0`0`0`1`0`0`0`1`1`0`0`0`0`0`0`0`1`0`1`2`0`0`0`0`0`0`0`0`0
	for(int i=1;i<=n;++i)	sum+=ta[i];`FunctionDecl,false;ForStmt,false;`1`0`1`0`0`0`0`0`0`0`0`0`2`0`1`6`1`1`0`0`1`0`0`0`1`1`6`1`8`0`0`0`1`1`1`3`1`0
	cout<<(double)sum/(n-1)<<endl;`FunctionDecl,false;`1`0`0`0`0`0`0`0`0`0`0`0`1`0`0`3`1`1`0`0`0`0`0`0`0`0`6`0`6`0`0`0`2`0`0`2`0`0
	return 0;`FunctionDecl,false;`1`0`0`0`0`0`0`0`0`0`0`0`1`0`0`0`0`0`0`0`0`0`0`0`0`0`0`0`0`0`0`0`0`0`0`0`0`0
