code`block`FunctionDecl`FunctionDeclRec`ForStmt`ForStmtRec`DoStmt`DoStmtRec`WhileStmt`WhileStmtRec`IfStmt`IfStmtRec`SwitchStmt`SwitchStmtRec`countBlocks`countBlocksRec`countCondition`countVariable`countLiteral`IntegerLiteral`StringLiteral`IfStmt`ForStmt`WhileStmt`DoStmt`SwitchStmt`countLoop`VarDecl`DeclRefExpr`DeclStmt`countDecl`countPointer`writeFunction`CallExpr`BinaryOperator`UnaryOperator`CompoundAssignOperator`countOperand`ArraySubscriptE`RealFaultLocation
int find (int kur, int last)`FunctionDecl,true;`1`1`0`0`0`0`0`0`0`0`0`0`1`1`0`0`0`0`0`0`0`0`0`0`0`0`0`0`0`0`0`0`0`0`0`0`0`0
    if (disc[kur][last])`FunctionDecl,true;IfStmt,false;`1`1`0`0`0`0`0`0`1`0`0`0`2`1`6`3`0`0`0`1`0`0`0`0`0`0`3`0`3`0`0`0`0`0`0`0`2`0
       return best[kur][last];`FunctionDecl,true;IfStmt,false;`1`1`0`0`0`0`0`0`1`0`0`0`2`1`6`3`0`0`0`0`0`0`0`0`0`0`3`0`3`0`0`0`0`0`0`0`2`0
    if (kur == n-1)`FunctionDecl,true;IfStmt,false;`1`1`0`0`0`0`0`0`1`0`0`0`2`1`1`2`1`1`0`1`0`0`0`0`0`0`2`0`2`0`0`0`2`0`0`2`0`0
       if (last <= seq[kur])`FunctionDecl,true;IfStmt,false;IfStmt,false;`1`1`0`0`0`0`0`0`2`0`0`0`3`1`2`3`0`0`0`1`0`0`0`0`0`0`3`0`3`0`0`0`1`0`0`1`1`0
          return 1;`FunctionDecl,true;IfStmt,false;IfStmt,false;`1`1`0`0`0`0`0`0`2`0`0`0`3`1`2`0`1`1`0`0`0`0`0`0`0`0`0`0`0`0`0`0`0`0`0`0`0`0
          return 0;`FunctionDecl,true;IfStmt,false;IfStmt,false;`1`1`0`0`0`0`0`0`2`0`0`0`3`1`2`0`1`1`0`0`0`0`0`0`0`0`0`0`0`0`0`0`0`0`0`0`0`0
    if (last <= seq[kur])`FunctionDecl,true;IfStmt,false;`1`1`0`0`0`0`0`0`1`0`0`0`2`1`1`3`0`0`0`1`0`0`0`0`0`0`3`0`3`0`0`0`1`0`0`1`1`0
       best[kur][last] = max(1+find(kur+1, seq[kur]), find(kur+1, last));`FunctionDecl,true;IfStmt,false;`1`1`0`0`0`0`0`0`1`0`0`0`2`1`1`8`3`3`0`0`0`0`0`0`0`0`11`0`11`0`2`3`4`0`0`4`3`0
       best[kur][last] = find(kur+1, last);`FunctionDecl,true;IfStmt,false;`1`1`0`0`0`0`0`0`1`0`0`0`2`1`1`5`1`1`0`0`0`0`0`0`0`0`6`0`6`0`1`1`2`0`0`2`2`0
    disc[kur][last] = true;`FunctionDecl,true;`1`1`0`0`0`0`0`0`0`0`0`0`1`1`0`3`1`0`0`0`0`0`0`0`0`0`3`0`3`0`0`0`1`0`0`1`2`0
    return best[kur][last];`FunctionDecl,true;`1`1`0`0`0`0`0`0`0`0`0`0`1`1`0`3`0`0`0`0`0`0`0`0`0`0`3`0`3`0`0`0`0`0`0`0`2`0
int main (void)`FunctionDecl,false;`1`0`0`0`0`0`0`0`0`0`0`0`1`0`0`0`0`0`0`0`0`0`0`0`0`0`0`0`0`0`0`0`0`0`0`0`0`0
    memset(disc, 0, sizeof(disc));`FunctionDecl,false;`1`0`0`0`0`0`0`0`0`0`0`0`1`0`0`2`1`1`0`0`0`0`0`0`0`0`3`0`3`0`0`1`0`0`0`0`0`0
    memset(best, 0, sizeof(best));`FunctionDecl,false;`1`0`0`0`0`0`0`0`0`0`0`0`1`0`0`2`1`1`0`0`0`0`0`0`0`0`3`0`3`0`0`1`0`0`0`0`0`0
    cin >> n >> m;`FunctionDecl,false;`1`0`0`0`0`0`0`0`0`0`0`0`1`0`0`3`0`0`0`0`0`0`0`0`0`0`5`0`5`0`0`0`0`0`0`0`0`0
    double p;`FunctionDecl,false;`1`0`0`0`0`0`0`0`0`0`0`0`1`0`0`0`0`0`0`0`0`0`0`0`0`1`0`1`2`0`0`0`0`0`0`0`0`0
    for (int i = 0; i < n; i++)`FunctionDecl,false;ForStmt,false;`1`0`1`0`0`0`0`0`0`0`0`0`2`0`1`3`1`1`0`0`1`0`0`0`1`1`3`1`5`0`0`0`1`1`0`2`0`0
        cin >> seq[i] >> p;`FunctionDecl,false;ForStmt,false;`1`0`1`0`0`0`0`0`0`0`0`0`2`0`1`4`0`0`0`0`0`0`0`0`0`0`6`0`6`0`0`0`0`0`0`0`1`0
    find (0, 0);`FunctionDecl,false;`1`0`0`0`0`0`0`0`0`0`0`0`1`0`0`0`2`2`0`0`0`0`0`0`0`0`1`0`1`0`1`1`0`0`0`0`0`0
    cout << n - best[0][0] << endl;`FunctionDecl,false;`1`0`0`0`0`0`0`0`0`0`0`0`1`0`0`3`2`2`0`0`0`0`0`0`0`0`5`0`5`0`0`0`1`0`0`1`2`1
