code`block`FunctionDecl`FunctionDeclRec`ForStmt`ForStmtRec`DoStmt`DoStmtRec`WhileStmt`WhileStmtRec`IfStmt`IfStmtRec`SwitchStmt`SwitchStmtRec`countBlocks`countBlocksRec`countCondition`countVariable`countLiteral`IntegerLiteral`StringLiteral`IfStmt`ForStmt`WhileStmt`DoStmt`SwitchStmt`countLoop`VarDecl`DeclRefExpr`DeclStmt`countDecl`countPointer`writeFunction`CallExpr`BinaryOperator`UnaryOperator`CompoundAssignOperator`countOperand`ArraySubscriptE`RealFaultLocation
int main() {`FunctionDecl,false;`1`0`0`0`0`0`0`0`0`0`0`0`1`0`0`0`0`0`0`0`0`0`0`0`0`0`0`0`0`0`0`0`0`0`0`0`0`1
int n,m,idx=0,minVAL=0;`FunctionDecl,false;`1`0`0`0`0`0`0`0`0`0`0`0`1`0`0`0`2`2`0`0`0`0`0`0`0`4`0`1`5`0`0`0`0`0`0`0`0`0
cin>>n>>m; //n balls //m baskets`FunctionDecl,false;`1`0`0`0`0`0`0`0`0`0`0`0`1`0`0`3`0`0`0`0`0`0`0`0`0`0`5`0`5`0`0`0`0`0`0`0`0`0
vector<int> ballpositins(n);`FunctionDecl,false;`1`0`0`0`0`0`0`0`0`0`0`0`1`0`0`1`0`0`0`0`0`0`0`0`0`1`1`1`3`0`0`0`0`0`0`0`0`0
vector<int> baskets(m,0);`FunctionDecl,false;`1`0`0`0`0`0`0`0`0`0`0`0`1`0`0`1`1`1`0`0`0`0`0`0`0`1`1`1`3`0`0`0`0`0`0`0`0`0
long double mid=static_cast<long double>( (m+1)/2 )-1;`FunctionDecl,false;`1`0`0`0`0`0`0`0`0`0`0`0`1`0`0`1`3`3`0`0`0`0`0`0`0`1`1`1`3`0`0`0`3`0`0`3`0`0
if(m%2!=0){`FunctionDecl,false;IfStmt,false;`1`0`0`0`0`0`0`0`1`0`0`0`2`0`1`1`2`2`0`1`0`0`0`0`0`0`1`0`1`0`0`0`2`0`0`2`0`0
for(int i=0;i<n;i++){`FunctionDecl,false;IfStmt,false;ForStmt,false;`1`0`1`0`0`0`0`0`1`0`0`0`3`0`2`3`1`1`0`0`1`0`0`0`1`1`3`1`5`0`0`0`1`1`0`2`0`0
        idx=0;`FunctionDecl,false;IfStmt,false;ForStmt,false;`1`0`1`0`0`0`0`0`1`0`0`0`3`0`2`1`1`1`0`0`0`0`0`0`0`0`1`0`1`0`0`0`1`0`0`1`0`0
        minVAL=1000000;`FunctionDecl,false;IfStmt,false;ForStmt,false;`1`0`1`0`0`0`0`0`1`0`0`0`3`0`2`1`1`1`0`0`0`0`0`0`0`0`1`0`1`0`0`0`1`0`0`1`0`0
    for(int j=0;j<m;j++){`FunctionDecl,false;IfStmt,false;ForStmt,false;ForStmt,false;`1`0`2`0`0`0`0`0`1`0`0`0`4`0`3`3`1`1`0`0`1`0`0`0`1`1`3`1`5`0`0`0`1`1`0`2`0`0
        if( baskets[j]<minVAL ){minVAL=baskets[j]; idx=j;}`FunctionDecl,false;IfStmt,false;ForStmt,false;ForStmt,false;IfStmt,false;`1`0`2`0`0`0`0`0`2`0`0`0`5`0`4`8`0`0`0`1`0`0`0`0`0`0`10`0`10`0`0`0`3`0`0`3`0`0
        else if( baskets[j]==minVAL && abs(distance(baskets.begin()+j, baskets.begin()+mid)) < abs(distance(baskets.begin()+idx, baskets.begin()+mid)) ){`FunctionDecl,false;IfStmt,false;ForStmt,false;ForStmt,false;IfStmt,false;IfStmt,false;`1`0`2`0`0`0`0`0`3`0`0`0`6`0`8`11`0`0`0`1`0`0`0`0`0`0`20`0`20`0`0`4`3`0`0`3`0`0
            minVAL=baskets[j]; idx=j;`FunctionDecl,false;IfStmt,false;ForStmt,false;ForStmt,false;IfStmt,false;IfStmt,false;`1`0`2`0`0`0`0`0`3`0`0`0`6`0`8`5`0`0`0`0`0`0`0`0`0`0`6`0`6`0`0`0`2`0`0`2`0`0
cout<<idx+1<<endl;`FunctionDecl,false;IfStmt,false;ForStmt,false;`1`0`1`0`0`0`0`0`1`0`0`0`3`0`2`2`1`1`0`0`0`0`0`0`0`0`5`0`5`0`0`0`1`0`0`1`0`0
baskets[idx]++;`FunctionDecl,false;IfStmt,false;ForStmt,false;`1`0`1`0`0`0`0`0`1`0`0`0`3`0`2`2`0`0`0`0`0`0`0`0`0`0`3`0`3`0`0`0`0`1`0`1`0`0
        int c=0,x=0;`FunctionDecl,false;IfStmt,false;`1`0`0`0`0`0`0`0`1`0`0`0`2`0`1`0`2`2`0`0`0`0`0`0`0`2`0`1`3`0`0`0`0`0`0`0`0`0
        while(true){`FunctionDecl,false;IfStmt,false;WhileStmt,false;`1`0`0`0`0`0`1`0`1`0`0`0`3`0`2`0`1`0`0`0`0`1`0`0`1`0`0`0`0`0`0`0`0`0`0`0`0`0
            if(c>=n)break;`FunctionDecl,false;IfStmt,false;WhileStmt,false;IfStmt,false;`1`0`0`0`0`0`1`0`2`0`0`0`4`0`3`2`0`0`0`1`0`0`0`0`0`0`2`0`2`0`0`0`1`0`0`1`0`0
            int j=1;`FunctionDecl,false;IfStmt,false;WhileStmt,false;`1`0`0`0`0`0`1`0`1`0`0`0`3`0`2`0`1`1`0`0`0`0`0`0`0`1`0`1`2`0`0`0`0`0`0`0`0`0
            cout<<(int)mid+1<<endl;c++;`FunctionDecl,false;IfStmt,false;WhileStmt,false;`1`0`0`0`0`0`1`0`1`0`0`0`3`0`2`3`1`1`0`0`0`0`0`0`0`0`6`0`6`0`0`0`1`1`0`2`0`0
            while(true){`FunctionDecl,false;IfStmt,false;WhileStmt,false;WhileStmt,false;`1`0`0`0`0`0`2`0`1`0`0`0`4`0`3`0`1`0`0`0`0`1`0`0`1`0`0`0`0`0`0`0`0`0`0`0`0`0
                if(c>=n)break;`FunctionDecl,false;IfStmt,false;WhileStmt,false;WhileStmt,false;IfStmt,false;`1`0`0`0`0`0`2`0`2`0`0`0`5`0`4`2`0`0`0`1`0`0`0`0`0`0`2`0`2`0`0`0`1`0`0`1`0`0
                x=mid;`FunctionDecl,false;IfStmt,false;WhileStmt,false;WhileStmt,false;`1`0`0`0`0`0`2`0`1`0`0`0`4`0`3`2`0`0`0`0`0`0`0`0`0`0`2`0`2`0`0`0`1`0`0`1`0`0
                x+=j;`FunctionDecl,false;IfStmt,false;WhileStmt,false;WhileStmt,false;`1`0`0`0`0`0`2`0`1`0`0`0`4`0`3`2`0`0`0`0`0`0`0`0`0`0`2`0`2`0`0`0`0`0`1`1`0`0
                if(x>m)break;`FunctionDecl,false;IfStmt,false;WhileStmt,false;WhileStmt,false;IfStmt,false;`1`0`0`0`0`0`2`0`2`0`0`0`5`0`4`2`0`0`0`1`0`0`0`0`0`0`2`0`2`0`0`0`1`0`0`1`0`0
                cout<<++x<<endl;c++;`FunctionDecl,false;IfStmt,false;WhileStmt,false;WhileStmt,false;`1`0`0`0`0`0`2`0`1`0`0`0`4`0`3`3`0`0`0`0`0`0`0`0`0`0`6`0`6`0`0`0`0`2`0`2`0`1
                if(c>=n)break;`FunctionDecl,false;IfStmt,false;WhileStmt,false;WhileStmt,false;IfStmt,false;`1`0`0`0`0`0`2`0`2`0`0`0`5`0`4`2`0`0`0`1`0`0`0`0`0`0`2`0`2`0`0`0`1`0`0`1`0`0
                x=mid;x-=j;`FunctionDecl,false;IfStmt,false;WhileStmt,false;WhileStmt,false;`1`0`0`0`0`0`2`0`1`0`0`0`4`0`3`4`0`0`0`0`0`0`0`0`0`0`4`0`4`0`0`0`1`0`1`2`0`0
                if(x<=0)break;`FunctionDecl,false;IfStmt,false;WhileStmt,false;WhileStmt,false;IfStmt,false;`1`0`0`0`0`0`2`0`2`0`0`0`5`0`4`1`1`1`0`1`0`0`0`0`0`0`1`0`1`0`0`0`1`0`0`1`0`0
                cout<<++x<<endl;c++;`FunctionDecl,false;IfStmt,false;WhileStmt,false;WhileStmt,false;`1`0`0`0`0`0`2`0`1`0`0`0`4`0`3`3`0`0`0`0`0`0`0`0`0`0`6`0`6`0`0`0`0`2`0`2`0`1
                if(c>=n)break;`FunctionDecl,false;IfStmt,false;WhileStmt,false;WhileStmt,false;IfStmt,false;`1`0`0`0`0`0`2`0`2`0`0`0`5`0`4`2`0`0`0`1`0`0`0`0`0`0`2`0`2`0`0`0`1`0`0`1`0`0
                j++;`FunctionDecl,false;IfStmt,false;WhileStmt,false;WhileStmt,false;`1`0`0`0`0`0`2`0`1`0`0`0`4`0`3`1`0`0`0`0`0`0`0`0`0`0`1`0`1`0`0`0`0`1`0`1`0`0
return 0;`FunctionDecl,false;`1`0`0`0`0`0`0`0`0`0`0`0`1`0`0`0`0`0`0`0`0`0`0`0`0`0`0`0`0`0`0`0`0`0`0`0`0`0
