code`block`FunctionDecl`FunctionDeclRec`ForStmt`ForStmtRec`DoStmt`DoStmtRec`WhileStmt`WhileStmtRec`IfStmt`IfStmtRec`SwitchStmt`SwitchStmtRec`countBlocks`countBlocksRec`countCondition`countVariable`countLiteral`IntegerLiteral`StringLiteral`IfStmt`ForStmt`WhileStmt`DoStmt`SwitchStmt`countLoop`VarDecl`DeclRefExpr`DeclStmt`countDecl`countPointer`writeFunction`CallExpr`BinaryOperator`UnaryOperator`CompoundAssignOperator`countOperand`ArraySubscriptE`RealFaultLocation
#define LL long long`FunctionDecl,false;FunctionDecl,false;FunctionDecl,false;FunctionDecl,false;`4`0`0`0`0`0`0`0`0`0`0`0`4`0`0`0`0`0`0`0`0`0`0`0`0`0`0`0`0`0`0`0`0`0`0`0`0`0
int main() {`FunctionDecl,false;`1`0`0`0`0`0`0`0`0`0`0`0`1`0`0`0`0`0`0`0`0`0`0`0`0`0`0`0`0`0`0`0`0`0`0`0`0`0
    cin >> Gl >> Gr ;`FunctionDecl,false;`1`0`0`0`0`0`0`0`0`0`0`0`1`0`0`3`0`0`0`0`0`0`0`0`0`0`5`0`5`0`0`0`0`0`0`0`0`0
    cin >> Bl >> Br ;`FunctionDecl,false;`1`0`0`0`0`0`0`0`0`0`0`0`1`0`0`3`0`0`0`0`0`0`0`0`0`0`5`0`5`0`0`0`0`0`0`0`0`0
    if ((Bl / 2 - 1 > Gr || Gr > (Bl + 1)) && (Br / 2 - 1 > Gl || Gl > (Br + 1))) {`FunctionDecl,false;IfStmt,false;`1`0`0`0`0`0`0`0`1`0`0`0`2`0`9`8`6`6`0`1`0`0`0`0`0`0`8`0`8`0`0`0`13`0`0`13`0`1
        cout << "NO" ;`FunctionDecl,false;IfStmt,false;`1`0`0`0`0`0`0`0`1`0`0`0`2`0`9`1`1`0`1`0`0`0`0`0`0`0`2`0`2`0`0`0`0`0`0`0`0`0
        cout << "YES" ;`FunctionDecl,false;IfStmt,false;`1`0`0`0`0`0`0`0`1`0`0`0`2`0`9`1`1`0`1`0`0`0`0`0`0`0`2`0`2`0`0`0`0`0`0`0`0`0
    return 0 ; `FunctionDecl,false;`1`0`0`0`0`0`0`0`0`0`0`0`1`0`0`0`1`1`0`0`0`0`0`0`0`0`0`0`0`0`0`0`0`0`0`0`0`0
    return (b ? gcd(b, a % b) : a) ;`FunctionDecl,true;`1`1`0`0`0`0`0`0`0`0`0`0`1`1`0`5`0`0`0`0`0`0`0`0`0`0`6`0`6`0`1`1`1`0`0`1`0`0
    return (bx - ax) * (cy - ay)  - (by - ay) *(cx - ax) ;`FunctionDecl,false;`1`0`0`0`0`0`0`0`0`0`0`0`1`0`0`8`0`0`0`0`0`0`0`0`0`0`8`0`8`0`0`0`7`0`0`7`0`0
    do {`FunctionDecl,false;DoStmt,false;`1`0`0`0`1`0`0`0`0`0`0`0`2`0`0`0`1`1`0`0`0`0`1`0`1`1`0`1`2`0`0`0`0`0`0`0`0`0
        sum += A % 10 ;`FunctionDecl,false;DoStmt,false;`1`0`0`0`1`0`0`0`0`0`0`0`2`0`0`2`1`1`0`0`0`0`0`0`0`0`2`0`2`0`0`0`1`0`1`2`0`0
        A /= 10 ;`FunctionDecl,false;DoStmt,false;`1`0`0`0`1`0`0`0`0`0`0`0`2`0`0`1`1`1`0`0`0`0`0`0`0`0`1`0`1`0`0`0`0`0`1`1`0`0
    } while (A) ;`FunctionDecl,false;DoStmt,false;`1`0`0`0`1`0`0`0`0`0`0`0`2`0`0`1`0`0`0`0`0`0`0`0`0`0`1`0`1`0`0`0`0`0`0`0`0`0
    return sum ;`FunctionDecl,false;`1`0`0`0`0`0`0`0`0`0`0`0`1`0`0`1`0`0`0`0`0`0`0`0`0`0`1`0`1`0`0`0`0`0`0`0`0`0
    while (x) {`FunctionDecl,false;WhileStmt,false;`1`0`0`0`0`0`1`0`0`0`0`0`2`0`1`1`1`1`0`0`0`1`0`0`1`2`1`1`4`0`0`0`0`0`0`0`0`0
        c = x % 10 ;`FunctionDecl,false;WhileStmt,false;`1`0`0`0`0`0`1`0`0`0`0`0`2`0`1`2`1`1`0`0`0`0`0`0`0`0`2`0`2`0`0`0`2`0`0`2`0`0
        x /= 10 ;`FunctionDecl,false;WhileStmt,false;`1`0`0`0`0`0`1`0`0`0`0`0`2`0`1`1`1`1`0`0`0`0`0`0`0`0`1`0`1`0`0`0`0`0`1`1`0`0
        if (c == 4 || c == 7) {`FunctionDecl,false;WhileStmt,false;IfStmt,false;`1`0`0`0`0`0`1`0`1`0`0`0`3`0`4`2`2`2`0`1`0`0`0`0`0`0`2`0`2`0`0`0`3`0`0`3`0`0
            mask = mask * 10 + c ;`FunctionDecl,false;WhileStmt,false;IfStmt,false;`1`0`0`0`0`0`1`0`1`0`0`0`3`0`4`3`1`1`0`0`0`0`0`0`0`0`3`0`3`0`0`0`3`0`0`3`0`0
    return mask ;`FunctionDecl,false;`1`0`0`0`0`0`0`0`0`0`0`0`1`0`0`0`0`0`0`0`0`0`0`0`0`0`0`0`0`0`0`0`0`0`0`0`0`0
