code`block`FunctionDecl`FunctionDeclRec`ForStmt`ForStmtRec`DoStmt`DoStmtRec`WhileStmt`WhileStmtRec`IfStmt`IfStmtRec`SwitchStmt`SwitchStmtRec`countBlocks`countBlocksRec`countCondition`countVariable`countLiteral`IntegerLiteral`StringLiteral`IfStmt`ForStmt`WhileStmt`DoStmt`SwitchStmt`countLoop`VarDecl`DeclRefExpr`DeclStmt`countDecl`countPointer`writeFunction`CallExpr`BinaryOperator`UnaryOperator`CompoundAssignOperator`countOperand`ArraySubscriptE`RealFaultLocation
void DFS(int node, int pd){`FunctionDecl,true;`1`1`0`0`0`0`0`0`0`0`0`0`1`1`0`0`0`0`0`0`0`0`0`0`0`0`0`0`0`0`0`0`0`0`0`0`0`0
    if(des[node]){`FunctionDecl,true;IfStmt,false;`1`1`0`0`0`0`0`0`1`0`0`0`2`1`1`2`0`0`0`1`0`0`0`0`0`0`2`0`2`0`0`0`0`0`0`0`1`0
        if(p.size() > 0 && des[pd] > des[node]){`FunctionDecl,true;IfStmt,false;IfStmt,false;`1`1`0`0`0`0`0`0`2`0`0`0`3`1`4`5`1`1`0`1`0`0`0`0`0`0`5`0`5`0`0`0`3`0`0`3`2`0
            cycle.pb(node);`FunctionDecl,true;IfStmt,false;IfStmt,false;`1`1`0`0`0`0`0`0`2`0`0`0`3`1`4`2`0`0`0`0`0`0`0`0`0`0`2`0`2`0`0`0`0`0`0`0`0`0
            for(int i = p.size() - 1; i >= 0; i--){`FunctionDecl,true;IfStmt,false;IfStmt,false;ForStmt,false;`1`1`1`0`0`0`0`0`2`0`0`0`4`1`5`3`2`2`0`0`1`0`0`0`1`1`3`1`5`0`0`0`2`1`0`3`0`0
                if(p[i] == node)break;`FunctionDecl,true;IfStmt,false;IfStmt,false;ForStmt,false;IfStmt,false;`1`1`1`0`0`0`0`0`3`0`0`0`5`1`6`3`0`0`0`1`0`0`0`0`0`0`4`0`4`0`0`0`1`0`0`1`0`0
                cycle.pb(p[i]);`FunctionDecl,true;IfStmt,false;IfStmt,false;ForStmt,false;`1`1`1`0`0`0`0`0`2`0`0`0`4`1`5`3`0`0`0`0`0`0`0`0`0`0`4`0`4`0`0`0`0`0`0`0`0`0
            ct++;`FunctionDecl,true;IfStmt,false;IfStmt,false;`1`1`0`0`0`0`0`0`2`0`0`0`3`1`4`1`0`0`0`0`0`0`0`0`0`0`1`0`1`0`0`0`0`1`0`1`0`0
        return;`FunctionDecl,true;IfStmt,false;`1`1`0`0`0`0`0`0`1`0`0`0`2`1`1`0`0`0`0`0`0`0`0`0`0`0`0`0`0`0`0`0`0`0`0`0`0`0
    p.pb(node);`FunctionDecl,true;`1`1`0`0`0`0`0`0`0`0`0`0`1`1`0`2`0`0`0`0`0`0`0`0`0`0`2`0`2`0`0`0`0`0`0`0`0`0
    des[node] = timer++;`FunctionDecl,true;`1`1`0`0`0`0`0`0`0`0`0`0`1`1`0`3`0`0`0`0`0`0`0`0`0`0`3`0`3`0`0`0`1`1`0`2`1`0
    for(int i = 0; i < L[node].size(); i++){`FunctionDecl,true;ForStmt,false;`1`1`1`0`0`0`0`0`0`0`0`0`2`1`1`4`1`1`0`0`1`0`0`0`1`1`4`1`6`0`0`0`1`1`0`2`1`0
        int to = L[node][i];`FunctionDecl,true;ForStmt,false;`1`1`1`0`0`0`0`0`0`0`0`0`2`1`1`3`0`0`0`0`0`0`0`0`0`1`4`1`6`0`0`0`0`0`0`0`1`0
        if(to == pd)continue;`FunctionDecl,true;ForStmt,false;IfStmt,false;`1`1`1`0`0`0`0`0`1`0`0`0`3`1`2`2`0`0`0`1`0`0`0`0`0`0`2`0`2`0`0`0`1`0`0`1`0`0
        DFS(to, node);`FunctionDecl,true;ForStmt,false;`1`1`1`0`0`0`0`0`0`0`0`0`2`1`1`2`0`0`0`0`0`0`0`0`0`0`3`0`3`0`1`1`0`0`0`0`0`0
    fin[node] = timer++;`FunctionDecl,true;`1`1`0`0`0`0`0`0`0`0`0`0`1`1`0`3`0`0`0`0`0`0`0`0`0`0`3`0`3`0`0`0`1`1`0`2`1`0
    p.pop_back();`FunctionDecl,true;`1`1`0`0`0`0`0`0`0`0`0`0`1`1`0`1`0`0`0`0`0`0`0`0`0`0`1`0`1`0`0`0`0`0`0`0`0`0
int main(){`FunctionDecl,false;`1`0`0`0`0`0`0`0`0`0`0`0`1`0`0`0`0`0`0`0`0`0`0`0`0`0`0`0`0`0`0`0`0`0`0`0`0`0
    int n, m;`FunctionDecl,false;`1`0`0`0`0`0`0`0`0`0`0`0`1`0`0`0`0`0`0`0`0`0`0`0`0`2`0`1`3`0`0`0`0`0`0`0`0`0
    while(scanf("%d%d", &n, &m) == 2){`FunctionDecl,false;WhileStmt,false;`1`0`0`0`0`0`1`0`0`0`0`0`2`0`1`2`2`1`1`0`0`1`0`0`1`0`3`0`3`2`0`1`1`2`0`3`0`0
        int x, y;`FunctionDecl,false;WhileStmt,false;`1`0`0`0`0`0`1`0`0`0`0`0`2`0`1`0`0`0`0`0`0`0`0`0`0`2`0`1`3`0`0`0`0`0`0`0`0`0
        for(int i = 0; i < m; i++){`FunctionDecl,false;WhileStmt,false;ForStmt,false;`1`0`1`0`0`0`1`0`0`0`0`0`3`0`2`3`1`1`0`0`1`0`0`0`1`1`3`1`5`0`0`0`1`1`0`2`0`0
            scanf("%d%d", &x, &y);`FunctionDecl,false;WhileStmt,false;ForStmt,false;`1`0`1`0`0`0`1`0`0`0`0`0`3`0`2`2`1`0`1`0`0`0`0`0`0`0`3`0`3`2`0`1`0`2`0`2`0`0
            L[x].pb(y);`FunctionDecl,false;WhileStmt,false;ForStmt,false;`1`0`1`0`0`0`1`0`0`0`0`0`3`0`2`3`0`0`0`0`0`0`0`0`0`0`3`0`3`0`0`0`0`0`0`0`1`0
            L[y].pb(x);`FunctionDecl,false;WhileStmt,false;ForStmt,false;`1`0`1`0`0`0`1`0`0`0`0`0`3`0`2`3`0`0`0`0`0`0`0`0`0`0`3`0`3`0`0`0`0`0`0`0`1`0
        ct = 0; `FunctionDecl,false;WhileStmt,false;`1`0`0`0`0`0`1`0`0`0`0`0`2`0`1`1`1`1`0`0`0`0`0`0`0`0`1`0`1`0`0`0`1`0`0`1`0`0
        timer = 1;`FunctionDecl,false;WhileStmt,false;`1`0`0`0`0`0`1`0`0`0`0`0`2`0`1`1`1`1`0`0`0`0`0`0`0`0`1`0`1`0`0`0`1`0`0`1`0`0
        memset(des, 0, sizeof des);`FunctionDecl,false;WhileStmt,false;`1`0`0`0`0`0`1`0`0`0`0`0`2`0`1`2`1`1`0`0`0`0`0`0`0`0`3`0`3`0`0`1`0`0`0`0`0`0
        memset(fin, 0, sizeof fin);`FunctionDecl,false;WhileStmt,false;`1`0`0`0`0`0`1`0`0`0`0`0`2`0`1`2`1`1`0`0`0`0`0`0`0`0`3`0`3`0`0`1`0`0`0`0`0`0
        for(int i = 1; i <= n; i++){`FunctionDecl,false;WhileStmt,false;ForStmt,false;`1`0`1`0`0`0`1`0`0`0`0`0`3`0`2`3`1`1`0`0`1`0`0`0`1`1`3`1`5`0`0`0`1`1`0`2`0`1
            if(!des[i])DFS(i, 0);`FunctionDecl,false;WhileStmt,false;ForStmt,false;IfStmt,false;`1`0`1`0`0`0`1`0`1`0`0`0`4`0`4`3`1`1`0`1`0`0`0`0`0`0`4`0`4`0`1`1`0`1`0`1`1`1
            p.clear();`FunctionDecl,false;WhileStmt,false;ForStmt,false;`1`0`1`0`0`0`1`0`0`0`0`0`3`0`2`1`0`0`0`0`0`0`0`0`0`0`1`0`1`0`0`0`0`0`0`0`0`0
        if(ct == 1){`FunctionDecl,false;WhileStmt,false;IfStmt,false;`1`0`0`0`0`0`1`0`1`0`0`0`3`0`2`1`1`1`0`1`0`0`0`0`0`0`1`0`1`0`0`0`1`0`0`1`0`1
            if(cycle.size() >= 3)puts("FHTAGN!");`FunctionDecl,false;WhileStmt,false;IfStmt,false;IfStmt,false;`1`0`0`0`0`0`1`0`2`0`0`0`4`0`3`1`2`1`1`1`0`0`0`0`0`0`2`0`2`0`0`1`1`0`0`1`0`0
            else puts("NO");`FunctionDecl,false;WhileStmt,false;IfStmt,false;IfStmt,false;`1`0`0`0`0`0`1`0`2`0`0`0`4`0`3`0`1`0`1`0`0`0`0`0`0`0`1`0`1`0`0`1`0`0`0`0`0`0
        else puts("NO");`FunctionDecl,false;WhileStmt,false;IfStmt,false;`1`0`0`0`0`0`1`0`1`0`0`0`3`0`2`0`0`0`0`0`0`0`0`0`0`0`1`0`1`0`0`1`0`0`0`0`0`0
