code`block`FunctionDecl`FunctionDeclRec`ForStmt`ForStmtRec`DoStmt`DoStmtRec`WhileStmt`WhileStmtRec`IfStmt`IfStmtRec`SwitchStmt`SwitchStmtRec`countBlocks`countBlocksRec`countCondition`countVariable`countLiteral`IntegerLiteral`StringLiteral`IfStmt`ForStmt`WhileStmt`DoStmt`SwitchStmt`countLoop`VarDecl`DeclRefExpr`DeclStmt`countDecl`countPointer`writeFunction`CallExpr`BinaryOperator`UnaryOperator`CompoundAssignOperator`countOperand`ArraySubscriptE`RealFaultLocation
void dfs(int x){`FunctionDecl,true;`1`1`0`0`0`0`0`0`0`0`0`0`1`1`0`0`0`0`0`0`0`0`0`0`0`0`0`0`0`0`0`0`0`0`0`0`0`1
    for(int i = 0;i < G[x].size();i++){`FunctionDecl,true;ForStmt,false;`1`1`1`0`0`0`0`0`0`0`0`0`2`1`1`4`1`1`0`0`1`0`0`0`1`1`4`1`6`0`0`0`1`1`0`2`1`1
        int to = G[x][i];`FunctionDecl,true;ForStmt,false;`1`1`1`0`0`0`0`0`0`0`0`0`2`1`1`3`0`0`0`0`0`0`0`0`0`1`4`1`6`0`0`0`0`0`0`0`1`0
        if(vis[to] == 1 && to != fa[x]){`FunctionDecl,true;ForStmt,false;IfStmt,false;`1`1`1`0`0`0`0`0`1`0`0`0`3`1`4`5`1`1`0`1`0`0`0`0`0`0`5`0`5`0`0`0`3`0`0`3`2`0
            int p = x;`FunctionDecl,true;ForStmt,false;IfStmt,false;`1`1`1`0`0`0`0`0`1`0`0`0`3`1`4`1`0`0`0`0`0`0`0`0`0`1`1`1`3`0`0`0`0`0`0`0`0`0
            in[to] = 1;`FunctionDecl,true;ForStmt,false;IfStmt,false;`1`1`1`0`0`0`0`0`1`0`0`0`3`1`4`2`1`1`0`0`0`0`0`0`0`0`2`0`2`0`0`0`1`0`0`1`1`0
            while(p != to){`FunctionDecl,true;ForStmt,false;IfStmt,false;WhileStmt,false;`1`1`1`0`0`0`1`0`1`0`0`0`4`1`5`2`0`0`0`0`0`1`0`0`1`0`2`0`2`0`0`0`1`0`0`1`0`0
                in[p] = 1;`FunctionDecl,true;ForStmt,false;IfStmt,false;WhileStmt,false;`1`1`1`0`0`0`1`0`1`0`0`0`4`1`5`2`1`1`0`0`0`0`0`0`0`0`2`0`2`0`0`0`1`0`0`1`1`0
                ans = 1;`FunctionDecl,true;ForStmt,false;IfStmt,false;WhileStmt,false;`1`1`1`0`0`0`1`0`1`0`0`0`4`1`5`1`1`1`0`0`0`0`0`0`0`0`1`0`1`0`0`0`1`0`0`1`0`0
                p = fa[p];`FunctionDecl,true;ForStmt,false;IfStmt,false;WhileStmt,false;`1`1`1`0`0`0`1`0`1`0`0`0`4`1`5`3`0`0`0`0`0`0`0`0`0`0`3`0`3`0`0`0`1`0`0`1`1`1
            return;`FunctionDecl,true;ForStmt,false;IfStmt,false;`1`1`1`0`0`0`0`0`1`0`0`0`3`1`4`0`0`0`0`0`0`0`0`0`0`0`0`0`0`0`0`0`0`0`0`0`0`0
        else if(vis[to] == 0){`FunctionDecl,true;ForStmt,false;IfStmt,false;IfStmt,false;`1`1`1`0`0`0`0`0`2`0`0`0`4`1`5`2`1`1`0`1`0`0`0`0`0`0`2`0`2`0`0`0`1`0`0`1`1`0
            vis[to] = 1;`FunctionDecl,true;ForStmt,false;IfStmt,false;IfStmt,false;`1`1`1`0`0`0`0`0`2`0`0`0`4`1`5`2`1`1`0`0`0`0`0`0`0`0`2`0`2`0`0`0`1`0`0`1`1`0
            fa[to] = x;`FunctionDecl,true;ForStmt,false;IfStmt,false;IfStmt,false;`1`1`1`0`0`0`0`0`2`0`0`0`4`1`5`3`0`0`0`0`0`0`0`0`0`0`3`0`3`0`0`0`1`0`0`1`1`0
            dfs(to);`FunctionDecl,true;ForStmt,false;IfStmt,false;IfStmt,false;`1`1`1`0`0`0`0`0`2`0`0`0`4`1`5`1`0`0`0`0`0`0`0`0`0`0`2`0`2`0`1`1`0`0`0`0`0`0
            vis[to] = 0;`FunctionDecl,true;ForStmt,false;IfStmt,false;IfStmt,false;`1`1`1`0`0`0`0`0`2`0`0`0`4`1`5`2`1`1`0`0`0`0`0`0`0`0`2`0`2`0`0`0`1`0`0`1`1`0
void dfs2(int x,int fa){`FunctionDecl,true;`1`1`0`0`0`0`0`0`0`0`0`0`1`1`0`0`0`0`0`0`0`0`0`0`0`0`0`0`0`0`0`0`0`0`0`0`0`0
    for(int i = 0;i < G[x].size();i++){`FunctionDecl,true;ForStmt,false;`1`1`1`0`0`0`0`0`0`0`0`0`2`1`1`4`1`1`0`0`1`0`0`0`1`1`4`1`6`0`0`0`1`1`0`2`1`0
        int to = G[x][i];`FunctionDecl,true;ForStmt,false;`1`1`1`0`0`0`0`0`0`0`0`0`2`1`1`3`0`0`0`0`0`0`0`0`0`1`4`1`6`0`0`0`0`0`0`0`1`0
        if(to != fa && in[to] != 1){`FunctionDecl,true;ForStmt,false;IfStmt,false;`1`1`1`0`0`0`0`0`1`0`0`0`3`1`4`4`1`1`0`1`0`0`0`0`0`0`4`0`4`0`0`0`3`0`0`3`1`0
            if(vis[to] == 1){`FunctionDecl,true;ForStmt,false;IfStmt,false;IfStmt,false;`1`1`1`0`0`0`0`0`2`0`0`0`4`1`5`2`1`1`0`1`0`0`0`0`0`0`2`0`2`0`0`0`1`0`0`1`1`0
                ans = 0;`FunctionDecl,true;ForStmt,false;IfStmt,false;IfStmt,false;`1`1`1`0`0`0`0`0`2`0`0`0`4`1`5`1`1`1`0`0`0`0`0`0`0`0`1`0`1`0`0`0`1`0`0`1`0`0
                return;`FunctionDecl,true;ForStmt,false;IfStmt,false;IfStmt,false;`1`1`1`0`0`0`0`0`2`0`0`0`4`1`5`0`0`0`0`0`0`0`0`0`0`0`0`0`0`0`0`0`0`0`0`0`0`0
                vis[to] = 1;`FunctionDecl,true;ForStmt,false;IfStmt,false;IfStmt,false;`1`1`1`0`0`0`0`0`2`0`0`0`4`1`5`2`1`1`0`0`0`0`0`0`0`0`2`0`2`0`0`0`1`0`0`1`1`0
                dfs2(to,x);`FunctionDecl,true;ForStmt,false;IfStmt,false;IfStmt,false;`1`1`1`0`0`0`0`0`2`0`0`0`4`1`5`2`0`0`0`0`0`0`0`0`0`0`3`0`3`0`1`1`0`0`0`0`0`0
int main(){`FunctionDecl,false;`1`0`0`0`0`0`0`0`0`0`0`0`1`0`0`0`0`0`0`0`0`0`0`0`0`0`0`0`0`0`0`0`0`0`0`0`0`1
    int n,m;`FunctionDecl,false;`1`0`0`0`0`0`0`0`0`0`0`0`1`0`0`0`0`0`0`0`0`0`0`0`0`2`0`1`3`0`0`0`0`0`0`0`0`0
    while(cin >> n >> m){`FunctionDecl,false;WhileStmt,false;`1`0`0`0`0`0`1`0`0`0`0`0`2`0`1`3`0`0`0`0`0`1`0`0`1`0`5`0`5`0`0`0`0`0`0`0`0`0
        for(int i = 0;i < n;i++) G[i].clear();`FunctionDecl,false;WhileStmt,false;ForStmt,false;`1`0`1`0`0`0`1`0`0`0`0`0`3`0`2`5`1`1`0`0`1`0`0`0`1`1`5`1`7`0`0`0`1`1`0`2`1`0
        for(int i = 0;i < m;i++){`FunctionDecl,false;WhileStmt,false;ForStmt,false;`1`0`1`0`0`0`1`0`0`0`0`0`3`0`2`3`1`1`0`0`1`0`0`0`1`1`3`1`5`0`0`0`1`1`0`2`0`0
            int x,y;`FunctionDecl,false;WhileStmt,false;ForStmt,false;`1`0`1`0`0`0`1`0`0`0`0`0`3`0`2`0`0`0`0`0`0`0`0`0`0`2`0`1`3`0`0`0`0`0`0`0`0`0
            cin >> x >> y;`FunctionDecl,false;WhileStmt,false;ForStmt,false;`1`0`1`0`0`0`1`0`0`0`0`0`3`0`2`3`0`0`0`0`0`0`0`0`0`0`5`0`5`0`0`0`0`0`0`0`0`0
            x--;y--;`FunctionDecl,false;WhileStmt,false;ForStmt,false;`1`0`1`0`0`0`1`0`0`0`0`0`3`0`2`2`0`0`0`0`0`0`0`0`0`0`2`0`2`0`0`0`0`2`0`2`0`0
            G[x].push_back(y);`FunctionDecl,false;WhileStmt,false;ForStmt,false;`1`0`1`0`0`0`1`0`0`0`0`0`3`0`2`3`0`0`0`0`0`0`0`0`0`0`3`0`3`0`0`0`0`0`0`0`1`0
            G[y].push_back(x);`FunctionDecl,false;WhileStmt,false;ForStmt,false;`1`0`1`0`0`0`1`0`0`0`0`0`3`0`2`3`0`0`0`0`0`0`0`0`0`0`3`0`3`0`0`0`0`0`0`0`1`0
        memset(vis,0,sizeof(vis));`FunctionDecl,false;WhileStmt,false;`1`0`0`0`0`0`1`0`0`0`0`0`2`0`1`2`1`1`0`0`0`0`0`0`0`0`3`0`3`0`0`1`0`0`0`0`0`1
        memset(in,0,sizeof(in));`FunctionDecl,false;WhileStmt,false;`1`0`0`0`0`0`1`0`0`0`0`0`2`0`1`2`1`1`0`0`0`0`0`0`0`0`3`0`3`0`0`1`0`0`0`0`0`0
        ans = 0;`FunctionDecl,false;WhileStmt,false;`1`0`0`0`0`0`1`0`0`0`0`0`2`0`1`1`1`1`0`0`0`0`0`0`0`0`1`0`1`0`0`0`1`0`0`1`0`0
        vis[0] = 1;`FunctionDecl,false;WhileStmt,false;`1`0`0`0`0`0`1`0`0`0`0`0`2`0`1`1`2`2`0`0`0`0`0`0`0`0`1`0`1`0`0`0`1`0`0`1`1`0
        fa[0]= 0;`FunctionDecl,false;WhileStmt,false;`1`0`0`0`0`0`1`0`0`0`0`0`2`0`1`1`2`2`0`0`0`0`0`0`0`0`1`0`1`0`0`0`1`0`0`1`1`0
        dfs(0);`FunctionDecl,false;WhileStmt,false;`1`0`0`0`0`0`1`0`0`0`0`0`2`0`1`0`1`1`0`0`0`0`0`0`0`0`1`0`1`0`1`1`0`0`0`0`0`1
        memset(vis,0,sizeof(vis));`FunctionDecl,false;WhileStmt,false;`1`0`0`0`0`0`1`0`0`0`0`0`2`0`1`2`1`1`0`0`0`0`0`0`0`0`3`0`3`0`0`1`0`0`0`0`0`1
        for(int i = 0;i < n;i++){`FunctionDecl,false;WhileStmt,false;ForStmt,false;`1`0`1`0`0`0`1`0`0`0`0`0`3`0`2`3`1`1`0`0`1`0`0`0`1`1`3`1`5`0`0`0`1`1`0`2`0`0
            if(in[i] == 1){`FunctionDecl,false;WhileStmt,false;ForStmt,false;IfStmt,false;`1`0`1`0`0`0`1`0`1`0`0`0`4`0`3`2`1`1`0`1`0`0`0`0`0`0`2`0`2`0`0`0`1`0`0`1`1`0
                int cnt = 0;`FunctionDecl,false;WhileStmt,false;ForStmt,false;IfStmt,false;`1`0`1`0`0`0`1`0`1`0`0`0`4`0`3`0`1`1`0`0`0`0`0`0`0`1`0`1`2`0`0`0`0`0`0`0`0`0
                for(int j = 0;j < G[i].size();j++){`FunctionDecl,false;WhileStmt,false;ForStmt,false;IfStmt,false;ForStmt,false;`1`0`2`0`0`0`1`0`1`0`0`0`5`0`4`4`1`1`0`0`1`0`0`0`1`1`4`1`6`0`0`0`1`1`0`2`1`0
                    int to = G[i][j];`FunctionDecl,false;WhileStmt,false;ForStmt,false;IfStmt,false;ForStmt,false;`1`0`2`0`0`0`1`0`1`0`0`0`5`0`4`3`0`0`0`0`0`0`0`0`0`1`4`1`6`0`0`0`0`0`0`0`1`0
                    if(in[to] == 1) cnt++;`FunctionDecl,false;WhileStmt,false;ForStmt,false;IfStmt,false;ForStmt,false;IfStmt,false;`1`0`2`0`0`0`1`0`2`0`0`0`6`0`5`3`1`1`0`1`0`0`0`0`0`0`3`0`3`0`0`0`1`1`0`2`1`0
                if(cnt > 2){`FunctionDecl,false;WhileStmt,false;ForStmt,false;IfStmt,false;IfStmt,false;`1`0`1`0`0`0`1`0`2`0`0`0`5`0`4`1`1`1`0`1`0`0`0`0`0`0`1`0`1`0`0`0`1`0`0`1`0`0
                    ans = 0;`FunctionDecl,false;WhileStmt,false;ForStmt,false;IfStmt,false;IfStmt,false;`1`0`1`0`0`0`1`0`2`0`0`0`5`0`4`1`1`1`0`0`0`0`0`0`0`0`1`0`1`0`0`0`1`0`0`1`0`0
                    break;`FunctionDecl,false;WhileStmt,false;ForStmt,false;IfStmt,false;IfStmt,false;`1`0`1`0`0`0`1`0`2`0`0`0`5`0`4`0`0`0`0`0`0`0`0`0`0`0`0`0`0`0`0`0`0`0`0`0`0`0
        for(int i= 0;i < n;i++){`FunctionDecl,false;WhileStmt,false;ForStmt,false;`1`0`1`0`0`0`1`0`0`0`0`0`3`0`2`3`1`1`0`0`1`0`0`0`1`1`3`1`5`0`0`0`1`1`0`2`0`0
            if(in[i] == 1){`FunctionDecl,false;WhileStmt,false;ForStmt,false;IfStmt,false;`1`0`1`0`0`0`1`0`1`0`0`0`4`0`3`2`1`1`0`1`0`0`0`0`0`0`2`0`2`0`0`0`1`0`0`1`1`0
                dfs2(i,-1);`FunctionDecl,false;WhileStmt,false;ForStmt,false;IfStmt,false;`1`0`1`0`0`0`1`0`1`0`0`0`4`0`3`1`1`1`0`0`0`0`0`0`0`0`2`0`2`0`1`1`0`1`0`1`0`0
        if(ans == 1) cout << "FHTAGN!\n";`FunctionDecl,false;WhileStmt,false;IfStmt,false;`1`0`0`0`0`0`1`0`1`0`0`0`3`0`2`2`2`1`1`1`0`0`0`0`0`0`3`0`3`0`0`0`1`0`0`1`0`1
        else cout << "NO\n";`FunctionDecl,false;WhileStmt,false;IfStmt,false;`1`0`0`0`0`0`1`0`1`0`0`0`3`0`2`1`1`0`1`0`0`0`0`0`0`0`2`0`2`0`0`0`0`0`0`0`0`0
    return 0;`FunctionDecl,false;`1`0`0`0`0`0`0`0`0`0`0`0`1`0`0`0`0`0`0`0`0`0`0`0`0`0`0`0`0`0`0`0`0`0`0`0`0`0
