code`block`FunctionDecl`FunctionDeclRec`ForStmt`ForStmtRec`DoStmt`DoStmtRec`WhileStmt`WhileStmtRec`IfStmt`IfStmtRec`SwitchStmt`SwitchStmtRec`countBlocks`countBlocksRec`countCondition`countVariable`countLiteral`IntegerLiteral`StringLiteral`IfStmt`ForStmt`WhileStmt`DoStmt`SwitchStmt`countLoop`VarDecl`DeclRefExpr`DeclStmt`countDecl`countPointer`writeFunction`CallExpr`BinaryOperator`UnaryOperator`CompoundAssignOperator`countOperand`ArraySubscriptE`RealFaultLocation
    int n,i;`FunctionDecl,false;`1`0`0`0`0`0`0`0`0`0`0`0`1`0`0`0`0`0`0`0`0`0`0`0`0`2`0`1`3`0`0`0`0`0`0`0`0`1
    while(scanf("%d",&n)!=EOF)`FunctionDecl,false;WhileStmt,false;`1`0`0`0`0`0`1`0`0`0`0`0`2`0`1`1`2`1`1`0`0`1`0`0`1`0`2`0`2`1`0`1`1`2`0`3`0`0
        int x=n,flag=0;`FunctionDecl,false;WhileStmt,false;`1`0`0`0`0`0`1`0`0`0`0`0`2`0`1`1`1`1`0`0`0`0`0`0`0`2`1`1`4`0`0`0`0`0`0`0`0`0
        while(1)`FunctionDecl,false;WhileStmt,false;WhileStmt,false;`1`0`0`0`0`0`2`0`0`0`0`0`3`0`2`0`1`1`0`0`0`1`0`0`1`0`0`0`0`0`0`0`0`0`0`0`0`0
            if(x==0) break;`FunctionDecl,false;WhileStmt,false;WhileStmt,false;IfStmt,false;`1`0`0`0`0`0`2`0`1`0`0`0`4`0`3`1`1`1`0`1`0`0`0`0`0`0`1`0`1`0`0`0`1`0`0`1`0`0
            if(x%7==0) break;`FunctionDecl,false;WhileStmt,false;WhileStmt,false;IfStmt,false;`1`0`0`0`0`0`2`0`1`0`0`0`4`0`3`1`2`2`0`1`0`0`0`0`0`0`1`0`1`0`0`0`2`0`0`2`0`0
            if(x%4==0) break;`FunctionDecl,false;WhileStmt,false;WhileStmt,false;IfStmt,false;`1`0`0`0`0`0`2`0`1`0`0`0`4`0`3`1`2`2`0`1`0`0`0`0`0`0`1`0`1`0`0`0`2`0`0`2`0`0
            x=x-4;`FunctionDecl,false;WhileStmt,false;WhileStmt,false;`1`0`0`0`0`0`2`0`0`0`0`0`3`0`2`2`1`1`0`0`0`0`0`0`0`0`2`0`2`0`0`0`2`0`0`2`0`0
            if(x<0)`FunctionDecl,false;WhileStmt,false;WhileStmt,false;IfStmt,false;`1`0`0`0`0`0`2`0`1`0`0`0`4`0`3`1`1`1`0`1`0`0`0`0`0`0`1`0`1`0`0`0`1`0`0`1`0`0
                flag=1;`FunctionDecl,false;WhileStmt,false;WhileStmt,false;IfStmt,false;`1`0`0`0`0`0`2`0`1`0`0`0`4`0`3`1`1`1`0`0`0`0`0`0`0`0`1`0`1`0`0`0`1`0`0`1`0`0
                break;`FunctionDecl,false;WhileStmt,false;WhileStmt,false;IfStmt,false;`1`0`0`0`0`0`2`0`1`0`0`0`4`0`3`0`0`0`0`0`0`0`0`0`0`0`0`0`0`0`0`0`0`0`0`0`0`0
        if(flag) printf("-1\n");`FunctionDecl,false;WhileStmt,false;IfStmt,false;`1`0`0`0`0`0`1`0`1`0`0`0`3`0`2`1`1`0`1`1`0`0`0`0`0`0`2`0`2`0`0`1`0`0`0`0`0`0
            x=n;`FunctionDecl,false;WhileStmt,false;IfStmt,false;`1`0`0`0`0`0`1`0`1`0`0`0`3`0`2`2`0`0`0`0`0`0`0`0`0`0`2`0`2`0`0`0`1`0`0`1`0`1
            int g=0;`FunctionDecl,false;WhileStmt,false;IfStmt,false;`1`0`0`0`0`0`1`0`1`0`0`0`3`0`2`0`1`1`0`0`0`0`0`0`0`1`0`1`2`0`0`0`0`0`0`0`0`0
            while(1)`FunctionDecl,false;WhileStmt,false;IfStmt,false;WhileStmt,false;`1`0`0`0`0`0`2`0`1`0`0`0`4`0`3`0`1`1`0`0`0`1`0`0`1`0`0`0`0`0`0`0`0`0`0`0`0`0
                if(x%7==0)`FunctionDecl,false;WhileStmt,false;IfStmt,false;WhileStmt,false;IfStmt,false;`1`0`0`0`0`0`2`0`2`0`0`0`5`0`4`1`2`2`0`1`0`0`0`0`0`0`1`0`1`0`0`0`2`0`0`2`0`0
                    for(i=1; i<=(n-x)/4; i++)`FunctionDecl,false;WhileStmt,false;IfStmt,false;WhileStmt,false;IfStmt,false;ForStmt,false;`1`0`1`0`0`0`2`0`2`0`0`0`6`0`5`5`2`2`0`0`1`0`0`0`1`0`5`0`5`0`0`0`4`1`0`5`0`0
                        printf("4");`FunctionDecl,false;WhileStmt,false;IfStmt,false;WhileStmt,false;IfStmt,false;ForStmt,false;`1`0`1`0`0`0`2`0`2`0`0`0`6`0`5`0`1`0`1`0`0`0`0`0`0`0`1`0`1`0`0`1`0`0`0`0`0`0
                    for(i=1; i<=x/7; i++)`FunctionDecl,false;WhileStmt,false;IfStmt,false;WhileStmt,false;IfStmt,false;ForStmt,false;`1`0`1`0`0`0`2`0`2`0`0`0`6`0`5`4`2`2`0`0`1`0`0`0`1`0`4`0`4`0`0`0`3`1`0`4`0`0
                        printf("7");`FunctionDecl,false;WhileStmt,false;IfStmt,false;WhileStmt,false;IfStmt,false;ForStmt,false;`1`0`1`0`0`0`2`0`2`0`0`0`6`0`5`0`1`0`1`0`0`0`0`0`0`0`1`0`1`0`0`1`0`0`0`0`0`0
                    g=1;break;`FunctionDecl,false;WhileStmt,false;IfStmt,false;WhileStmt,false;IfStmt,false;`1`0`0`0`0`0`2`0`2`0`0`0`5`0`4`1`1`1`0`0`0`0`0`0`0`0`1`0`1`0`0`0`1`0`0`1`0`0
                x=x-4;`FunctionDecl,false;WhileStmt,false;IfStmt,false;WhileStmt,false;`1`0`0`0`0`0`2`0`1`0`0`0`4`0`3`2`1`1`0`0`0`0`0`0`0`0`2`0`2`0`0`0`2`0`0`2`0`0
                if(x<=0) break;`FunctionDecl,false;WhileStmt,false;IfStmt,false;WhileStmt,false;IfStmt,false;`1`0`0`0`0`0`2`0`2`0`0`0`5`0`4`1`1`1`0`1`0`0`0`0`0`0`1`0`1`0`0`0`1`0`0`1`0`0
            if(g==0)`FunctionDecl,false;WhileStmt,false;IfStmt,false;IfStmt,false;`1`0`0`0`0`0`1`0`2`0`0`0`4`0`3`1`1`1`0`1`0`0`0`0`0`0`1`0`1`0`0`0`1`0`0`1`0`0
                for(i=1; i<=n/4; i++)`FunctionDecl,false;WhileStmt,false;IfStmt,false;IfStmt,false;ForStmt,false;`1`0`1`0`0`0`1`0`2`0`0`0`5`0`4`4`2`2`0`0`1`0`0`0`1`0`4`0`4`0`0`0`3`1`0`4`0`0
                printf("4");`FunctionDecl,false;WhileStmt,false;IfStmt,false;IfStmt,false;ForStmt,false;`1`0`1`0`0`0`1`0`2`0`0`0`5`0`4`0`1`0`1`0`0`0`0`0`0`0`1`0`1`0`0`1`0`0`0`0`0`0
            printf("\n");`FunctionDecl,false;WhileStmt,false;IfStmt,false;`1`0`0`0`0`0`1`0`1`0`0`0`3`0`2`0`0`0`0`0`0`0`0`0`0`0`1`0`1`0`0`1`0`0`0`0`0`0
