code`block`FunctionDecl`FunctionDeclRec`ForStmt`ForStmtRec`DoStmt`DoStmtRec`WhileStmt`WhileStmtRec`IfStmt`IfStmtRec`SwitchStmt`SwitchStmtRec`countBlocks`countBlocksRec`countCondition`countVariable`countLiteral`IntegerLiteral`StringLiteral`IfStmt`ForStmt`WhileStmt`DoStmt`SwitchStmt`countLoop`VarDecl`DeclRefExpr`DeclStmt`countDecl`countPointer`writeFunction`CallExpr`BinaryOperator`UnaryOperator`CompoundAssignOperator`countOperand`ArraySubscriptE`RealFaultLocation
ll Cost(int n, int m, int T, int t, int x, int cost)`FunctionDecl,false;`1`0`0`0`0`0`0`0`0`0`0`0`1`0`0`0`0`0`0`0`0`0`0`0`0`0`0`0`0`0`0`0`0`0`0`0`0`1
    if (n == 1)`FunctionDecl,false;IfStmt,false;`1`0`0`0`0`0`0`0`1`0`0`0`2`0`1`1`1`1`0`1`0`0`0`0`0`0`1`0`1`0`0`0`1`0`0`1`0`0
        if (t+m>T)`FunctionDecl,false;IfStmt,false;IfStmt,false;`1`0`0`0`0`0`0`0`2`0`0`0`3`0`2`3`0`0`0`1`0`0`0`0`0`0`3`0`3`0`0`0`2`0`0`2`0`0
            return cost + m*x;`FunctionDecl,false;IfStmt,false;IfStmt,false;`1`0`0`0`0`0`0`0`2`0`0`0`3`0`2`3`0`0`0`0`0`0`0`0`0`0`3`0`3`0`0`0`2`0`0`2`0`0
            return cost;`FunctionDecl,false;IfStmt,false;IfStmt,false;`1`0`0`0`0`0`0`0`2`0`0`0`3`0`2`1`0`0`0`0`0`0`0`0`0`0`1`0`1`0`0`0`0`0`0`0`0`0
    if (m%n == 0)`FunctionDecl,false;IfStmt,false;`1`0`0`0`0`0`0`0`1`0`0`0`2`0`1`2`1`1`0`1`0`0`0`0`0`0`2`0`2`0`0`0`2`0`0`2`0`0
        return (m - n*(T-t))*x + n*cost;`FunctionDecl,false;IfStmt,false;`1`0`0`0`0`0`0`0`1`0`0`0`2`0`1`7`0`0`0`0`0`0`0`0`0`0`7`0`7`0`0`0`6`0`0`6`0`0
    return (m - (n-1)*(T-t))*x + n*cost;`FunctionDecl,false;`1`0`0`0`0`0`0`0`0`0`0`0`1`0`0`7`1`1`0`0`0`0`0`0`0`0`7`0`7`0`0`0`7`0`0`7`0`0
bool better(int a, int b, int m, int T, int t, int x, int cost)`FunctionDecl,false;`1`0`0`0`0`0`0`0`0`0`0`0`1`0`1`0`0`0`0`0`0`0`0`0`0`0`0`0`0`0`0`0`0`0`0`0`0`0
    return Cost(a, m, T, t, x, cost) < Cost(b, m, T, t, x, cost);`FunctionDecl,false;`1`0`0`0`0`0`0`0`0`0`0`0`1`0`1`12`0`0`0`0`0`0`0`0`0`0`14`0`14`0`2`2`1`0`0`1`0`0
int bs(int f, int s, int m, int T, int t, int x, int cost, int MAX)`FunctionDecl,true;`1`1`0`0`0`0`0`0`0`0`0`0`1`1`0`0`0`0`0`0`0`0`0`0`0`0`0`0`0`0`0`0`0`0`0`0`0`0
    if (f>s)`FunctionDecl,true;IfStmt,false;`1`1`0`0`0`0`0`0`1`0`0`0`2`1`1`2`0`0`0`1`0`0`0`0`0`0`2`0`2`0`0`0`1`0`0`1`0`0
        cout<<T<<' '<<t<<' '<<x<<' '<<cost<<endl;`FunctionDecl,true;IfStmt,false;`1`1`0`0`0`0`0`0`1`0`0`0`2`1`1`5`3`0`0`0`0`0`0`0`0`0`14`0`14`0`0`0`0`0`0`0`0`0
    if (f == s)`FunctionDecl,true;IfStmt,false;`1`1`0`0`0`0`0`0`1`0`0`0`2`1`1`2`0`0`0`1`0`0`0`0`0`0`2`0`2`0`0`0`1`0`0`1`0`0
        return f;`FunctionDecl,true;IfStmt,false;`1`1`0`0`0`0`0`0`1`0`0`0`2`1`1`1`0`0`0`0`0`0`0`0`0`0`1`0`1`0`0`0`0`0`0`0`0`0
    int d = (f+s)/2;`FunctionDecl,true;`1`1`0`0`0`0`0`0`0`0`0`0`1`1`0`2`1`1`0`0`0`0`0`0`0`1`2`1`4`0`0`0`2`0`0`2`0`0
    if (d == MAX)`FunctionDecl,true;IfStmt,false;`1`1`0`0`0`0`0`0`1`0`0`0`2`1`1`2`0`0`0`1`0`0`0`0`0`0`2`0`2`0`0`0`1`0`0`1`0`0
        if (better(d-1, d, m, T, t, x, cost))`FunctionDecl,true;IfStmt,false;IfStmt,false;`1`1`0`0`0`0`0`0`2`0`0`0`3`1`4`7`1`1`0`1`0`0`0`0`0`0`8`0`8`0`1`1`1`0`0`1`0`0
            return bs(f, d-1, m, T, t, x, cost, MAX);`FunctionDecl,true;IfStmt,false;IfStmt,false;`1`1`0`0`0`0`0`0`2`0`0`0`3`1`4`8`1`1`0`0`0`0`0`0`0`0`9`0`9`0`1`1`1`0`0`1`0`0
        return d;`FunctionDecl,true;IfStmt,false;`1`1`0`0`0`0`0`0`1`0`0`0`2`1`1`1`0`0`0`0`0`0`0`0`0`0`1`0`1`0`0`0`0`0`0`0`0`0
    if (d == 1)`FunctionDecl,true;IfStmt,false;`1`1`0`0`0`0`0`0`1`0`0`0`2`1`1`1`1`1`0`1`0`0`0`0`0`0`1`0`1`0`0`0`1`0`0`1`0`0
        if (better(d+1, d, m, T, t, x, cost))`FunctionDecl,true;IfStmt,false;IfStmt,false;`1`1`0`0`0`0`0`0`2`0`0`0`3`1`4`7`1`1`0`1`0`0`0`0`0`0`8`0`8`0`1`1`1`0`0`1`0`0
            return bs(d+1, s, m, T, t,  x, cost, MAX);`FunctionDecl,true;IfStmt,false;IfStmt,false;`1`1`0`0`0`0`0`0`2`0`0`0`3`1`4`8`1`1`0`0`0`0`0`0`0`0`9`0`9`0`1`1`1`0`0`1`0`0
        return d;`FunctionDecl,true;IfStmt,false;`1`1`0`0`0`0`0`0`1`0`0`0`2`1`1`1`0`0`0`0`0`0`0`0`0`0`1`0`1`0`0`0`0`0`0`0`0`0
    if (better(d, d-1, m, T, t, x, cost) && better(d, d+1, m, T, t, x, cost))`FunctionDecl,true;IfStmt,false;`1`1`0`0`0`0`0`0`1`0`0`0`2`1`7`14`2`2`0`1`0`0`0`0`0`0`16`0`16`0`2`2`3`0`0`3`0`0
        return d;`FunctionDecl,true;IfStmt,false;`1`1`0`0`0`0`0`0`1`0`0`0`2`1`7`1`0`0`0`0`0`0`0`0`0`0`1`0`1`0`0`0`0`0`0`0`0`0
    else if (better(d, d-1, m, T, t, x, cost))`FunctionDecl,true;IfStmt,false;IfStmt,false;`1`1`0`0`0`0`0`0`2`0`0`0`3`1`10`7`1`1`0`1`0`0`0`0`0`0`8`0`8`0`1`1`1`0`0`1`0`0
        return bs(d+1, s, m, T, t, x, cost, MAX);`FunctionDecl,true;IfStmt,false;IfStmt,false;`1`1`0`0`0`0`0`0`2`0`0`0`3`1`10`8`1`1`0`0`0`0`0`0`0`0`9`0`9`0`1`1`1`0`0`1`0`0
        return bs(f, d-1, m, T, t, x, cost, MAX);`FunctionDecl,true;IfStmt,false;IfStmt,false;`1`1`0`0`0`0`0`0`2`0`0`0`3`1`10`8`1`1`0`0`0`0`0`0`0`0`9`0`9`0`1`1`1`0`0`1`0`0
int main()`FunctionDecl,false;`1`0`0`0`0`0`0`0`0`0`0`0`1`0`0`0`0`0`0`0`0`0`0`0`0`0`0`0`0`0`0`0`0`0`0`0`0`0
    int n, m;`FunctionDecl,false;`1`0`0`0`0`0`0`0`0`0`0`0`1`0`0`0`0`0`0`0`0`0`0`0`0`2`0`1`3`0`0`0`0`0`0`0`0`1
    cin >> n >> m;`FunctionDecl,false;`1`0`0`0`0`0`0`0`0`0`0`0`1`0`0`3`0`0`0`0`0`0`0`0`0`0`5`0`5`0`0`0`0`0`0`0`0`0
    ll ans = 0;`FunctionDecl,false;`1`0`0`0`0`0`0`0`0`0`0`0`1`0`0`0`1`1`0`0`0`0`0`0`0`1`0`1`2`0`0`0`0`0`0`0`0`1
    for (int i = 0; i<n; i++)`FunctionDecl,false;ForStmt,false;`1`0`1`0`0`0`0`0`0`0`0`0`2`0`1`3`1`1`0`0`1`0`0`0`1`1`3`1`5`0`0`0`1`1`0`2`0`0
        int t, T, x, cost;`FunctionDecl,false;ForStmt,false;`1`0`1`0`0`0`0`0`0`0`0`0`2`0`1`0`0`0`0`0`0`0`0`0`0`4`0`1`5`0`0`0`0`0`0`0`0`1
        cin>>t>>T>>x>>cost;`FunctionDecl,false;ForStmt,false;`1`0`1`0`0`0`0`0`0`0`0`0`2`0`1`5`0`0`0`0`0`0`0`0`0`0`9`0`9`0`0`0`0`0`0`0`0`0
        int bi;`FunctionDecl,false;ForStmt,false;`1`0`1`0`0`0`0`0`0`0`0`0`2`0`1`0`0`0`0`0`0`0`0`0`0`1`0`1`2`0`0`0`0`0`0`0`0`1
        ll now = 0;`FunctionDecl,false;ForStmt,false;`1`0`1`0`0`0`0`0`0`0`0`0`2`0`1`0`1`1`0`0`0`0`0`0`0`1`0`1`2`0`0`0`0`0`0`0`0`0
        if (T <= t)`FunctionDecl,false;ForStmt,false;IfStmt,false;`1`0`1`0`0`0`0`0`1`0`0`0`3`0`2`2`0`0`0`1`0`0`0`0`0`0`2`0`2`0`0`0`1`0`0`1`0`0
            ans += Cost(1, m, T, t, x, cost);`FunctionDecl,false;ForStmt,false;IfStmt,false;`1`0`1`0`0`0`0`0`1`0`0`0`3`0`2`6`1`1`0`0`0`0`0`0`0`0`7`0`7`0`1`1`0`0`1`1`0`0
            int MAX;`FunctionDecl,false;ForStmt,false;IfStmt,false;`1`0`1`0`0`0`0`0`1`0`0`0`3`0`2`0`0`0`0`0`0`0`0`0`0`1`0`1`2`0`0`0`0`0`0`0`0`0
            if (m%(T-t) == 0)`FunctionDecl,false;ForStmt,false;IfStmt,false;IfStmt,false;`1`0`1`0`0`0`0`0`2`0`0`0`4`0`3`3`1`1`0`1`0`0`0`0`0`0`3`0`3`0`0`0`3`0`0`3`0`0
                MAX = m/(T-t);`FunctionDecl,false;ForStmt,false;IfStmt,false;IfStmt,false;`1`0`1`0`0`0`0`0`2`0`0`0`4`0`3`4`0`0`0`0`0`0`0`0`0`0`4`0`4`0`0`0`3`0`0`3`0`0
                MAX = m/(T-t) + 1;`FunctionDecl,false;ForStmt,false;IfStmt,false;IfStmt,false;`1`0`1`0`0`0`0`0`2`0`0`0`4`0`3`4`1`1`0`0`0`0`0`0`0`0`4`0`4`0`0`0`4`0`0`4`0`0
            bi = bs(1, MAX, m, T, t, x, cost, MAX);`FunctionDecl,false;ForStmt,false;IfStmt,false;`1`0`1`0`0`0`0`0`1`0`0`0`3`0`2`8`1`1`0`0`0`0`0`0`0`0`9`0`9`0`1`1`1`0`0`1`0`0
            now = Cost(bi, m, T, t, x, cost);`FunctionDecl,false;ForStmt,false;IfStmt,false;`1`0`1`0`0`0`0`0`1`0`0`0`3`0`2`7`0`0`0`0`0`0`0`0`0`0`8`0`8`0`1`1`1`0`0`1`0`0
            now = min(now, Cost(1, m, T, t, x, cost));`FunctionDecl,false;ForStmt,false;IfStmt,false;`1`0`1`0`0`0`0`0`1`0`0`0`3`0`2`7`1`1`0`0`0`0`0`0`0`0`9`0`9`0`1`2`1`0`0`1`0`0
            now = min(now, Cost(MAX, m, T, t, x, cost)); `FunctionDecl,false;ForStmt,false;IfStmt,false;`1`0`1`0`0`0`0`0`1`0`0`0`3`0`2`8`0`0`0`0`0`0`0`0`0`0`10`0`10`0`1`2`1`0`0`1`0`0
            ans += now;`FunctionDecl,false;ForStmt,false;IfStmt,false;`1`0`1`0`0`0`0`0`1`0`0`0`3`0`2`2`0`0`0`0`0`0`0`0`0`0`2`0`2`0`0`0`0`0`1`1`0`0
    cout<<ans<<endl;`FunctionDecl,false;`1`0`0`0`0`0`0`0`0`0`0`0`1`0`0`2`0`0`0`0`0`0`0`0`0`0`5`0`5`0`0`0`0`0`0`0`0`0
    return 0;`FunctionDecl,false;`1`0`0`0`0`0`0`0`0`0`0`0`1`0`0`0`0`0`0`0`0`0`0`0`0`0`0`0`0`0`0`0`0`0`0`0`0`0
