code`block`FunctionDecl`FunctionDeclRec`ForStmt`ForStmtRec`DoStmt`DoStmtRec`WhileStmt`WhileStmtRec`IfStmt`IfStmtRec`SwitchStmt`SwitchStmtRec`countBlocks`countBlocksRec`countCondition`countVariable`countLiteral`IntegerLiteral`StringLiteral`IfStmt`ForStmt`WhileStmt`DoStmt`SwitchStmt`countLoop`VarDecl`DeclRefExpr`DeclStmt`countDecl`countPointer`writeFunction`CallExpr`BinaryOperator`UnaryOperator`CompoundAssignOperator`countOperand`ArraySubscriptE`RealFaultLocation
int main()`FunctionDecl,false;`1`0`0`0`0`0`0`0`0`0`0`0`1`0`0`0`0`0`0`0`0`0`0`0`0`0`0`0`0`0`0`0`0`0`0`0`0`0
    int n;`FunctionDecl,false;`1`0`0`0`0`0`0`0`0`0`0`0`1`0`0`0`0`0`0`0`0`0`0`0`0`1`0`1`2`0`0`0`0`0`0`0`0`0
    long long x,y;`FunctionDecl,false;`1`0`0`0`0`0`0`0`0`0`0`0`1`0`0`0`0`0`0`0`0`0`0`0`0`2`0`1`3`0`0`0`0`0`0`0`0`0
    scanf("%d%I64d%I64d",&n,&y,&x);`FunctionDecl,false;`1`0`0`0`0`0`0`0`0`0`0`0`1`0`0`3`1`0`1`0`0`0`0`0`0`0`4`0`4`3`0`1`0`3`0`3`0`0
    if(x>y || n>x) printf("-1\n");`FunctionDecl,false;IfStmt,false;`1`0`0`0`0`0`0`0`1`0`0`0`2`0`3`4`1`0`1`1`0`0`0`0`0`0`5`0`5`0`0`1`3`0`0`3`0`1
        if((x-n+1)*(x-n+1)+n-1<y) printf("-1\n");`FunctionDecl,false;IfStmt,false;IfStmt,false;`1`0`0`0`0`0`0`0`2`0`0`0`3`0`4`6`4`3`1`1`0`0`0`0`0`0`7`0`7`0`0`1`8`0`0`8`0`0
            printf("%d\n",x-n+1);`FunctionDecl,false;IfStmt,false;IfStmt,false;`1`0`0`0`0`0`0`0`2`0`0`0`3`0`4`2`2`1`1`0`0`0`0`0`0`0`3`0`3`0`0`1`2`0`0`2`0`0
            for(int i=1;i<n;i++)`FunctionDecl,false;IfStmt,false;IfStmt,false;ForStmt,false;`1`0`1`0`0`0`0`0`2`0`0`0`4`0`5`3`1`1`0`0`1`0`0`0`1`1`3`1`5`0`0`0`1`1`0`2`0`0
                printf("1\n");`FunctionDecl,false;IfStmt,false;IfStmt,false;ForStmt,false;`1`0`1`0`0`0`0`0`2`0`0`0`4`0`5`0`1`0`1`0`0`0`0`0`0`0`1`0`1`0`0`1`0`0`0`0`0`0
    return 0;`FunctionDecl,false;`1`0`0`0`0`0`0`0`0`0`0`0`1`0`0`0`0`0`0`0`0`0`0`0`0`0`0`0`0`0`0`0`0`0`0`0`0`0
