code`block`FunctionDecl`FunctionDeclRec`ForStmt`ForStmtRec`DoStmt`DoStmtRec`WhileStmt`WhileStmtRec`IfStmt`IfStmtRec`SwitchStmt`SwitchStmtRec`countBlocks`countBlocksRec`countCondition`countVariable`countLiteral`IntegerLiteral`StringLiteral`IfStmt`ForStmt`WhileStmt`DoStmt`SwitchStmt`countLoop`VarDecl`DeclRefExpr`DeclStmt`countDecl`countPointer`writeFunction`CallExpr`BinaryOperator`UnaryOperator`CompoundAssignOperator`countOperand`ArraySubscriptE`RealFaultLocation
{   char a[N];`FunctionDecl,false;`1`0`0`0`0`0`0`0`0`0`0`0`1`0`0`0`0`0`0`0`0`0`0`0`0`1`0`1`2`0`0`0`0`0`0`0`0`1
   int len,sum,i;`FunctionDecl,false;`1`0`0`0`0`0`0`0`0`0`0`0`1`0`0`0`0`0`0`0`0`0`0`0`0`3`0`1`4`0`0`0`0`0`0`0`0`0
    while(scanf("%s",&a)!=EOF)`FunctionDecl,false;WhileStmt,false;`1`0`0`0`0`0`1`0`0`0`0`0`2`0`1`1`2`1`1`0`0`1`0`0`1`0`2`0`2`1`0`1`1`2`0`3`0`0
        len=strlen(a);int sum=0;`FunctionDecl,false;WhileStmt,false;`1`0`0`0`0`0`1`0`0`0`0`0`2`0`1`2`1`1`0`0`0`0`0`0`0`1`3`1`5`0`0`1`1`0`0`1`0`0
        for(i=0;i<len;i++)`FunctionDecl,false;WhileStmt,false;ForStmt,false;`1`0`1`0`0`0`1`0`0`0`0`0`3`0`2`4`1`1`0`0`1`0`0`0`1`0`4`0`4`0`0`0`2`1`0`3`0`0
            if(a[i]=='1')`FunctionDecl,false;WhileStmt,false;ForStmt,false;IfStmt,false;`1`0`1`0`0`0`1`0`1`0`0`0`4`0`3`2`1`0`0`1`0`0`0`0`0`0`2`0`2`0`0`0`1`0`0`1`1`0
                sum++;`FunctionDecl,false;WhileStmt,false;ForStmt,false;IfStmt,false;`1`0`1`0`0`0`1`0`1`0`0`0`4`0`3`1`0`0`0`0`0`0`0`0`0`0`1`0`1`0`0`0`0`1`0`1`0`0
        if(sum==len){`FunctionDecl,false;WhileStmt,false;IfStmt,false;`1`0`0`0`0`0`1`0`1`0`0`0`3`0`2`2`0`0`0`1`0`0`0`0`0`0`2`0`2`0`0`0`1`0`0`1`0`0
            for(i=1;i<len;i++)`FunctionDecl,false;WhileStmt,false;IfStmt,false;ForStmt,false;`1`0`1`0`0`0`1`0`1`0`0`0`4`0`3`4`1`1`0`0`1`0`0`0`1`0`4`0`4`0`0`0`2`1`0`3`0`0
                printf("1");`FunctionDecl,false;WhileStmt,false;IfStmt,false;ForStmt,false;`1`0`1`0`0`0`1`0`1`0`0`0`4`0`3`0`1`0`1`0`0`0`0`0`0`0`1`0`1`0`0`1`0`0`0`0`0`0
            printf("\n");`FunctionDecl,false;WhileStmt,false;IfStmt,false;`1`0`0`0`0`0`1`0`1`0`0`0`3`0`2`0`1`0`1`0`0`0`0`0`0`0`1`0`1`0`0`1`0`0`0`0`0`0
        {    int c=1;`FunctionDecl,false;WhileStmt,false;IfStmt,false;`1`0`0`0`0`0`1`0`1`0`0`0`3`0`2`0`1`1`0`0`0`0`0`0`0`1`0`1`2`0`0`0`0`0`0`0`0`0
            for(i=0;i<len;i++)`FunctionDecl,false;WhileStmt,false;IfStmt,false;ForStmt,false;`1`0`1`0`0`0`1`0`1`0`0`0`4`0`3`4`1`1`0`0`1`0`0`0`1`0`4`0`4`0`0`0`2`1`0`3`0`0
                if(a[i]=='0'&&c){`FunctionDecl,false;WhileStmt,false;IfStmt,false;ForStmt,false;IfStmt,false;`1`0`1`0`0`0`1`0`2`0`0`0`5`0`6`3`1`0`0`1`0`0`0`0`0`0`3`0`3`0`0`0`2`0`0`2`1`0
                    c=0;continue;`FunctionDecl,false;WhileStmt,false;IfStmt,false;ForStmt,false;IfStmt,false;`1`0`1`0`0`0`1`0`2`0`0`0`5`0`6`1`1`1`0`0`0`0`0`0`0`0`1`0`1`0`0`0`1`0`0`1`0`0
                printf("%c",a[i]);`FunctionDecl,false;WhileStmt,false;IfStmt,false;ForStmt,false;`1`0`1`0`0`0`1`0`1`0`0`0`4`0`3`2`1`0`1`0`0`0`0`0`0`0`3`0`3`0`0`1`0`0`0`0`1`0
            printf("\n");`FunctionDecl,false;WhileStmt,false;IfStmt,false;`1`0`0`0`0`0`1`0`1`0`0`0`3`0`2`0`0`0`0`0`0`0`0`0`0`0`1`0`1`0`0`1`0`0`0`0`0`0
