code`block`FunctionDecl`FunctionDeclRec`ForStmt`ForStmtRec`DoStmt`DoStmtRec`WhileStmt`WhileStmtRec`IfStmt`IfStmtRec`SwitchStmt`SwitchStmtRec`countBlocks`countBlocksRec`countCondition`countVariable`countLiteral`IntegerLiteral`StringLiteral`IfStmt`ForStmt`WhileStmt`DoStmt`SwitchStmt`countLoop`VarDecl`DeclRefExpr`DeclStmt`countDecl`countPointer`writeFunction`CallExpr`BinaryOperator`UnaryOperator`CompoundAssignOperator`countOperand`ArraySubscriptE`RealFaultLocation
int main()`FunctionDecl,false;`1`0`0`0`0`0`0`0`0`0`0`0`1`0`0`0`0`0`0`0`0`0`0`0`0`0`0`0`0`0`0`0`0`0`0`0`0`1
    int m,i,j,k,n;`FunctionDecl,false;`1`0`0`0`0`0`0`0`0`0`0`0`1`0`0`0`0`0`0`0`0`0`0`0`0`5`0`1`6`0`0`0`0`0`0`0`0`0
    while(~scanf("%d%d",&n,&m))`FunctionDecl,false;WhileStmt,false;`1`0`0`0`0`0`1`0`0`0`0`0`2`0`1`2`1`0`1`0`0`1`0`0`1`0`3`0`3`2`0`1`0`3`0`3`0`0
        k=(m+1)/2;int nn=n;i=0;`FunctionDecl,false;WhileStmt,false;`1`0`0`0`0`0`1`0`0`0`0`0`2`0`1`4`3`3`0`0`0`0`0`0`0`1`4`1`6`0`0`0`4`0`0`4`0`0
        while(n>=0)`FunctionDecl,false;WhileStmt,false;WhileStmt,false;`1`0`0`0`0`0`2`0`0`0`0`0`3`0`2`1`1`1`0`0`0`1`0`0`1`0`1`0`1`0`0`0`1`0`0`1`0`0
            a[++i]=k;int x=k-1,y=k+1;`FunctionDecl,false;WhileStmt,false;WhileStmt,false;`1`0`0`0`0`0`2`0`0`0`0`0`3`0`2`5`2`2`0`0`0`0`0`0`0`2`5`1`8`0`0`0`3`1`0`4`1`0
            if(nn%2==0)a[++i]=y;y++;`FunctionDecl,false;WhileStmt,false;WhileStmt,false;`1`0`0`0`0`0`2`0`0`0`0`0`3`0`2`3`2`2`0`1`0`0`0`0`0`0`3`0`3`0`0`0`3`1`0`4`1`1
            while(x>0&&y<=m)`FunctionDecl,false;WhileStmt,false;WhileStmt,false;WhileStmt,false;`1`0`0`0`0`0`3`0`0`0`0`0`4`0`2`2`0`0`0`0`0`1`0`0`1`0`2`0`2`0`0`0`0`1`0`1`0`0
                a[++i]=x--,a[++i]=y++;`FunctionDecl,false;WhileStmt,false;WhileStmt,false;WhileStmt,false;`1`0`0`0`0`0`3`0`0`0`0`0`4`0`2`5`1`1`0`0`0`0`0`0`0`0`5`0`5`0`0`0`5`1`0`6`1`0
            while(x>0)a[++i]=x--;`FunctionDecl,false;WhileStmt,false;WhileStmt,false;WhileStmt,false;`1`0`0`0`0`0`3`0`0`0`0`0`4`0`2`4`0`0`0`0`0`1`0`0`1`0`4`0`4`0`0`0`1`3`0`4`1`1
            while(y<=m)a[++i]=y++;`FunctionDecl,false;WhileStmt,false;WhileStmt,false;WhileStmt,false;`1`0`0`0`0`0`3`0`0`0`0`0`4`0`2`4`1`1`0`0`0`1`0`0`1`0`4`0`4`0`0`0`2`2`0`4`1`0
            n-=m;`FunctionDecl,false;WhileStmt,false;WhileStmt,false;`1`0`0`0`0`0`2`0`0`0`0`0`3`0`2`7`0`0`0`0`0`0`0`0`0`0`7`0`7`0`0`0`2`2`1`5`1`0
        for(i=1;i<=nn;i++)`FunctionDecl,false;WhileStmt,false;ForStmt,false;`1`0`1`0`0`0`1`0`0`0`0`0`3`0`2`4`1`1`0`0`1`0`0`0`1`0`4`0`4`0`0`0`2`1`0`3`0`0
            printf("%d\n",a[i]);`FunctionDecl,false;WhileStmt,false;ForStmt,false;`1`0`1`0`0`0`1`0`0`0`0`0`3`0`2`2`1`0`1`0`0`0`0`0`0`0`3`0`3`0`0`1`0`0`0`0`1`0
    return 0;`FunctionDecl,false;`1`0`0`0`0`0`0`0`0`0`0`0`1`0`0`0`0`0`0`0`0`0`0`0`0`0`0`0`0`0`0`0`0`0`0`0`0`0
