code`block`FunctionDecl`FunctionDeclRec`ForStmt`ForStmtRec`DoStmt`DoStmtRec`WhileStmt`WhileStmtRec`IfStmt`IfStmtRec`SwitchStmt`SwitchStmtRec`countBlocks`countBlocksRec`countCondition`countVariable`countLiteral`IntegerLiteral`StringLiteral`IfStmt`ForStmt`WhileStmt`DoStmt`SwitchStmt`countLoop`VarDecl`DeclRefExpr`DeclStmt`countDecl`countPointer`writeFunction`CallExpr`BinaryOperator`UnaryOperator`CompoundAssignOperator`countOperand`ArraySubscriptE`RealFaultLocation
int main()`FunctionDecl,false;`1`0`0`0`0`0`0`0`0`0`0`0`1`0`0`0`0`0`0`0`0`0`0`0`0`0`0`0`0`0`0`0`0`0`0`0`0`1
    int n, sh, ush, a, b, c, d, e, maxS = 0;`FunctionDecl,false;`1`0`0`0`0`0`0`0`0`0`0`0`1`0`0`0`1`1`0`0`0`0`0`0`0`9`0`1`10`0`0`0`0`0`0`0`0`1
    string h, maxH;`FunctionDecl,false;`1`0`0`0`0`0`0`0`0`0`0`0`1`0`0`0`0`0`0`0`0`0`0`0`0`2`0`1`3`0`0`0`0`0`0`0`0`0
    while(scanf("%d", &n) != EOF)`FunctionDecl,false;WhileStmt,false;`1`0`0`0`0`0`1`0`0`0`0`0`2`0`1`1`2`1`1`0`0`1`0`0`1`0`2`0`2`1`0`1`1`2`0`3`0`0
        maxS = 0;`FunctionDecl,false;WhileStmt,false;`1`0`0`0`0`0`1`0`0`0`0`0`2`0`1`1`1`1`0`0`0`0`0`0`0`0`1`0`1`0`0`0`1`0`0`1`0`1
        while(n--)`FunctionDecl,false;WhileStmt,false;WhileStmt,false;`1`0`0`0`0`0`2`0`0`0`0`0`3`0`2`1`0`0`0`0`0`1`0`0`1`0`1`0`1`0`0`0`0`1`0`1`0`0
            cin >> h;`FunctionDecl,false;WhileStmt,false;WhileStmt,false;`1`0`0`0`0`0`2`0`0`0`0`0`3`0`2`2`0`0`0`0`0`0`0`0`0`0`3`0`3`0`0`0`0`0`0`0`0`0
            scanf("%d %d %d %d %d %d %d", &sh, &ush, &a, &b, &c, &d, &e);`FunctionDecl,false;WhileStmt,false;WhileStmt,false;`1`0`0`0`0`0`2`0`0`0`0`0`3`0`2`7`1`0`1`0`0`0`0`0`0`0`8`0`8`7`0`1`0`7`0`7`0`0
            int s = sh * 100 - ush * 50 + a + b + c + d + e;`FunctionDecl,false;WhileStmt,false;WhileStmt,false;`1`0`0`0`0`0`2`0`0`0`0`0`3`0`2`7`2`2`0`0`0`0`0`0`0`1`7`1`9`0`0`0`8`0`0`8`0`0
            if(s > maxS)`FunctionDecl,false;WhileStmt,false;WhileStmt,false;IfStmt,false;`1`0`0`0`0`0`2`0`1`0`0`0`4`0`3`2`0`0`0`1`0`0`0`0`0`0`2`0`2`0`0`0`1`0`0`1`0`0
                maxH = h;`FunctionDecl,false;WhileStmt,false;WhileStmt,false;IfStmt,false;`1`0`0`0`0`0`2`0`1`0`0`0`4`0`3`2`0`0`0`0`0`0`0`0`0`0`3`0`3`0`0`0`0`0`0`0`0`0
                maxS = s;`FunctionDecl,false;WhileStmt,false;WhileStmt,false;IfStmt,false;`1`0`0`0`0`0`2`0`1`0`0`0`4`0`3`2`0`0`0`0`0`0`0`0`0`0`2`0`2`0`0`0`1`0`0`1`0`0
        cout << maxH << endl;`FunctionDecl,false;WhileStmt,false;`1`0`0`0`0`0`1`0`0`0`0`0`2`0`1`2`0`0`0`0`0`0`0`0`0`0`5`0`5`0`0`0`0`0`0`0`0`0
    return 0;`FunctionDecl,false;`1`0`0`0`0`0`0`0`0`0`0`0`1`0`0`0`0`0`0`0`0`0`0`0`0`0`0`0`0`0`0`0`0`0`0`0`0`0
