code`block`FunctionDecl`FunctionDeclRec`ForStmt`ForStmtRec`DoStmt`DoStmtRec`WhileStmt`WhileStmtRec`IfStmt`IfStmtRec`SwitchStmt`SwitchStmtRec`countBlocks`countBlocksRec`countCondition`countVariable`countLiteral`IntegerLiteral`StringLiteral`IfStmt`ForStmt`WhileStmt`DoStmt`SwitchStmt`countLoop`VarDecl`DeclRefExpr`DeclStmt`countDecl`countPointer`writeFunction`CallExpr`BinaryOperator`UnaryOperator`CompoundAssignOperator`countOperand`ArraySubscriptE`RealFaultLocation
int main()`FunctionDecl,false;`1`0`0`0`0`0`0`0`0`0`0`0`1`0`0`0`0`0`0`0`0`0`0`0`0`1`0`0`1`0`0`0`0`0`0`0`0`1
    int n;`FunctionDecl,false;`1`0`0`0`0`0`0`0`0`0`0`0`1`0`0`0`0`0`0`0`0`0`0`0`0`1`0`1`2`0`0`0`0`0`0`0`0`1
    int count,maxindex,max;`FunctionDecl,false;`1`0`0`0`0`0`0`0`0`0`0`0`1`0`0`0`0`0`0`0`0`0`0`0`0`3`0`1`4`0`0`0`0`0`0`0`0`0
    int p,m,A,B,C,D,E;`FunctionDecl,false;`1`0`0`0`0`0`0`0`0`0`0`0`1`0`0`0`0`0`0`0`0`0`0`0`0`7`0`1`8`0`0`0`0`0`0`0`0`0
    char c;`FunctionDecl,false;`1`0`0`0`0`0`0`0`0`0`0`0`1`0`0`0`0`0`0`0`0`0`0`0`0`1`0`1`2`0`0`0`0`0`0`0`0`0
    while(scanf("%d",&n)!=EOF)`FunctionDecl,false;WhileStmt,false;`1`0`0`0`0`0`1`0`0`0`0`0`2`0`1`1`2`1`1`0`0`1`0`0`1`0`2`0`2`1`0`1`1`2`0`3`0`0
        max=0,maxindex=0;`FunctionDecl,false;WhileStmt,false;`1`0`0`0`0`0`1`0`0`0`0`0`2`0`1`2`2`2`0`0`0`0`0`0`0`0`2`0`2`0`0`0`3`0`0`3`0`0
        for(int i=1;i<=n;i++)`FunctionDecl,false;WhileStmt,false;ForStmt,false;`1`0`1`0`0`0`1`0`0`0`0`0`3`0`2`3`1`1`0`0`1`0`0`0`1`1`3`1`5`0`0`0`1`1`0`2`0`0
            getchar();`FunctionDecl,false;WhileStmt,false;ForStmt,false;`1`0`1`0`0`0`1`0`0`0`0`0`3`0`2`0`0`0`0`0`0`0`0`0`0`0`1`0`1`0`0`1`0`0`0`0`0`0
            count=0;a[i].sum=0;`FunctionDecl,false;WhileStmt,false;ForStmt,false;`1`0`1`0`0`0`1`0`0`0`0`0`3`0`2`3`2`2`0`0`0`0`0`0`0`0`3`0`3`0`0`0`2`0`0`2`1`0
            while(scanf("%c",&c)&&c!=' ')`FunctionDecl,false;WhileStmt,false;ForStmt,false;WhileStmt,false;`1`0`1`0`0`0`2`0`0`0`0`0`4`0`5`2`2`0`1`0`0`1`0`0`1`0`3`0`3`1`0`1`2`1`0`3`0`0
                a[i].name[count++]=c;`FunctionDecl,false;WhileStmt,false;ForStmt,false;WhileStmt,false;`1`0`1`0`0`0`2`0`0`0`0`0`4`0`5`4`0`0`0`0`0`0`0`0`0`0`4`0`4`0`0`0`1`1`0`2`2`0
            scanf("%d%d%d%d%d%d%d",&p,&m,&A,&B,&C,&D,&E);`FunctionDecl,false;WhileStmt,false;ForStmt,false;`1`0`1`0`0`0`1`0`0`0`0`0`3`0`2`7`1`0`1`0`0`0`0`0`0`0`8`0`8`7`0`1`0`7`0`7`0`0
            a[i].sum=p-m+A+B+C+D+E;`FunctionDecl,false;WhileStmt,false;ForStmt,false;`1`0`1`0`0`0`1`0`0`0`0`0`3`0`2`9`0`0`0`0`0`0`0`0`0`0`9`0`9`0`0`0`7`0`0`7`1`0
            if(a[i].sum>max)`FunctionDecl,false;WhileStmt,false;ForStmt,false;IfStmt,false;`1`0`1`0`0`0`1`0`1`0`0`0`4`0`3`3`0`0`0`1`0`0`0`0`0`0`3`0`3`0`0`0`1`0`0`1`1`0
                max=a[i].sum;`FunctionDecl,false;WhileStmt,false;ForStmt,false;IfStmt,false;`1`0`1`0`0`0`1`0`1`0`0`0`4`0`3`3`0`0`0`0`0`0`0`0`0`0`3`0`3`0`0`0`1`0`0`1`1`0
                maxindex=i;`FunctionDecl,false;WhileStmt,false;ForStmt,false;IfStmt,false;`1`0`1`0`0`0`1`0`1`0`0`0`4`0`3`2`0`0`0`0`0`0`0`0`0`0`2`0`2`0`0`0`1`0`0`1`0`0
        int t=0;`FunctionDecl,false;WhileStmt,false;`1`0`0`0`0`0`1`0`0`0`0`0`2`0`1`0`1`1`0`0`0`0`0`0`0`1`0`1`2`0`0`0`0`0`0`0`0`0
        while(a[maxindex].name[t]!='\0')`FunctionDecl,false;WhileStmt,false;WhileStmt,false;`1`0`0`0`0`0`2`0`0`0`0`0`3`0`2`3`1`0`0`0`0`1`0`0`1`0`3`0`3`0`0`0`1`0`0`1`2`0
            printf("%c",a[maxindex].name[t]);`FunctionDecl,false;WhileStmt,false;WhileStmt,false;`1`0`0`0`0`0`2`0`0`0`0`0`3`0`2`3`1`0`1`0`0`0`0`0`0`0`4`0`4`0`0`1`0`0`0`0`2`0
            t++;`FunctionDecl,false;WhileStmt,false;WhileStmt,false;`1`0`0`0`0`0`2`0`0`0`0`0`3`0`2`1`0`0`0`0`0`0`0`0`0`0`1`0`1`0`0`0`0`1`0`1`0`0
        printf("\n");`FunctionDecl,false;WhileStmt,false;`1`0`0`0`0`0`1`0`0`0`0`0`2`0`1`0`1`0`1`0`0`0`0`0`0`0`1`0`1`0`0`1`0`0`0`0`0`0
    return 0;`FunctionDecl,false;`1`0`0`0`0`0`0`0`0`0`0`0`1`0`0`0`0`0`0`0`0`0`0`0`0`0`0`0`0`0`0`0`0`0`0`0`0`0
