code`block`FunctionDecl`FunctionDeclRec`ForStmt`ForStmtRec`DoStmt`DoStmtRec`WhileStmt`WhileStmtRec`IfStmt`IfStmtRec`SwitchStmt`SwitchStmtRec`countBlocks`countBlocksRec`countCondition`countVariable`countLiteral`IntegerLiteral`StringLiteral`IfStmt`ForStmt`WhileStmt`DoStmt`SwitchStmt`countLoop`VarDecl`DeclRefExpr`DeclStmt`countDecl`countPointer`writeFunction`CallExpr`BinaryOperator`UnaryOperator`CompoundAssignOperator`countOperand`ArraySubscriptE`RealFaultLocation
    int a, b, T;`FunctionDecl,false;`1`0`0`0`0`0`0`0`0`0`0`0`1`0`0`0`0`0`0`0`0`0`0`0`0`3`0`1`4`0`0`0`0`0`0`0`0`0
    double ans;`FunctionDecl,false;`1`0`0`0`0`0`0`0`0`0`0`0`1`0`0`0`0`0`0`0`0`0`0`0`0`1`0`1`2`0`0`0`0`0`0`0`0`0
    scanf("%d", &T);`FunctionDecl,false;`1`0`0`0`0`0`0`0`0`0`0`0`1`0`0`1`1`0`1`0`0`0`0`0`0`0`2`0`2`1`0`1`0`1`0`1`0`0
    while(T--) {`FunctionDecl,false;WhileStmt,false;`1`0`0`0`0`0`1`0`0`0`0`0`2`0`1`1`0`0`0`0`0`1`0`0`1`0`1`0`1`0`0`0`0`1`0`1`0`0
        scanf("%d%d", &a, &b);`FunctionDecl,false;WhileStmt,false;`1`0`0`0`0`0`1`0`0`0`0`0`2`0`1`2`1`0`1`0`0`0`0`0`0`0`3`0`3`2`0`1`0`2`0`2`0`0
        if(b == 0) ans = 1.0;`FunctionDecl,false;WhileStmt,false;IfStmt,false;`1`0`0`0`0`0`1`0`1`0`0`0`3`0`2`2`2`1`0`1`0`0`0`0`0`0`2`0`2`0`0`0`2`0`0`2`0`0
        else if(a == 0) ans = 0.5;`FunctionDecl,false;WhileStmt,false;IfStmt,false;IfStmt,false;`1`0`0`0`0`0`1`0`2`0`0`0`4`0`3`2`2`1`0`1`0`0`0`0`0`0`2`0`2`0`0`0`2`0`0`2`0`0
        else if(a < 4 * b) ans =  (a / 4.0 * a / 2.0 + b * a) / (a * 1.0 * b * 2.0);`FunctionDecl,false;WhileStmt,false;IfStmt,false;IfStmt,false;IfStmt,false;`1`0`0`0`0`0`1`0`3`0`0`0`5`0`4`9`5`1`0`1`0`0`0`0`0`0`9`0`9`0`0`0`12`0`0`12`0`1
        else if(a == 4 * b) ans = 3.0 / 4;`FunctionDecl,false;WhileStmt,false;IfStmt,false;IfStmt,false;IfStmt,false;IfStmt,false;`1`0`0`0`0`0`1`0`4`0`0`0`6`0`5`3`3`2`0`1`0`0`0`0`0`0`3`0`3`0`0`0`4`0`0`4`0`0
        else ans = 1 - (b * 4.0 * b / 2.0) / (a * 1.0 * b * 2.0);`FunctionDecl,false;WhileStmt,false;IfStmt,false;IfStmt,false;IfStmt,false;IfStmt,false;`1`0`0`0`0`0`1`0`4`0`0`0`6`0`5`5`5`1`0`0`0`0`0`0`0`0`5`0`5`0`0`0`9`0`0`9`0`0
        printf("%.10f\n", ans);`FunctionDecl,false;WhileStmt,false;`1`0`0`0`0`0`1`0`0`0`0`0`2`0`1`0`1`0`1`0`0`0`0`0`0`0`1`0`1`0`0`1`0`0`0`0`0`0
