code`block`FunctionDecl`FunctionDeclRec`ForStmt`ForStmtRec`DoStmt`DoStmtRec`WhileStmt`WhileStmtRec`IfStmt`IfStmtRec`SwitchStmt`SwitchStmtRec`countBlocks`countBlocksRec`countCondition`countVariable`countLiteral`IntegerLiteral`StringLiteral`IfStmt`ForStmt`WhileStmt`DoStmt`SwitchStmt`countLoop`VarDecl`DeclRefExpr`DeclStmt`countDecl`countPointer`writeFunction`CallExpr`BinaryOperator`UnaryOperator`CompoundAssignOperator`countOperand`ArraySubscriptE`RealFaultLocation
int main()`FunctionDecl,false;`1`0`0`0`0`0`0`0`0`0`0`0`1`0`0`0`0`0`0`0`0`0`0`0`0`0`0`0`0`0`0`0`0`0`0`0`0`0
	int t,i;`FunctionDecl,false;`1`0`0`0`0`0`0`0`0`0`0`0`1`0`0`0`0`0`0`0`0`0`0`0`0`2`0`1`3`0`0`0`0`0`0`0`0`0
	float x,y;`FunctionDecl,false;`1`0`0`0`0`0`0`0`0`0`0`0`1`0`0`0`0`0`0`0`0`0`0`0`0`2`0`1`3`0`0`0`0`0`0`0`0`1
	float ans;`FunctionDecl,false;`1`0`0`0`0`0`0`0`0`0`0`0`1`0`0`0`0`0`0`0`0`0`0`0`0`1`0`1`2`0`0`0`0`0`0`0`0`0
	while(cin>>t)`FunctionDecl,false;WhileStmt,false;`1`0`0`0`0`0`1`0`0`0`0`0`2`0`1`2`0`0`0`0`0`1`0`0`1`0`3`0`3`0`0`0`0`0`0`0`0`0
		for(i=0;i<t;i++)`FunctionDecl,false;WhileStmt,false;ForStmt,false;`1`0`1`0`0`0`1`0`0`0`0`0`3`0`2`4`1`1`0`0`1`0`0`0`1`0`4`0`4`0`0`0`2`1`0`3`0`0
			cin>>y>>x;`FunctionDecl,false;WhileStmt,false;ForStmt,false;`1`0`1`0`0`0`1`0`0`0`0`0`3`0`2`3`0`0`0`0`0`0`0`0`0`0`5`0`5`0`0`0`0`0`0`0`0`0
			if(x==0)`FunctionDecl,false;WhileStmt,false;ForStmt,false;IfStmt,false;`1`0`1`0`0`0`1`0`1`0`0`0`4`0`3`1`1`1`0`1`0`0`0`0`0`0`1`0`1`0`0`0`1`0`0`1`0`0
				cout<<1<<endl;`FunctionDecl,false;WhileStmt,false;ForStmt,false;IfStmt,false;`1`0`1`0`0`0`1`0`1`0`0`0`4`0`3`1`1`1`0`0`0`0`0`0`0`0`4`0`4`0`0`0`0`0`0`0`0`0
				cout<<fixed<<setprecision(10)<<(y/4+x+x)/(4*x)<<endl;	`FunctionDecl,false;WhileStmt,false;ForStmt,false;IfStmt,false;`1`0`1`0`0`0`1`0`1`0`0`0`4`0`3`5`3`3`0`0`0`0`0`0`0`0`11`0`11`0`0`1`5`0`0`5`0`1
