code`block`FunctionDecl`FunctionDeclRec`ForStmt`ForStmtRec`DoStmt`DoStmtRec`WhileStmt`WhileStmtRec`IfStmt`IfStmtRec`SwitchStmt`SwitchStmtRec`countBlocks`countBlocksRec`countCondition`countVariable`countLiteral`IntegerLiteral`StringLiteral`IfStmt`ForStmt`WhileStmt`DoStmt`SwitchStmt`countLoop`VarDecl`DeclRefExpr`DeclStmt`countDecl`countPointer`writeFunction`CallExpr`BinaryOperator`UnaryOperator`CompoundAssignOperator`countOperand`ArraySubscriptE`RealFaultLocation
int main(){`FunctionDecl,false;`1`0`0`0`0`0`0`0`0`0`0`0`1`0`0`0`0`0`0`0`0`0`0`0`0`0`0`0`0`0`0`0`0`0`0`0`0`1
	int T, a, b;`FunctionDecl,false;`1`0`0`0`0`0`0`0`0`0`0`0`1`0`0`0`0`0`0`0`0`0`0`0`0`3`0`1`4`0`0`0`0`0`0`0`0`0
	scanf("%d", &T);`FunctionDecl,false;`1`0`0`0`0`0`0`0`0`0`0`0`1`0`0`1`1`0`1`0`0`0`0`0`0`0`2`0`2`1`0`1`0`1`0`1`0`0
	while(T--){`FunctionDecl,false;WhileStmt,false;`1`0`0`0`0`0`1`0`0`0`0`0`2`0`1`1`0`0`0`0`0`1`0`0`1`0`1`0`1`0`0`0`0`1`0`1`0`0
		scanf("%d%d", &a, &b);`FunctionDecl,false;WhileStmt,false;`1`0`0`0`0`0`1`0`0`0`0`0`2`0`1`2`1`0`1`0`0`0`0`0`0`0`3`0`3`2`0`1`0`2`0`2`0`0
		if(a==0||b==0)`FunctionDecl,false;WhileStmt,false;IfStmt,false;`1`0`0`0`0`0`1`0`1`0`0`0`3`0`4`2`2`2`0`1`0`0`0`0`0`0`2`0`2`0`0`0`3`0`0`3`0`1
			printf("1\n");`FunctionDecl,false;WhileStmt,false;IfStmt,false;`1`0`0`0`0`0`1`0`1`0`0`0`3`0`4`0`1`0`1`0`0`0`0`0`0`0`1`0`1`0`0`1`0`0`0`0`0`0
			double p=((b+b+(a+0.0)/4.0+0.0)*(a+0.0)/2.0)/(2*(a+0.0)*(b+0.0));`FunctionDecl,false;WhileStmt,false;IfStmt,false;`1`0`0`0`0`0`1`0`1`0`0`0`3`0`4`6`8`1`0`0`0`0`0`0`0`1`6`1`8`0`0`0`13`0`0`13`0`1
			printf("%.10lf\n", p);`FunctionDecl,false;WhileStmt,false;IfStmt,false;`1`0`0`0`0`0`1`0`1`0`0`0`3`0`4`1`1`0`1`0`0`0`0`0`0`0`2`0`2`0`0`1`0`0`0`0`0`0
	return 0;`FunctionDecl,false;`1`0`0`0`0`0`0`0`0`0`0`0`1`0`0`0`0`0`0`0`0`0`0`0`0`0`0`0`0`0`0`0`0`0`0`0`0`0
