code`block`FunctionDecl`FunctionDeclRec`ForStmt`ForStmtRec`DoStmt`DoStmtRec`WhileStmt`WhileStmtRec`IfStmt`IfStmtRec`SwitchStmt`SwitchStmtRec`countBlocks`countBlocksRec`countCondition`countVariable`countLiteral`IntegerLiteral`StringLiteral`IfStmt`ForStmt`WhileStmt`DoStmt`SwitchStmt`countLoop`VarDecl`DeclRefExpr`DeclStmt`countDecl`countPointer`writeFunction`CallExpr`BinaryOperator`UnaryOperator`CompoundAssignOperator`countOperand`ArraySubscriptE`RealFaultLocation
int main()`FunctionDecl,false;`1`0`0`0`0`0`0`0`0`0`0`0`1`0`0`0`0`0`0`0`0`0`0`0`0`0`0`0`0`0`0`0`0`0`0`0`0`1
    string str;`FunctionDecl,false;`1`0`0`0`0`0`0`0`0`0`0`0`1`0`0`0`0`0`0`0`0`0`0`0`0`1`0`1`2`0`0`0`0`0`0`0`0`0
    cin >> str;`FunctionDecl,false;`1`0`0`0`0`0`0`0`0`0`0`0`1`0`0`2`0`0`0`0`0`0`0`0`0`0`3`0`3`0`0`0`0`0`0`0`0`0
    int found = str.find('.');`FunctionDecl,false;`1`0`0`0`0`0`0`0`0`0`0`0`1`0`0`1`1`0`0`0`0`0`0`0`0`1`1`1`3`0`0`0`0`0`0`0`0`0
    if(str[found-1] != '9' && str[found +1 ] < '5')`FunctionDecl,false;IfStmt,false;`1`0`0`0`0`0`0`0`1`0`0`0`2`0`3`4`4`2`0`1`0`0`0`0`0`0`6`0`6`0`0`0`5`0`0`5`0`1
        cout << str.substr(0,found) << endl;`FunctionDecl,false;IfStmt,false;`1`0`0`0`0`0`0`0`1`0`0`0`2`0`3`3`1`1`0`0`0`0`0`0`0`0`6`0`6`0`0`0`0`0`0`0`0`0
        return 0;`FunctionDecl,false;IfStmt,false;`1`0`0`0`0`0`0`0`1`0`0`0`2`0`3`0`1`1`0`0`0`0`0`0`0`0`0`0`0`0`0`0`0`0`0`0`0`0
    if(str[found -1]== '9')`FunctionDecl,false;IfStmt,false;IfStmt,false;`1`0`0`0`0`0`0`0`2`0`0`0`3`0`4`2`2`1`0`1`0`0`0`0`0`0`3`0`3`0`0`0`2`0`0`2`0`0
        cout << "GOTO Vasilisa." << endl;`FunctionDecl,false;IfStmt,false;IfStmt,false;`1`0`0`0`0`0`0`0`2`0`0`0`3`0`4`1`1`0`1`0`0`0`0`0`0`0`4`0`4`0`0`0`0`0`0`0`0`0
        return 0;`FunctionDecl,false;IfStmt,false;IfStmt,false;`1`0`0`0`0`0`0`0`2`0`0`0`3`0`4`0`1`1`0`0`0`0`0`0`0`0`0`0`0`0`0`0`0`0`0`0`0`0
    if(str[found - 1] != '9' && str[found +1 ] >= '5')`FunctionDecl,false;IfStmt,false;IfStmt,false;IfStmt,false;`1`0`0`0`0`0`0`0`3`0`0`0`4`0`7`4`4`2`0`1`0`0`0`0`0`0`6`0`6`0`0`0`5`0`0`5`0`1
        cout << atoi(str.substr(0,str[found]).c_str()) +1;`FunctionDecl,false;IfStmt,false;IfStmt,false;IfStmt,false;`1`0`0`0`0`0`0`0`3`0`0`0`4`0`7`4`2`2`0`0`0`0`0`0`0`0`7`0`7`0`0`1`1`0`0`1`0`0
        return 0;`FunctionDecl,false;IfStmt,false;IfStmt,false;IfStmt,false;`1`0`0`0`0`0`0`0`3`0`0`0`4`0`7`0`1`1`0`0`0`0`0`0`0`0`0`0`0`0`0`0`0`0`0`0`0`0
    return 0;`FunctionDecl,false;`1`0`0`0`0`0`0`0`0`0`0`0`1`0`0`0`0`0`0`0`0`0`0`0`0`0`0`0`0`0`0`0`0`0`0`0`0`0
