code`block`FunctionDecl`FunctionDeclRec`ForStmt`ForStmtRec`DoStmt`DoStmtRec`WhileStmt`WhileStmtRec`IfStmt`IfStmtRec`SwitchStmt`SwitchStmtRec`countBlocks`countBlocksRec`countCondition`countVariable`countLiteral`IntegerLiteral`StringLiteral`IfStmt`ForStmt`WhileStmt`DoStmt`SwitchStmt`countLoop`VarDecl`DeclRefExpr`DeclStmt`countDecl`countPointer`writeFunction`CallExpr`BinaryOperator`UnaryOperator`CompoundAssignOperator`countOperand`ArraySubscriptE`RealFaultLocation
bool cmp(int x,int y)`FunctionDecl,false;`1`0`0`0`0`0`0`0`0`0`0`0`1`0`1`0`0`0`0`0`0`0`0`0`0`0`0`0`0`0`0`0`0`0`0`0`0`1
	return x>y;`FunctionDecl,false;`1`0`0`0`0`0`0`0`0`0`0`0`1`0`1`2`0`0`0`0`0`0`0`0`0`0`2`0`2`0`0`0`1`0`0`1`0`0
int main()`FunctionDecl,false;`1`0`0`0`0`0`0`0`0`0`0`0`1`0`0`0`0`0`0`0`0`0`0`0`0`0`0`0`0`0`0`0`0`0`0`0`0`0
	int n,m,a[M],b[M],i,j;`FunctionDecl,false;`1`0`0`0`0`0`0`0`0`0`0`0`1`0`0`0`0`0`0`0`0`0`0`0`0`6`0`1`7`0`0`0`0`0`0`0`0`0
	while(scanf("%d%d",&n,&m)!=EOF)`FunctionDecl,false;WhileStmt,false;`1`0`0`0`0`0`1`0`0`0`0`0`2`0`1`2`2`1`1`0`0`1`0`0`1`0`3`0`3`2`0`1`1`3`0`4`0`0
		memset(a,0,sizeof(a));`FunctionDecl,false;WhileStmt,false;`1`0`0`0`0`0`1`0`0`0`0`0`2`0`1`2`1`1`0`0`0`0`0`0`0`0`3`0`3`0`0`1`0`0`0`0`0`0
		memset(b,0,sizeof(b));`FunctionDecl,false;WhileStmt,false;`1`0`0`0`0`0`1`0`0`0`0`0`2`0`1`2`1`1`0`0`0`0`0`0`0`0`3`0`3`0`0`1`0`0`0`0`0`0
		for(i=1;i<=m;i++)`FunctionDecl,false;WhileStmt,false;ForStmt,false;`1`0`1`0`0`0`1`0`0`0`0`0`3`0`2`4`1`1`0`0`1`0`0`0`1`0`4`0`4`0`0`0`2`1`0`3`0`0
			scanf("%d",&a[i]);`FunctionDecl,false;WhileStmt,false;ForStmt,false;`1`0`1`0`0`0`1`0`0`0`0`0`3`0`2`2`1`0`1`0`0`0`0`0`0`0`3`0`3`1`0`1`0`1`0`1`1`0
			b[i]=a[i];`FunctionDecl,false;WhileStmt,false;ForStmt,false;`1`0`1`0`0`0`1`0`0`0`0`0`3`0`2`4`0`0`0`0`0`0`0`0`0`0`4`0`4`0`0`0`1`0`0`1`2`0
		int sum=0,k=1;`FunctionDecl,false;WhileStmt,false;`1`0`0`0`0`0`1`0`0`0`0`0`2`0`1`0`2`2`0`0`0`0`0`0`0`2`0`1`3`0`0`0`0`0`0`0`0`0
		for(j=n;j>0;j--)`FunctionDecl,false;WhileStmt,false;ForStmt,false;`1`0`1`0`0`0`1`0`0`0`0`0`3`0`2`4`1`1`0`0`1`0`0`0`1`0`4`0`4`0`0`0`2`1`0`3`0`0
			sort(a+1,a+1+n,cmp);`FunctionDecl,false;WhileStmt,false;ForStmt,false;`1`0`1`0`0`0`1`0`0`0`0`0`3`0`2`3`2`2`0`0`0`0`0`0`0`0`5`0`5`0`0`1`3`0`0`3`0`1
			sum+=a[k];`FunctionDecl,false;WhileStmt,false;ForStmt,false;`1`0`1`0`0`0`1`0`0`0`0`0`3`0`2`3`0`0`0`0`0`0`0`0`0`0`3`0`3`0`0`0`0`0`1`1`1`0
			a[k]--;`FunctionDecl,false;WhileStmt,false;ForStmt,false;`1`0`1`0`0`0`1`0`0`0`0`0`3`0`2`2`0`0`0`0`0`0`0`0`0`0`2`0`2`0`0`0`0`1`0`1`1`0
		printf("%d ",sum);`FunctionDecl,false;WhileStmt,false;`1`0`0`0`0`0`1`0`0`0`0`0`2`0`1`1`1`0`1`0`0`0`0`0`0`0`2`0`2`0`0`1`0`0`0`0`0`0
		sum=0;`FunctionDecl,false;WhileStmt,false;`1`0`0`0`0`0`1`0`0`0`0`0`2`0`1`1`1`1`0`0`0`0`0`0`0`0`1`0`1`0`0`0`1`0`0`1`0`0
		k=1;`FunctionDecl,false;WhileStmt,false;`1`0`0`0`0`0`1`0`0`0`0`0`2`0`1`1`1`1`0`0`0`0`0`0`0`0`1`0`1`0`0`0`1`0`0`1`0`0
		sort(b+1,b+1+n);`FunctionDecl,false;WhileStmt,false;`1`0`0`0`0`0`1`0`0`0`0`0`2`0`1`3`2`2`0`0`0`0`0`0`0`0`4`0`4`0`0`1`3`0`0`3`0`1
		for(j=n;j>0;j--)`FunctionDecl,false;WhileStmt,false;ForStmt,false;`1`0`1`0`0`0`1`0`0`0`0`0`3`0`2`4`1`1`0`0`1`0`0`0`1`0`4`0`4`0`0`0`2`1`0`3`0`0
			while(b[k]<=0)`FunctionDecl,false;WhileStmt,false;ForStmt,false;WhileStmt,false;`1`0`1`0`0`0`2`0`0`0`0`0`4`0`3`2`1`1`0`0`0`1`0`0`1`0`2`0`2`0`0`0`1`0`0`1`1`0
				k++;`FunctionDecl,false;WhileStmt,false;ForStmt,false;WhileStmt,false;`1`0`1`0`0`0`2`0`0`0`0`0`4`0`3`1`0`0`0`0`0`0`0`0`0`0`1`0`1`0`0`0`0`1`0`1`0`0
			sum+=b[k];`FunctionDecl,false;WhileStmt,false;ForStmt,false;`1`0`1`0`0`0`1`0`0`0`0`0`3`0`2`3`0`0`0`0`0`0`0`0`0`0`3`0`3`0`0`0`0`0`1`1`1`0
			b[k]--;`FunctionDecl,false;WhileStmt,false;ForStmt,false;`1`0`1`0`0`0`1`0`0`0`0`0`3`0`2`2`0`0`0`0`0`0`0`0`0`0`2`0`2`0`0`0`0`1`0`1`1`0
		printf("%d\n",sum);`FunctionDecl,false;WhileStmt,false;`1`0`0`0`0`0`1`0`0`0`0`0`2`0`1`1`1`0`1`0`0`0`0`0`0`0`2`0`2`0`0`1`0`0`0`0`0`0
	return 0;`FunctionDecl,false;`1`0`0`0`0`0`0`0`0`0`0`0`1`0`0`0`0`0`0`0`0`0`0`0`0`0`0`0`0`0`0`0`0`0`0`0`0`0
