code`block`FunctionDecl`FunctionDeclRec`ForStmt`ForStmtRec`DoStmt`DoStmtRec`WhileStmt`WhileStmtRec`IfStmt`IfStmtRec`SwitchStmt`SwitchStmtRec`countBlocks`countBlocksRec`countCondition`countVariable`countLiteral`IntegerLiteral`StringLiteral`IfStmt`ForStmt`WhileStmt`DoStmt`SwitchStmt`countLoop`VarDecl`DeclRefExpr`DeclStmt`countDecl`countPointer`writeFunction`CallExpr`BinaryOperator`UnaryOperator`CompoundAssignOperator`countOperand`ArraySubscriptE`RealFaultLocation
int main()`FunctionDecl,false;`1`0`0`0`0`0`0`0`0`0`0`0`1`0`0`0`0`0`0`0`0`0`0`0`0`0`0`0`0`0`0`0`0`0`0`0`0`0
    int l, ans;`FunctionDecl,false;`1`0`0`0`0`0`0`0`0`0`0`0`1`0`0`0`0`0`0`0`0`0`0`0`0`2`0`1`3`0`0`0`0`0`0`0`0`0
    while(gets(s))`FunctionDecl,false;WhileStmt,false;`1`0`0`0`0`0`1`0`0`0`0`0`2`0`1`1`0`0`0`0`0`1`0`0`1`0`2`0`2`0`0`1`0`0`0`0`0`0
        l = strlen(s);`FunctionDecl,false;WhileStmt,false;`1`0`0`0`0`0`1`0`0`0`0`0`2`0`1`2`0`0`0`0`0`0`0`0`0`0`3`0`3`0`0`1`1`0`0`1`0`0
        ans = 0;`FunctionDecl,false;WhileStmt,false;`1`0`0`0`0`0`1`0`0`0`0`0`2`0`1`1`1`1`0`0`0`0`0`0`0`0`1`0`1`0`0`0`1`0`0`1`0`0
        REP(i, l)`FunctionDecl,false;WhileStmt,false;ForStmt,false;`1`0`1`0`0`0`1`0`0`0`0`0`3`0`1`3`1`1`0`0`1`0`0`0`1`1`3`1`5`0`0`0`1`1`0`2`0`0
            if(ans >= l - 1 - i)break;`FunctionDecl,false;WhileStmt,false;ForStmt,false;IfStmt,false;`1`0`1`0`0`0`1`0`1`0`0`0`4`0`2`3`1`1`0`1`0`0`0`0`0`0`3`0`3`0`0`0`3`0`0`3`0`1
