code`block`FunctionDecl`FunctionDeclRec`ForStmt`ForStmtRec`DoStmt`DoStmtRec`WhileStmt`WhileStmtRec`IfStmt`IfStmtRec`SwitchStmt`SwitchStmtRec`countBlocks`countBlocksRec`countCondition`countVariable`countLiteral`IntegerLiteral`StringLiteral`IfStmt`ForStmt`WhileStmt`DoStmt`SwitchStmt`countLoop`VarDecl`DeclRefExpr`DeclStmt`countDecl`countPointer`writeFunction`CallExpr`BinaryOperator`UnaryOperator`CompoundAssignOperator`countOperand`ArraySubscriptE`RealFaultLocation
bool cmp(int x,int y){`FunctionDecl,false;`1`0`0`0`0`0`0`0`0`0`0`0`1`0`1`0`0`0`0`0`0`0`0`0`0`0`0`0`0`0`0`0`0`0`0`0`0`0
	return x>y;`FunctionDecl,false;`1`0`0`0`0`0`0`0`0`0`0`0`1`0`1`2`0`0`0`0`0`0`0`0`0`0`2`0`2`0`0`0`1`0`0`1`0`0
int main(){`FunctionDecl,false;`1`0`0`0`0`0`0`0`0`0`0`0`1`0`0`0`0`0`0`0`0`0`0`0`0`0`0`0`0`0`0`0`0`0`0`0`0`0
	int n,m,i,j,sum;`FunctionDecl,false;`1`0`0`0`0`0`0`0`0`0`0`0`1`0`0`0`0`0`0`0`0`0`0`0`0`5`0`1`6`0`0`0`0`0`0`0`0`0
	int maxx,minn,ant;`FunctionDecl,false;`1`0`0`0`0`0`0`0`0`0`0`0`1`0`0`0`0`0`0`0`0`0`0`0`0`3`0`1`4`0`0`0`0`0`0`0`0`0
	while(~scanf("%d%d",&n,&m)){`FunctionDecl,false;WhileStmt,false;`1`0`0`0`0`0`1`0`0`0`0`0`2`0`1`2`1`0`1`0`0`1`0`0`1`0`3`0`3`2`0`1`0`3`0`3`0`0
		maxx=minn=0;`FunctionDecl,false;WhileStmt,false;`1`0`0`0`0`0`1`0`0`0`0`0`2`0`1`2`1`1`0`0`0`0`0`0`0`0`2`0`2`0`0`0`2`0`0`2`0`0
		for(i=1;i<=m;i++){`FunctionDecl,false;WhileStmt,false;ForStmt,false;`1`0`1`0`0`0`1`0`0`0`0`0`3`0`2`4`1`1`0`0`1`0`0`0`1`0`4`0`4`0`0`0`2`1`0`3`0`0
			scanf("%d",&q[i]);`FunctionDecl,false;WhileStmt,false;ForStmt,false;`1`0`1`0`0`0`1`0`0`0`0`0`3`0`2`2`1`0`1`0`0`0`0`0`0`0`3`0`3`1`0`1`0`1`0`1`1`0
			w[i]=q[i];`FunctionDecl,false;WhileStmt,false;ForStmt,false;`1`0`1`0`0`0`1`0`0`0`0`0`3`0`2`4`0`0`0`0`0`0`0`0`0`0`4`0`4`0`0`0`1`0`0`1`2`0
		sort(q+1,q+1+m,cmp);`FunctionDecl,false;WhileStmt,false;`1`0`0`0`0`0`1`0`0`0`0`0`2`0`1`3`2`2`0`0`0`0`0`0`0`0`5`0`5`0`0`1`3`0`0`3`0`0
		for(i=1;i<=n;i++){`FunctionDecl,false;WhileStmt,false;ForStmt,false;`1`0`1`0`0`0`1`0`0`0`0`0`3`0`2`4`1`1`0`0`1`0`0`0`1`0`4`0`4`0`0`0`2`1`0`3`0`0
		    maxx+=q[1];`FunctionDecl,false;WhileStmt,false;ForStmt,false;`1`0`1`0`0`0`1`0`0`0`0`0`3`0`2`2`1`1`0`0`0`0`0`0`0`0`2`0`2`0`0`0`0`0`1`1`1`0
			q[1]--;`FunctionDecl,false;WhileStmt,false;ForStmt,false;`1`0`1`0`0`0`1`0`0`0`0`0`3`0`2`1`1`1`0`0`0`0`0`0`0`0`1`0`1`0`0`0`0`1`0`1`1`0
			for(j=2;j<=m;j++){`FunctionDecl,false;WhileStmt,false;ForStmt,false;ForStmt,false;`1`0`2`0`0`0`1`0`0`0`0`0`4`0`3`4`1`1`0`0`1`0`0`0`1`0`4`0`4`0`0`0`2`1`0`3`0`0
				if(q[j-1] < q[j]){`FunctionDecl,false;WhileStmt,false;ForStmt,false;ForStmt,false;IfStmt,false;`1`0`2`0`0`0`1`0`1`0`0`0`5`0`4`4`1`1`0`1`0`0`0`0`0`0`4`0`4`0`0`0`2`0`0`2`2`0
					ant=q[j];`FunctionDecl,false;WhileStmt,false;ForStmt,false;ForStmt,false;IfStmt,false;`1`0`2`0`0`0`1`0`1`0`0`0`5`0`4`3`0`0`0`0`0`0`0`0`0`0`3`0`3`0`0`0`1`0`0`1`1`0
					q[j]=q[j-1];`FunctionDecl,false;WhileStmt,false;ForStmt,false;ForStmt,false;IfStmt,false;`1`0`2`0`0`0`1`0`1`0`0`0`5`0`4`4`1`1`0`0`0`0`0`0`0`0`4`0`4`0`0`0`2`0`0`2`2`0
					q[j-1]=ant;`FunctionDecl,false;WhileStmt,false;ForStmt,false;ForStmt,false;IfStmt,false;`1`0`2`0`0`0`1`0`1`0`0`0`5`0`4`3`1`1`0`0`0`0`0`0`0`0`3`0`3`0`0`0`2`0`0`2`1`0
		sort(w+1,w+1+m,cmp);`FunctionDecl,false;WhileStmt,false;`1`0`0`0`0`0`1`0`0`0`0`0`2`0`1`3`2`2`0`0`0`0`0`0`0`0`5`0`5`0`0`1`3`0`0`3`0`0
		while(n != 0){`FunctionDecl,false;WhileStmt,false;WhileStmt,false;`1`0`0`0`0`0`2`0`0`0`0`0`3`0`2`1`1`1`0`0`0`1`0`0`1`0`1`0`1`0`0`0`1`0`0`1`0`0
			if(n >= w[m]){`FunctionDecl,false;WhileStmt,false;WhileStmt,false;IfStmt,false;`1`0`0`0`0`0`2`0`1`0`0`0`4`0`3`3`0`0`0`1`0`0`0`0`0`0`3`0`3`0`0`0`1`0`0`1`1`0
				minn+=(w[m]*(w[m]+1))/2;`FunctionDecl,false;WhileStmt,false;WhileStmt,false;IfStmt,false;`1`0`0`0`0`0`2`0`1`0`0`0`4`0`3`5`2`2`0`0`0`0`0`0`0`0`5`0`5`0`0`0`3`0`1`4`2`0
				n-=w[m];`FunctionDecl,false;WhileStmt,false;WhileStmt,false;IfStmt,false;`1`0`0`0`0`0`2`0`1`0`0`0`4`0`3`3`0`0`0`0`0`0`0`0`0`0`3`0`3`0`0`0`0`0`1`1`1`0
				m--;`FunctionDecl,false;WhileStmt,false;WhileStmt,false;IfStmt,false;`1`0`0`0`0`0`2`0`1`0`0`0`4`0`3`1`0`0`0`0`0`0`0`0`0`0`1`0`1`0`0`0`0`1`0`1`0`0
				for(i=1;i<=n;i++){`FunctionDecl,false;WhileStmt,false;WhileStmt,false;IfStmt,false;ForStmt,false;`1`0`1`0`0`0`2`0`1`0`0`0`5`0`4`4`1`1`0`0`1`0`0`0`1`0`4`0`4`0`0`0`2`1`0`3`0`0
					minn+=w[m];`FunctionDecl,false;WhileStmt,false;WhileStmt,false;IfStmt,false;ForStmt,false;`1`0`1`0`0`0`2`0`1`0`0`0`5`0`4`3`0`0`0`0`0`0`0`0`0`0`3`0`3`0`0`0`0`0`1`1`1`0
				    w[m]--;`FunctionDecl,false;WhileStmt,false;WhileStmt,false;IfStmt,false;ForStmt,false;`1`0`1`0`0`0`2`0`1`0`0`0`5`0`4`2`0`0`0`0`0`0`0`0`0`0`2`0`2`0`0`0`0`1`0`1`1`0
				    n=0;`FunctionDecl,false;WhileStmt,false;WhileStmt,false;IfStmt,false;ForStmt,false;`1`0`1`0`0`0`2`0`1`0`0`0`5`0`4`1`1`1`0`0`0`0`0`0`0`0`1`0`1`0`0`0`1`0`0`1`0`1
		printf("%d %d\n",maxx,minn);`FunctionDecl,false;WhileStmt,false;`1`0`0`0`0`0`1`0`0`0`0`0`2`0`1`2`1`0`1`0`0`0`0`0`0`0`3`0`3`0`0`1`0`0`0`0`0`1
	return 0;`FunctionDecl,false;`1`0`0`0`0`0`0`0`0`0`0`0`1`0`0`0`0`0`0`0`0`0`0`0`0`0`0`0`0`0`0`0`0`0`0`0`0`0
