code`block`FunctionDecl`FunctionDeclRec`ForStmt`ForStmtRec`DoStmt`DoStmtRec`WhileStmt`WhileStmtRec`IfStmt`IfStmtRec`SwitchStmt`SwitchStmtRec`countBlocks`countBlocksRec`countCondition`countVariable`countLiteral`IntegerLiteral`StringLiteral`IfStmt`ForStmt`WhileStmt`DoStmt`SwitchStmt`countLoop`VarDecl`DeclRefExpr`DeclStmt`countDecl`countPointer`writeFunction`CallExpr`BinaryOperator`UnaryOperator`CompoundAssignOperator`countOperand`ArraySubscriptE`RealFaultLocation
bool cmp1(int a, int b)`FunctionDecl,false;`1`0`0`0`0`0`0`0`0`0`0`0`1`0`1`0`0`0`0`0`0`0`0`0`0`0`0`0`0`0`0`0`0`0`0`0`0`1
    return a < b;`FunctionDecl,false;`1`0`0`0`0`0`0`0`0`0`0`0`1`0`1`2`0`0`0`0`0`0`0`0`0`0`2`0`2`0`0`0`1`0`0`1`0`0
bool cmp2(int a, int b)`FunctionDecl,false;`1`0`0`0`0`0`0`0`0`0`0`0`1`0`1`0`0`0`0`0`0`0`0`0`0`0`0`0`0`0`0`0`0`0`0`0`0`0
    return a > b;`FunctionDecl,false;`1`0`0`0`0`0`0`0`0`0`0`0`1`0`1`2`0`0`0`0`0`0`0`0`0`0`2`0`2`0`0`0`1`0`0`1`0`0
int main()`FunctionDecl,false;`1`0`0`0`0`0`0`0`0`0`0`0`1`0`0`0`0`0`0`0`0`0`0`0`0`0`0`0`0`0`0`0`0`0`0`0`0`0
    int n,m,i,j,sum,ma,mi,nu,t;`FunctionDecl,false;`1`0`0`0`0`0`0`0`0`0`0`0`1`0`0`0`0`0`0`0`0`0`0`0`0`9`0`1`10`0`0`0`0`0`0`0`0`0
    int p[1010],b[1010];`FunctionDecl,false;`1`0`0`0`0`0`0`0`0`0`0`0`1`0`0`0`0`0`0`0`0`0`0`0`0`2`0`1`3`0`0`0`0`0`0`0`0`0
    while(scanf("%d%d",&n,&m)!=EOF)`FunctionDecl,false;WhileStmt,false;`1`0`0`0`0`0`1`0`0`0`0`0`2`0`1`2`2`1`1`0`0`1`0`0`1`0`3`0`3`2`0`1`1`3`0`4`0`0
        sum = t = 0;`FunctionDecl,false;WhileStmt,false;`1`0`0`0`0`0`1`0`0`0`0`0`2`0`1`2`1`1`0`0`0`0`0`0`0`0`2`0`2`0`0`0`2`0`0`2`0`0
        for(i = 0; i < m; i++)`FunctionDecl,false;WhileStmt,false;ForStmt,false;`1`0`1`0`0`0`1`0`0`0`0`0`3`0`2`4`1`1`0`0`1`0`0`0`1`0`4`0`4`0`0`0`2`1`0`3`0`0
            scanf("%d",&p[i]);`FunctionDecl,false;WhileStmt,false;ForStmt,false;`1`0`1`0`0`0`1`0`0`0`0`0`3`0`2`2`1`0`1`0`0`0`0`0`0`0`3`0`3`1`0`1`0`1`0`1`1`0
            b[i] = p[i];`FunctionDecl,false;WhileStmt,false;ForStmt,false;`1`0`1`0`0`0`1`0`0`0`0`0`3`0`2`4`0`0`0`0`0`0`0`0`0`0`4`0`4`0`0`0`1`0`0`1`2`0
            t+=p[i];   //统计座位数量`FunctionDecl,false;WhileStmt,false;ForStmt,false;`1`0`1`0`0`0`1`0`0`0`0`0`3`0`2`3`0`0`0`0`0`0`0`0`0`0`3`0`3`0`0`0`0`0`1`1`1`0
            for(j = p[i]; j > 0; j--)  //统计所有座位全部卖出总价格`FunctionDecl,false;WhileStmt,false;ForStmt,false;ForStmt,false;`1`0`2`0`0`0`1`0`0`0`0`0`4`0`3`5`1`1`0`0`1`0`0`0`1`0`5`0`5`0`0`0`2`1`0`3`1`0
                sum += j;`FunctionDecl,false;WhileStmt,false;ForStmt,false;ForStmt,false;`1`0`2`0`0`0`1`0`0`0`0`0`4`0`3`2`0`0`0`0`0`0`0`0`0`0`2`0`2`0`0`0`0`0`1`1`0`0
        if(t == n)    //空座位数量等于乘客数量`FunctionDecl,false;WhileStmt,false;IfStmt,false;`1`0`0`0`0`0`1`0`1`0`0`0`3`0`2`2`0`0`0`1`0`0`0`0`0`0`2`0`2`0`0`0`1`0`0`1`0`0
            mi = ma = sum;`FunctionDecl,false;WhileStmt,false;IfStmt,false;`1`0`0`0`0`0`1`0`1`0`0`0`3`0`2`3`0`0`0`0`0`0`0`0`0`0`3`0`3`0`0`0`2`0`0`2`0`1
            sort(b,b+n,cmp1);  //从小到大排序`FunctionDecl,false;WhileStmt,false;IfStmt,false;`1`0`0`0`0`0`1`0`1`0`0`0`3`0`2`3`0`0`0`0`0`0`0`0`0`0`5`0`5`0`0`1`1`0`0`1`0`0
            nu = n;`FunctionDecl,false;WhileStmt,false;IfStmt,false;`1`0`0`0`0`0`1`0`1`0`0`0`3`0`2`2`0`0`0`0`0`0`0`0`0`0`2`0`2`0`0`0`1`0`0`1`0`0
            mi = ma = 0;`FunctionDecl,false;WhileStmt,false;IfStmt,false;`1`0`0`0`0`0`1`0`1`0`0`0`3`0`2`2`1`1`0`0`0`0`0`0`0`0`2`0`2`0`0`0`2`0`0`2`0`0
            for(i = 0; i < m; i++)   //找到最小值`FunctionDecl,false;WhileStmt,false;IfStmt,false;ForStmt,false;`1`0`1`0`0`0`1`0`1`0`0`0`4`0`3`4`1`1`0`0`1`0`0`0`1`0`4`0`4`0`0`0`2`1`0`3`0`0
                if(nu == 0)`FunctionDecl,false;WhileStmt,false;IfStmt,false;ForStmt,false;IfStmt,false;`1`0`1`0`0`0`1`0`2`0`0`0`5`0`4`1`1`1`0`1`0`0`0`0`0`0`1`0`1`0`0`0`1`0`0`1`0`0
                    break;`FunctionDecl,false;WhileStmt,false;IfStmt,false;ForStmt,false;IfStmt,false;`1`0`1`0`0`0`1`0`2`0`0`0`5`0`4`0`0`0`0`0`0`0`0`0`0`0`0`0`0`0`0`0`0`0`0`0`0`0
                while(b[i]!=0 && nu!=0)`FunctionDecl,false;WhileStmt,false;IfStmt,false;ForStmt,false;WhileStmt,false;`1`0`1`0`0`0`2`0`1`0`0`0`5`0`6`3`2`2`0`0`0`1`0`0`1`0`3`0`3`0`0`0`3`0`0`3`1`0
                    mi+=b[i];`FunctionDecl,false;WhileStmt,false;IfStmt,false;ForStmt,false;WhileStmt,false;`1`0`1`0`0`0`2`0`1`0`0`0`5`0`6`3`0`0`0`0`0`0`0`0`0`0`3`0`3`0`0`0`0`0`1`1`1`0
                    b[i]--;`FunctionDecl,false;WhileStmt,false;IfStmt,false;ForStmt,false;WhileStmt,false;`1`0`1`0`0`0`2`0`1`0`0`0`5`0`6`2`0`0`0`0`0`0`0`0`0`0`2`0`2`0`0`0`0`1`0`1`1`0
                    nu--;`FunctionDecl,false;WhileStmt,false;IfStmt,false;ForStmt,false;WhileStmt,false;`1`0`1`0`0`0`2`0`1`0`0`0`5`0`6`1`0`0`0`0`0`0`0`0`0`0`1`0`1`0`0`0`0`1`0`1`0`0
            nu = n;`FunctionDecl,false;WhileStmt,false;IfStmt,false;`1`0`0`0`0`0`1`0`1`0`0`0`3`0`2`2`0`0`0`0`0`0`0`0`0`0`2`0`2`0`0`0`1`0`0`1`0`1
            sum = ma = 0;`FunctionDecl,false;WhileStmt,false;IfStmt,false;`1`0`0`0`0`0`1`0`1`0`0`0`3`0`2`2`1`1`0`0`0`0`0`0`0`0`2`0`2`0`0`0`2`0`0`2`0`0
            sort(p,p+n,cmp2);  //从大到小排序`FunctionDecl,false;WhileStmt,false;IfStmt,false;`1`0`0`0`0`0`1`0`1`0`0`0`3`0`2`3`0`0`0`0`0`0`0`0`0`0`5`0`5`0`0`1`1`0`0`1`0`1
            while(nu!=0)   //不断买最贵的机票`FunctionDecl,false;WhileStmt,false;IfStmt,false;WhileStmt,false;`1`0`0`0`0`0`2`0`1`0`0`0`4`0`3`1`1`1`0`0`0`1`0`0`1`0`1`0`1`0`0`0`1`0`0`1`0`0
                ma = p[0];`FunctionDecl,false;WhileStmt,false;IfStmt,false;WhileStmt,false;`1`0`0`0`0`0`2`0`1`0`0`0`4`0`3`2`1`1`0`0`0`0`0`0`0`0`2`0`2`0`0`0`1`0`0`1`1`0
                for(i = 0; i < n; i++)`FunctionDecl,false;WhileStmt,false;IfStmt,false;WhileStmt,false;ForStmt,false;`1`0`1`0`0`0`2`0`1`0`0`0`5`0`4`4`1`1`0`0`1`0`0`0`1`0`4`0`4`0`0`0`2`1`0`3`0`1
                    while(p[i] > p[i+1] && nu != 0)`FunctionDecl,false;WhileStmt,false;IfStmt,false;WhileStmt,false;ForStmt,false;WhileStmt,false;`1`0`1`0`0`0`3`0`1`0`0`0`6`0`7`5`2`2`0`0`0`1`0`0`1`0`5`0`5`0`0`0`4`0`0`4`2`0
                        sum += p[i];`FunctionDecl,false;WhileStmt,false;IfStmt,false;WhileStmt,false;ForStmt,false;WhileStmt,false;`1`0`1`0`0`0`3`0`1`0`0`0`6`0`7`3`0`0`0`0`0`0`0`0`0`0`3`0`3`0`0`0`0`0`1`1`1`0
                        nu--;`FunctionDecl,false;WhileStmt,false;IfStmt,false;WhileStmt,false;ForStmt,false;WhileStmt,false;`1`0`1`0`0`0`3`0`1`0`0`0`6`0`7`1`0`0`0`0`0`0`0`0`0`0`1`0`1`0`0`0`0`1`0`1`0`0
                        p[i]--;`FunctionDecl,false;WhileStmt,false;IfStmt,false;WhileStmt,false;ForStmt,false;WhileStmt,false;`1`0`1`0`0`0`3`0`1`0`0`0`6`0`7`2`0`0`0`0`0`0`0`0`0`0`2`0`2`0`0`0`0`1`0`1`1`0
                        ma = p[i];`FunctionDecl,false;WhileStmt,false;IfStmt,false;WhileStmt,false;ForStmt,false;WhileStmt,false;`1`0`1`0`0`0`3`0`1`0`0`0`6`0`7`3`0`0`0`0`0`0`0`0`0`0`3`0`3`0`0`0`1`0`0`1`1`0
                        break;`FunctionDecl,false;WhileStmt,false;IfStmt,false;WhileStmt,false;ForStmt,false;WhileStmt,false;`1`0`1`0`0`0`3`0`1`0`0`0`6`0`7`0`0`0`0`0`0`0`0`0`0`0`0`0`0`0`0`0`0`0`0`0`0`0
                    if(nu == 0)`FunctionDecl,false;WhileStmt,false;IfStmt,false;WhileStmt,false;ForStmt,false;IfStmt,false;`1`0`1`0`0`0`2`0`2`0`0`0`6`0`5`1`1`1`0`1`0`0`0`0`0`0`1`0`1`0`0`0`1`0`0`1`0`0
                        break;`FunctionDecl,false;WhileStmt,false;IfStmt,false;WhileStmt,false;ForStmt,false;IfStmt,false;`1`0`1`0`0`0`2`0`2`0`0`0`6`0`5`0`0`0`0`0`0`0`0`0`0`0`0`0`0`0`0`0`0`0`0`0`0`0
                    if(p[i] == ma)`FunctionDecl,false;WhileStmt,false;IfStmt,false;WhileStmt,false;ForStmt,false;IfStmt,false;`1`0`1`0`0`0`2`0`2`0`0`0`6`0`5`3`0`0`0`1`0`0`0`0`0`0`3`0`3`0`0`0`1`0`0`1`1`0
                        sum+=p[i];`FunctionDecl,false;WhileStmt,false;IfStmt,false;WhileStmt,false;ForStmt,false;IfStmt,false;`1`0`1`0`0`0`2`0`2`0`0`0`6`0`5`3`0`0`0`0`0`0`0`0`0`0`3`0`3`0`0`0`0`0`1`1`1`0
                        nu--;`FunctionDecl,false;WhileStmt,false;IfStmt,false;WhileStmt,false;ForStmt,false;IfStmt,false;`1`0`1`0`0`0`2`0`2`0`0`0`6`0`5`1`0`0`0`0`0`0`0`0`0`0`1`0`1`0`0`0`0`1`0`1`0`0
                        p[i]--;`FunctionDecl,false;WhileStmt,false;IfStmt,false;WhileStmt,false;ForStmt,false;IfStmt,false;`1`0`1`0`0`0`2`0`2`0`0`0`6`0`5`2`0`0`0`0`0`0`0`0`0`0`2`0`2`0`0`0`0`1`0`1`1`0
                        if(nu == 0)`FunctionDecl,false;WhileStmt,false;IfStmt,false;WhileStmt,false;ForStmt,false;IfStmt,false;IfStmt,false;`1`0`1`0`0`0`2`0`3`0`0`0`7`0`6`1`1`1`0`1`0`0`0`0`0`0`1`0`1`0`0`0`1`0`0`1`0`1
                            break;`FunctionDecl,false;WhileStmt,false;IfStmt,false;WhileStmt,false;ForStmt,false;IfStmt,false;IfStmt,false;`1`0`1`0`0`0`2`0`3`0`0`0`7`0`6`0`0`0`0`0`0`0`0`0`0`0`0`0`0`0`0`0`0`0`0`0`0`0
        printf("%d %d\n",sum,mi);`FunctionDecl,false;WhileStmt,false;`1`0`0`0`0`0`1`0`0`0`0`0`2`0`1`2`1`0`1`0`0`0`0`0`0`0`3`0`3`0`0`1`0`0`0`0`0`0
    return 0;`FunctionDecl,false;`1`0`0`0`0`0`0`0`0`0`0`0`1`0`0`0`0`0`0`0`0`0`0`0`0`0`0`0`0`0`0`0`0`0`0`0`0`0
