code`block`FunctionDecl`FunctionDeclRec`ForStmt`ForStmtRec`DoStmt`DoStmtRec`WhileStmt`WhileStmtRec`IfStmt`IfStmtRec`SwitchStmt`SwitchStmtRec`countBlocks`countBlocksRec`countCondition`countVariable`countLiteral`IntegerLiteral`StringLiteral`IfStmt`ForStmt`WhileStmt`DoStmt`SwitchStmt`countLoop`VarDecl`DeclRefExpr`DeclStmt`countDecl`countPointer`writeFunction`CallExpr`BinaryOperator`UnaryOperator`CompoundAssignOperator`countOperand`ArraySubscriptE`RealFaultLocation
	int n;`FunctionDecl,false;`1`0`0`0`0`0`0`0`0`0`0`0`1`0`0`0`0`0`0`0`0`0`0`0`0`1`0`1`2`0`0`0`0`0`0`0`0`0
	scanf("%d",&n);`FunctionDecl,false;`1`0`0`0`0`0`0`0`0`0`0`0`1`0`0`1`1`0`1`0`0`0`0`0`0`0`2`0`2`1`0`1`0`1`0`1`0`0
	int id[1000]={0};`FunctionDecl,false;`1`0`0`0`0`0`0`0`0`0`0`0`1`0`0`0`1`1`0`0`0`0`0`0`0`1`0`1`2`0`0`0`0`0`0`0`0`0
	int i,j;`FunctionDecl,false;`1`0`0`0`0`0`0`0`0`0`0`0`1`0`0`0`0`0`0`0`0`0`0`0`0`2`0`1`3`0`0`0`0`0`0`0`0`0
	for(i=0;i<n;i++){`FunctionDecl,false;ForStmt,false;`1`0`1`0`0`0`0`0`0`0`0`0`2`0`1`4`1`1`0`0`1`0`0`0`1`0`4`0`4`0`0`0`2`1`0`3`0`0
		scanf("%d",&id[i]);`FunctionDecl,false;ForStmt,false;`1`0`1`0`0`0`0`0`0`0`0`0`2`0`1`2`1`0`1`0`0`0`0`0`0`0`3`0`3`1`0`1`0`1`0`1`1`0
		for(j=i;j>=0;j--){`FunctionDecl,false;ForStmt,false;ForStmt,false;`1`0`2`0`0`0`0`0`0`0`0`0`3`0`2`4`1`1`0`0`1`0`0`0`1`0`4`0`4`0`0`0`2`1`0`3`0`1
			if(id[i]<id[j]){`FunctionDecl,false;ForStmt,false;ForStmt,false;IfStmt,false;`1`0`2`0`0`0`0`0`1`0`0`0`4`0`3`4`0`0`0`1`0`0`0`0`0`0`4`0`4`0`0`0`1`0`0`1`2`0
				int t=id[i];`FunctionDecl,false;ForStmt,false;ForStmt,false;IfStmt,false;`1`0`2`0`0`0`0`0`1`0`0`0`4`0`3`2`0`0`0`0`0`0`0`0`0`1`2`1`4`0`0`0`0`0`0`0`1`0
				id[i]=id[j];`FunctionDecl,false;ForStmt,false;ForStmt,false;IfStmt,false;`1`0`2`0`0`0`0`0`1`0`0`0`4`0`3`4`0`0`0`0`0`0`0`0`0`0`4`0`4`0`0`0`1`0`0`1`2`0
				id[j]=t;`FunctionDecl,false;ForStmt,false;ForStmt,false;IfStmt,false;`1`0`2`0`0`0`0`0`1`0`0`0`4`0`3`3`0`0`0`0`0`0`0`0`0`0`3`0`3`0`0`0`1`0`0`1`1`0
	int ans=0;`FunctionDecl,false;`1`0`0`0`0`0`0`0`0`0`0`0`1`0`0`0`1`1`0`0`0`0`0`0`0`1`0`1`2`0`0`0`0`0`0`0`0`0
	if(id[0]!=0&&id[0]==id[1]){`FunctionDecl,false;IfStmt,false;`1`0`0`0`0`0`0`0`1`0`0`0`2`0`3`3`4`4`0`1`0`0`0`0`0`0`3`0`3`0`0`0`3`0`0`3`3`0
		if(id[1]==id[2]){`FunctionDecl,false;IfStmt,false;IfStmt,false;`1`0`0`0`0`0`0`0`2`0`0`0`3`0`4`2`2`2`0`1`0`0`0`0`0`0`2`0`2`0`0`0`1`0`0`1`2`0
			printf("%d",-1);`FunctionDecl,false;IfStmt,false;IfStmt,false;`1`0`0`0`0`0`0`0`2`0`0`0`3`0`4`0`2`1`1`0`0`0`0`0`0`0`1`0`1`0`0`1`0`1`0`1`0`0
			return 0;`FunctionDecl,false;IfStmt,false;IfStmt,false;`1`0`0`0`0`0`0`0`2`0`0`0`3`0`4`0`1`1`0`0`0`0`0`0`0`0`0`0`0`0`0`0`0`0`0`0`0`0
		else ans++;`FunctionDecl,false;IfStmt,false;IfStmt,false;`1`0`0`0`0`0`0`0`2`0`0`0`3`0`4`1`0`0`0`0`0`0`0`0`0`0`1`0`1`0`0`0`0`1`0`1`0`0
	for(i=2;i<n;i++){`FunctionDecl,false;ForStmt,false;`1`0`1`0`0`0`0`0`0`0`0`0`2`0`1`4`1`1`0`0`1`0`0`0`1`0`4`0`4`0`0`0`2`1`0`3`0`0
		if(id[i]!=0&&id[i]==id[i-1]){`FunctionDecl,false;ForStmt,false;IfStmt,false;`1`0`1`0`0`0`0`0`1`0`0`0`3`0`4`6`2`2`0`1`0`0`0`0`0`0`6`0`6`0`0`0`4`0`0`4`3`0
			if(id[i-1]==id[i-2]){`FunctionDecl,false;ForStmt,false;IfStmt,false;IfStmt,false;`1`0`1`0`0`0`0`0`2`0`0`0`4`0`5`4`2`2`0`1`0`0`0`0`0`0`4`0`4`0`0`0`3`0`0`3`2`0
				printf("%d",-1);`FunctionDecl,false;ForStmt,false;IfStmt,false;IfStmt,false;`1`0`1`0`0`0`0`0`2`0`0`0`4`0`5`0`2`1`1`0`0`0`0`0`0`0`1`0`1`0`0`1`0`1`0`1`0`0
				return 0;`FunctionDecl,false;ForStmt,false;IfStmt,false;IfStmt,false;`1`0`1`0`0`0`0`0`2`0`0`0`4`0`5`0`1`1`0`0`0`0`0`0`0`0`0`0`0`0`0`0`0`0`0`0`0`0
				ans++;`FunctionDecl,false;ForStmt,false;IfStmt,false;IfStmt,false;`1`0`1`0`0`0`0`0`2`0`0`0`4`0`5`1`0`0`0`0`0`0`0`0`0`0`1`0`1`0`0`0`0`1`0`1`0`0
	printf("%d",ans);`FunctionDecl,false;`1`0`0`0`0`0`0`0`0`0`0`0`1`0`0`1`1`0`1`0`0`0`0`0`0`0`2`0`2`0`0`1`0`0`0`0`0`0
	return 0;`FunctionDecl,false;`1`0`0`0`0`0`0`0`0`0`0`0`1`0`0`0`0`0`0`0`0`0`0`0`0`0`0`0`0`0`0`0`0`0`0`0`0`0
