code`block`FunctionDecl`FunctionDeclRec`ForStmt`ForStmtRec`DoStmt`DoStmtRec`WhileStmt`WhileStmtRec`IfStmt`IfStmtRec`SwitchStmt`SwitchStmtRec`countBlocks`countBlocksRec`countCondition`countVariable`countLiteral`IntegerLiteral`StringLiteral`IfStmt`ForStmt`WhileStmt`DoStmt`SwitchStmt`countLoop`VarDecl`DeclRefExpr`DeclStmt`countDecl`countPointer`writeFunction`CallExpr`BinaryOperator`UnaryOperator`CompoundAssignOperator`countOperand`ArraySubscriptE`RealFaultLocation
int main(){`FunctionDecl,false;`1`0`0`0`0`0`0`0`0`0`0`0`1`0`0`0`0`0`0`0`0`0`0`0`0`0`0`0`0`0`0`0`0`0`0`0`0`0
    freopen("input.txt", "r", stdin);`FunctionDecl,false;`1`0`0`0`0`0`0`0`0`0`0`0`1`0`0`1`2`0`2`0`0`0`0`0`0`2`2`1`5`0`0`1`0`0`0`0`0`0
    scanf("%d %d", &n, &m);`FunctionDecl,false;`1`0`0`0`0`0`0`0`0`0`0`0`1`0`0`2`1`0`1`0`0`0`0`0`0`0`3`0`3`2`0`1`0`2`0`2`0`0
    for(int ball=1; ball<=n;){`FunctionDecl,false;ForStmt,false;`1`0`1`0`0`0`0`0`0`0`0`0`2`0`1`2`1`1`0`0`1`0`0`0`1`1`2`1`4`0`0`0`1`0`0`1`0`0
        int basket = (m+1)>>1;`FunctionDecl,false;ForStmt,false;`1`0`1`0`0`0`0`0`0`0`0`0`2`0`1`1`2`2`0`0`0`0`0`0`0`1`1`1`3`0`0`0`2`0`0`2`0`0
        bool neg = false;`FunctionDecl,false;ForStmt,false;`1`0`1`0`0`0`0`0`0`0`0`0`2`0`1`0`1`0`0`0`0`0`0`0`0`1`0`1`2`0`0`0`0`0`0`0`0`1
        int val = 0;`FunctionDecl,false;ForStmt,false;`1`0`1`0`0`0`0`0`0`0`0`0`2`0`1`0`1`1`0`0`0`0`0`0`0`1`0`1`2`0`0`0`0`0`0`0`0`0
        for(int j=0; j<m && ball<=n; j++){`FunctionDecl,false;ForStmt,false;ForStmt,false;`1`0`2`0`0`0`0`0`0`0`0`0`3`0`4`5`1`1`0`0`1`0`0`0`1`1`5`1`7`0`0`0`3`1`0`4`0`0
            printf("%d\n", basket);`FunctionDecl,false;ForStmt,false;ForStmt,false;`1`0`2`0`0`0`0`0`0`0`0`0`3`0`4`1`1`0`1`0`0`0`0`0`0`0`2`0`2`0`0`1`0`0`0`0`0`0
            ball++;`FunctionDecl,false;ForStmt,false;ForStmt,false;`1`0`2`0`0`0`0`0`0`0`0`0`3`0`4`1`0`0`0`0`0`0`0`0`0`0`1`0`1`0`0`0`0`1`0`1`0`0
            do{`FunctionDecl,false;ForStmt,false;ForStmt,false;DoStmt,false;`1`0`2`0`1`0`0`0`0`0`0`0`4`0`4`0`0`0`0`0`0`0`1`0`1`0`0`0`0`0`0`0`0`0`0`0`0`0
                neg ^= 1;`FunctionDecl,false;ForStmt,false;ForStmt,false;DoStmt,false;`1`0`2`0`1`0`0`0`0`0`0`0`4`0`4`1`1`1`0`0`0`0`0`0`0`0`1`0`1`0`0`0`0`0`1`1`0`0
                val++;`FunctionDecl,false;ForStmt,false;ForStmt,false;DoStmt,false;`1`0`2`0`1`0`0`0`0`0`0`0`4`0`4`1`0`0`0`0`0`0`0`0`0`0`1`0`1`0`0`0`0`1`0`1`0`0
                basket += neg? -val: val;`FunctionDecl,false;ForStmt,false;ForStmt,false;DoStmt,false;`1`0`2`0`1`0`0`0`0`0`0`0`4`0`4`4`0`0`0`0`0`0`0`0`0`0`4`0`4`0`0`0`0`1`1`2`0`0
            }while(j != m-1 && basket < 1 || basket > m);`FunctionDecl,false;ForStmt,false;ForStmt,false;DoStmt,false;`1`0`2`0`1`0`0`0`0`0`0`0`4`0`4`5`2`2`0`0`0`0`0`0`0`0`5`0`5`0`0`0`6`0`0`6`0`0
    return 0;`FunctionDecl,false;`1`0`0`0`0`0`0`0`0`0`0`0`1`0`0`0`1`1`0`0`0`0`0`0`0`0`0`0`0`0`0`0`0`0`0`0`0`0
