code`block`FunctionDecl`FunctionDeclRec`ForStmt`ForStmtRec`DoStmt`DoStmtRec`WhileStmt`WhileStmtRec`IfStmt`IfStmtRec`SwitchStmt`SwitchStmtRec`countBlocks`countBlocksRec`countCondition`countVariable`countLiteral`IntegerLiteral`StringLiteral`IfStmt`ForStmt`WhileStmt`DoStmt`SwitchStmt`countLoop`VarDecl`DeclRefExpr`DeclStmt`countDecl`countPointer`writeFunction`CallExpr`BinaryOperator`UnaryOperator`CompoundAssignOperator`countOperand`ArraySubscriptE`RealFaultLocation
    char s1[1005];`FunctionDecl,false;`1`0`0`0`0`0`0`0`0`0`0`0`1`0`0`0`0`0`0`0`0`0`0`0`0`1`0`1`2`0`0`0`0`0`0`0`0`1
    char s2[1005];`FunctionDecl,false;`1`0`0`0`0`0`0`0`0`0`0`0`1`0`0`0`0`0`0`0`0`0`0`0`0`1`0`1`2`0`0`0`0`0`0`0`0`0
    scanf("%s",s1);`FunctionDecl,false;`1`0`0`0`0`0`0`0`0`0`0`0`1`0`0`1`1`0`1`0`0`0`0`0`0`0`2`0`2`0`0`1`0`0`0`0`0`0
    int flag=1;`FunctionDecl,false;`1`0`0`0`0`0`0`0`0`0`0`0`1`0`0`0`1`1`0`0`0`0`0`0`0`1`0`1`2`0`0`0`0`0`0`0`0`0
    if(strstr(s1,".")==NULL)`FunctionDecl,false;IfStmt,false;`1`0`0`0`0`0`0`0`1`0`0`0`2`0`1`1`1`0`1`1`0`0`0`0`0`0`2`0`2`0`0`1`1`0`0`1`0`0
            int t=0;`FunctionDecl,false;IfStmt,false;`1`0`0`0`0`0`0`0`1`0`0`0`2`0`1`0`1`1`0`0`0`0`0`0`0`1`0`1`2`0`0`0`0`0`0`0`0`0
            for(int i=0;i<strlen(s1);i++)`FunctionDecl,false;IfStmt,false;ForStmt,false;`1`0`1`0`0`0`0`0`1`0`0`0`3`0`2`3`1`1`0`0`1`0`0`0`1`1`4`1`6`0`0`1`1`1`0`2`0`0
                if(t==0&&s1[i]=='0')`FunctionDecl,false;IfStmt,false;ForStmt,false;IfStmt,false;`1`0`1`0`0`0`0`0`2`0`0`0`4`0`5`3`2`1`0`1`0`0`0`0`0`0`3`0`3`0`0`0`3`0`0`3`1`0
                    if(s1[i+1]=='\0')printf("0");`FunctionDecl,false;IfStmt,false;ForStmt,false;IfStmt,false;IfStmt,false;`1`0`1`0`0`0`0`0`3`0`0`0`5`0`6`2`3`1`1`1`0`0`0`0`0`0`3`0`3`0`0`1`2`0`0`2`1`0
                    printf("%c",s1[i]);`FunctionDecl,false;IfStmt,false;ForStmt,false;IfStmt,false;`1`0`1`0`0`0`0`0`2`0`0`0`4`0`5`2`1`0`1`0`0`0`0`0`0`0`3`0`3`0`0`1`0`0`0`0`1`0
                    t++;`FunctionDecl,false;IfStmt,false;ForStmt,false;IfStmt,false;`1`0`1`0`0`0`0`0`2`0`0`0`4`0`5`1`0`0`0`0`0`0`0`0`0`0`1`0`1`0`0`0`0`1`0`1`0`0
            printf("\n");`FunctionDecl,false;IfStmt,false;`1`0`0`0`0`0`0`0`1`0`0`0`2`0`1`0`1`0`1`0`0`0`0`0`0`0`1`0`1`0`0`1`0`0`0`0`0`0
        for(int i=0;i<strlen(s1);i++)`FunctionDecl,false;IfStmt,false;ForStmt,false;`1`0`1`0`0`0`0`0`1`0`0`0`3`0`2`3`1`1`0`0`1`0`0`0`1`1`4`1`6`0`0`1`1`1`0`2`0`0
            if(s1[i]=='.')`FunctionDecl,false;IfStmt,false;ForStmt,false;IfStmt,false;`1`0`1`0`0`0`0`0`2`0`0`0`4`0`3`2`1`0`0`1`0`0`0`0`0`0`2`0`2`0`0`0`1`0`0`1`1`0
                if(s1[i+1]>='5')`FunctionDecl,false;IfStmt,false;ForStmt,false;IfStmt,false;IfStmt,false;`1`0`1`0`0`0`0`0`3`0`0`0`5`0`4`2`2`1`0`1`0`0`0`0`0`0`2`0`2`0`0`0`2`0`0`2`1`0
                    if(s1[i-1]=='9')flag=0;`FunctionDecl,false;IfStmt,false;ForStmt,false;IfStmt,false;IfStmt,false;IfStmt,false;`1`0`1`0`0`0`0`0`4`0`0`0`6`0`5`3`3`2`0`1`0`0`0`0`0`0`3`0`3`0`0`0`3`0`0`3`1`0
                    else s2[i-1]+=1;`FunctionDecl,false;IfStmt,false;ForStmt,false;IfStmt,false;IfStmt,false;IfStmt,false;`1`0`1`0`0`0`0`0`4`0`0`0`6`0`5`2`2`2`0`0`0`0`0`0`0`0`2`0`2`0`0`0`1`0`1`2`1`0
                s2[i]='\0';`FunctionDecl,false;IfStmt,false;ForStmt,false;IfStmt,false;`1`0`1`0`0`0`0`0`2`0`0`0`4`0`3`2`1`0`0`0`0`0`0`0`0`0`2`0`2`0`0`0`1`0`0`1`1`0
                break;`FunctionDecl,false;IfStmt,false;ForStmt,false;IfStmt,false;`1`0`1`0`0`0`0`0`2`0`0`0`4`0`3`0`0`0`0`0`0`0`0`0`0`0`0`0`0`0`0`0`0`0`0`0`0`0
            s2[i]=s1[i];`FunctionDecl,false;IfStmt,false;ForStmt,false;`1`0`1`0`0`0`0`0`1`0`0`0`3`0`2`4`0`0`0`0`0`0`0`0`0`0`4`0`4`0`0`0`1`0`0`1`2`0
        if(flag==0)printf("GOTO Vasilisa.\n");`FunctionDecl,false;IfStmt,false;IfStmt,false;`1`0`0`0`0`0`0`0`2`0`0`0`3`0`2`1`2`1`1`1`0`0`0`0`0`0`2`0`2`0`0`1`1`0`0`1`0`0
            int t=0;`FunctionDecl,false;IfStmt,false;IfStmt,false;`1`0`0`0`0`0`0`0`2`0`0`0`3`0`2`0`1`1`0`0`0`0`0`0`0`1`0`1`2`0`0`0`0`0`0`0`0`0
            for(int i=0;i<strlen(s2);i++)`FunctionDecl,false;IfStmt,false;IfStmt,false;ForStmt,false;`1`0`1`0`0`0`0`0`2`0`0`0`4`0`3`3`1`1`0`0`1`0`0`0`1`1`4`1`6`0`0`1`1`1`0`2`0`0
                if(t==0&&s2[i]=='0')`FunctionDecl,false;IfStmt,false;IfStmt,false;ForStmt,false;IfStmt,false;`1`0`1`0`0`0`0`0`3`0`0`0`5`0`6`3`2`1`0`1`0`0`0`0`0`0`3`0`3`0`0`0`3`0`0`3`1`0
                    if(s2[i+1]=='\0')printf("0");`FunctionDecl,false;IfStmt,false;IfStmt,false;ForStmt,false;IfStmt,false;IfStmt,false;`1`0`1`0`0`0`0`0`4`0`0`0`6`0`7`2`3`1`1`1`0`0`0`0`0`0`3`0`3`0`0`1`2`0`0`2`1`0
                    printf("%c",s2[i]);`FunctionDecl,false;IfStmt,false;IfStmt,false;ForStmt,false;IfStmt,false;`1`0`1`0`0`0`0`0`3`0`0`0`5`0`6`2`1`0`1`0`0`0`0`0`0`0`3`0`3`0`0`1`0`0`0`0`1`0
                    t++;`FunctionDecl,false;IfStmt,false;IfStmt,false;ForStmt,false;IfStmt,false;`1`0`1`0`0`0`0`0`3`0`0`0`5`0`6`1`0`0`0`0`0`0`0`0`0`0`1`0`1`0`0`0`0`1`0`1`0`0
            printf("\n");`FunctionDecl,false;IfStmt,false;IfStmt,false;`1`0`0`0`0`0`0`0`2`0`0`0`3`0`2`0`1`0`1`0`0`0`0`0`0`0`1`0`1`0`0`1`0`0`0`0`0`0
    return 0;`FunctionDecl,false;`1`0`0`0`0`0`0`0`0`0`0`0`1`0`0`0`0`0`0`0`0`0`0`0`0`0`0`0`0`0`0`0`0`0`0`0`0`0
