code`block`FunctionDecl`FunctionDeclRec`ForStmt`ForStmtRec`DoStmt`DoStmtRec`WhileStmt`WhileStmtRec`IfStmt`IfStmtRec`SwitchStmt`SwitchStmtRec`countBlocks`countBlocksRec`countCondition`countVariable`countLiteral`IntegerLiteral`StringLiteral`IfStmt`ForStmt`WhileStmt`DoStmt`SwitchStmt`countLoop`VarDecl`DeclRefExpr`DeclStmt`countDecl`countPointer`writeFunction`CallExpr`BinaryOperator`UnaryOperator`CompoundAssignOperator`countOperand`ArraySubscriptE`RealFaultLocation
int dealo(char *s)`FunctionDecl,false;`1`0`0`0`0`0`0`0`0`0`0`0`1`0`0`0`0`0`0`0`0`0`0`0`0`0`0`0`0`0`0`0`0`0`0`0`0`1
	int len = strlen(s);`FunctionDecl,false;`1`0`0`0`0`0`0`0`0`0`0`0`1`0`0`1`0`0`0`0`0`0`0`0`0`1`2`1`4`0`0`1`0`0`0`0`0`0
	int count = 0;`FunctionDecl,false;`1`0`0`0`0`0`0`0`0`0`0`0`1`0`0`0`1`1`0`0`0`0`0`0`0`1`0`1`2`0`0`0`0`0`0`0`0`0
	for(int i=0;i<len;i++)`FunctionDecl,false;ForStmt,false;`1`0`1`0`0`0`0`0`0`0`0`0`2`0`1`3`1`1`0`0`1`0`0`0`1`1`3`1`5`0`0`0`1`1`0`2`0`0
		if(s[i]=='0')count++;`FunctionDecl,false;ForStmt,false;IfStmt,false;`1`0`1`0`0`0`0`0`1`0`0`0`3`0`2`3`1`0`0`1`0`0`0`0`0`0`3`0`3`0`0`0`1`1`0`2`1`0
		else break;`FunctionDecl,false;ForStmt,false;IfStmt,false;`1`0`1`0`0`0`0`0`1`0`0`0`3`0`2`0`0`0`0`0`0`0`0`0`0`0`0`0`0`0`0`0`0`0`0`0`0`0
	if(count == len)return 1;`FunctionDecl,false;IfStmt,false;`1`0`0`0`0`0`0`0`1`0`0`0`2`0`1`2`1`1`0`1`0`0`0`0`0`0`2`0`2`0`0`0`1`0`0`1`0`0
	else return 0;`FunctionDecl,false;IfStmt,false;`1`0`0`0`0`0`0`0`1`0`0`0`2`0`1`0`1`1`0`0`0`0`0`0`0`0`0`0`0`0`0`0`0`0`0`0`0`0
int main()`FunctionDecl,false;`1`0`0`0`0`0`0`0`0`0`0`0`1`0`0`0`0`0`0`0`0`0`0`0`0`0`0`0`0`0`0`0`0`0`0`0`0`0
    scanf("%s",s1);`FunctionDecl,false;`1`0`0`0`0`0`0`0`0`0`0`0`1`0`0`1`1`0`1`0`0`0`0`0`0`0`2`0`2`0`0`1`0`0`0`0`0`1
    	int i,j,k=0;`FunctionDecl,false;`1`0`0`0`0`0`0`0`0`0`0`0`1`0`0`0`1`1`0`0`0`0`0`0`0`3`0`1`4`0`0`0`0`0`0`0`0`0
    	int len = strlen(s1);`FunctionDecl,false;`1`0`0`0`0`0`0`0`0`0`0`0`1`0`0`1`0`0`0`0`0`0`0`0`0`1`2`1`4`0`0`1`0`0`0`0`0`0
    	for(i=0; i<len; i++)`FunctionDecl,false;ForStmt,false;`1`0`1`0`0`0`0`0`0`0`0`0`2`0`1`4`1`1`0`0`1`0`0`0`1`0`4`0`4`0`0`0`2`1`0`3`0`0
	    	if(s1[i]!='.')`FunctionDecl,false;ForStmt,false;IfStmt,false;`1`0`1`0`0`0`0`0`1`0`0`0`3`0`2`2`1`0`0`1`0`0`0`0`0`0`2`0`2`0`0`0`1`0`0`1`1`0
	    	s2[k++] = s1[i];`FunctionDecl,false;ForStmt,false;IfStmt,false;`1`0`1`0`0`0`0`0`1`0`0`0`3`0`2`4`0`0`0`0`0`0`0`0`0`0`4`0`4`0`0`0`1`1`0`2`2`0
	    	else break;`FunctionDecl,false;ForStmt,false;IfStmt,false;`1`0`1`0`0`0`0`0`1`0`0`0`3`0`2`0`0`0`0`0`0`0`0`0`0`0`0`0`0`0`0`0`0`0`0`0`0`0
	    s2[k] = '\0';`FunctionDecl,false;`1`0`0`0`0`0`0`0`0`0`0`0`1`0`0`2`1`0`0`0`0`0`0`0`0`0`2`0`2`0`0`0`1`0`0`1`1`0
	    if(dealo(s2))`FunctionDecl,false;IfStmt,false;`1`0`0`0`0`0`0`0`1`0`0`0`2`0`1`1`0`0`0`1`0`0`0`0`0`0`2`0`2`0`1`1`0`0`0`0`0`0
    		if(s1[i+1]>52)printf("1\n");`FunctionDecl,false;IfStmt,false;IfStmt,false;`1`0`0`0`0`0`0`0`2`0`0`0`3`0`2`2`3`2`1`1`0`0`0`0`0`0`3`0`3`0`0`1`2`0`0`2`1`0
    		else printf("0\n");`FunctionDecl,false;IfStmt,false;IfStmt,false;`1`0`0`0`0`0`0`0`2`0`0`0`3`0`2`0`1`0`1`0`0`0`0`0`0`0`1`0`1`0`0`1`0`0`0`0`0`0
	    	for(j=0; j<strlen(s2); j++)`FunctionDecl,false;IfStmt,false;ForStmt,false;`1`0`1`0`0`0`0`0`1`0`0`0`3`0`2`4`1`1`0`0`1`0`0`0`1`0`5`0`5`0`0`1`2`1`0`3`0`0
	    		if(s2[j] != '0')break;`FunctionDecl,false;IfStmt,false;ForStmt,false;IfStmt,false;`1`0`1`0`0`0`0`0`2`0`0`0`4`0`3`2`1`0`0`1`0`0`0`0`0`0`2`0`2`0`0`0`1`0`0`1`1`0
	    	strcpy(s3,&s2[j]);`FunctionDecl,false;IfStmt,false;`1`0`0`0`0`0`0`0`1`0`0`0`2`0`1`3`0`0`0`0`0`0`0`0`0`0`4`0`4`1`0`1`0`1`0`1`1`0
	    	len = strlen(s3);`FunctionDecl,false;IfStmt,false;`1`0`0`0`0`0`0`0`1`0`0`0`2`0`1`2`0`0`0`0`0`0`0`0`0`0`3`0`3`0`0`1`1`0`0`1`0`0
	    	if(s1[i+1]>52&&s3[len-1]=='9')`FunctionDecl,false;IfStmt,false;IfStmt,false;`1`0`0`0`0`0`0`0`2`0`0`0`3`0`4`4`4`3`0`1`0`0`0`0`0`0`4`0`4`0`0`0`5`0`0`5`2`1
	    	printf("GOTO Vasilisa.\n");`FunctionDecl,false;IfStmt,false;IfStmt,false;`1`0`0`0`0`0`0`0`2`0`0`0`3`0`4`0`1`0`1`0`0`0`0`0`0`0`1`0`1`0`0`1`0`0`0`0`0`0
	    		if(s1[i+1]>52&&s3[len+1] != '9')`FunctionDecl,false;IfStmt,false;IfStmt,false;IfStmt,false;`1`0`0`0`0`0`0`0`3`0`0`0`4`0`7`4`4`3`0`1`0`0`0`0`0`0`4`0`4`0`0`0`5`0`0`5`2`0
		    		s3[len-1] += 1;`FunctionDecl,false;IfStmt,false;IfStmt,false;IfStmt,false;`1`0`0`0`0`0`0`0`3`0`0`0`4`0`7`2`2`2`0`0`0`0`0`0`0`0`2`0`2`0`0`0`1`0`1`2`1`0
		    		if(s3[len-1]=='9')`FunctionDecl,false;IfStmt,false;IfStmt,false;IfStmt,false;IfStmt,false;`1`0`0`0`0`0`0`0`4`0`0`0`5`0`8`2`2`1`0`1`0`0`0`0`0`0`2`0`2`0`0`0`2`0`0`2`1`0
                        printf("GOTO Vasilisa.\n");`FunctionDecl,false;IfStmt,false;IfStmt,false;IfStmt,false;IfStmt,false;`1`0`0`0`0`0`0`0`4`0`0`0`5`0`8`0`1`0`1`0`0`0`0`0`0`0`1`0`1`0`0`1`0`0`0`0`0`1
	    			else printf("%s\n",s3);`FunctionDecl,false;IfStmt,false;IfStmt,false;IfStmt,false;IfStmt,false;`1`0`0`0`0`0`0`0`4`0`0`0`5`0`8`1`1`0`1`0`0`0`0`0`0`0`2`0`2`0`0`1`0`0`0`0`0`0
		    	printf("%s\n",s3);`FunctionDecl,false;IfStmt,false;IfStmt,false;IfStmt,false;`1`0`0`0`0`0`0`0`3`0`0`0`4`0`7`1`1`0`1`0`0`0`0`0`0`0`2`0`2`0`0`1`0`0`0`0`0`0
    return 0;`FunctionDecl,false;`1`0`0`0`0`0`0`0`0`0`0`0`1`0`0`0`0`0`0`0`0`0`0`0`0`0`0`0`0`0`0`0`0`0`0`0`0`0
