code`block`FunctionDecl`FunctionDeclRec`ForStmt`ForStmtRec`DoStmt`DoStmtRec`WhileStmt`WhileStmtRec`IfStmt`IfStmtRec`SwitchStmt`SwitchStmtRec`countBlocks`countBlocksRec`countCondition`countVariable`countLiteral`IntegerLiteral`StringLiteral`IfStmt`ForStmt`WhileStmt`DoStmt`SwitchStmt`countLoop`VarDecl`DeclRefExpr`DeclStmt`countDecl`countPointer`writeFunction`CallExpr`BinaryOperator`UnaryOperator`CompoundAssignOperator`countOperand`ArraySubscriptE`RealFaultLocation
int GetStatue(char *arr)`FunctionDecl,false;`1`0`0`0`0`0`0`0`0`0`0`0`1`0`0`3`2`2`0`0`0`0`0`0`0`0`5`0`5`5`0`2`1`5`0`6`0`0
	if (strcmp(arr,"captain")==0)`FunctionDecl,false;`1`0`0`0`0`0`0`0`0`0`0`0`1`0`0`1`2`1`1`1`0`0`0`0`0`0`2`0`2`0`0`1`1`0`0`1`0`0
		return CAPTAIN;`FunctionDecl,false;`1`0`0`0`0`0`0`0`0`0`0`0`1`0`0`0`1`1`0`0`0`0`0`0`0`0`0`0`0`0`0`0`0`0`0`0`0`0
	if (strcmp(arr,"woman")==0)`FunctionDecl,false;`1`0`0`0`0`0`0`0`0`0`0`0`1`0`0`1`2`1`1`1`0`0`0`0`0`0`2`0`2`0`0`1`1`0`0`1`0`0
		return WOMAN;`FunctionDecl,false;`1`0`0`0`0`0`0`0`0`0`0`0`1`0`0`0`1`1`0`0`0`0`0`0`0`0`0`0`0`0`0`0`0`0`0`0`0`0
	if (strcmp(arr,"man")==0)`FunctionDecl,false;`1`0`0`0`0`0`0`0`0`0`0`0`1`0`0`1`2`1`1`1`0`0`0`0`0`0`2`0`2`0`0`1`1`0`0`1`0`0
		return MAN;`FunctionDecl,false;`1`0`0`0`0`0`0`0`0`0`0`0`1`0`0`0`1`1`0`0`0`0`0`0`0`0`0`0`0`0`0`0`0`0`0`0`0`0
	if (strcmp(arr,"rat")==0)`FunctionDecl,false;`1`0`0`0`0`0`0`0`0`0`0`0`1`0`0`1`2`1`1`1`0`0`0`0`0`0`2`0`2`0`0`1`1`0`0`1`0`0
		return RAT;`FunctionDecl,false;`1`0`0`0`0`0`0`0`0`0`0`0`1`0`0`0`1`1`0`0`0`0`0`0`0`0`0`0`0`0`0`0`0`0`0`0`0`0
	if (strcmp(arr,"child")==0)`FunctionDecl,false;`1`0`0`0`0`0`0`0`0`0`0`0`1`0`0`1`2`1`1`1`0`0`0`0`0`0`2`0`2`0`0`1`1`0`0`1`0`0
		return CHILD;`FunctionDecl,false;`1`0`0`0`0`0`0`0`0`0`0`0`1`0`0`0`1`1`0`0`0`0`0`0`0`0`0`0`0`0`0`0`0`0`0`0`0`0
void SortObjects(object *arr,int n)`FunctionDecl,false;`1`0`0`0`0`0`0`0`0`0`0`0`1`0`0`0`0`0`0`0`0`0`0`0`0`0`0`0`0`0`0`0`0`0`0`0`0`0
	object temp;`FunctionDecl,false;`1`0`0`0`0`0`0`0`0`0`0`0`1`0`0`0`0`0`0`0`0`0`0`0`0`1`0`1`2`0`0`0`0`0`0`0`0`0
	int i,j;`FunctionDecl,false;`1`0`0`0`0`0`0`0`0`0`0`0`1`0`0`0`0`0`0`0`0`0`0`0`0`2`0`1`3`0`0`0`0`0`0`0`0`0
	bool changed;	`FunctionDecl,false;`1`0`0`0`0`0`0`0`0`0`0`0`1`0`0`0`0`0`0`0`0`0`0`0`0`1`0`1`2`0`0`0`0`0`0`0`0`0
	for (i=n;i>=0;i--)`FunctionDecl,false;ForStmt,false;`1`0`1`0`0`0`0`0`0`0`0`0`2`0`1`4`1`1`0`0`1`0`0`0`1`0`4`0`4`0`0`0`2`1`0`3`0`1
		changed=false;`FunctionDecl,false;ForStmt,false;`1`0`1`0`0`0`0`0`0`0`0`0`2`0`1`1`1`0`0`0`0`0`0`0`0`0`1`0`1`0`0`0`1`0`0`1`0`0
		for (j=0;j<i;j++)`FunctionDecl,false;ForStmt,false;ForStmt,false;`1`0`2`0`0`0`0`0`0`0`0`0`3`0`2`4`1`1`0`0`1`0`0`0`1`0`4`0`4`0`0`0`2`1`0`3`0`0
			if (arr[j].statue>arr[j+1].statue)`FunctionDecl,false;ForStmt,false;ForStmt,false;IfStmt,false;`1`0`2`0`0`0`0`0`1`0`0`0`4`0`3`4`1`1`0`1`0`0`0`0`0`0`4`0`4`0`0`0`2`0`0`2`2`0
				temp=arr[j];`FunctionDecl,false;ForStmt,false;ForStmt,false;IfStmt,false;`1`0`2`0`0`0`0`0`1`0`0`0`4`0`3`3`0`0`0`0`0`0`0`0`0`0`4`0`4`0`0`0`0`0`0`0`1`0
				arr[j]=arr[j+1];`FunctionDecl,false;ForStmt,false;ForStmt,false;IfStmt,false;`1`0`2`0`0`0`0`0`1`0`0`0`4`0`3`4`1`1`0`0`0`0`0`0`0`0`5`0`5`0`0`0`1`0`0`1`2`0
				arr[j+1]=temp;`FunctionDecl,false;ForStmt,false;ForStmt,false;IfStmt,false;`1`0`2`0`0`0`0`0`1`0`0`0`4`0`3`3`1`1`0`0`0`0`0`0`0`0`4`0`4`0`0`0`1`0`0`1`1`0
				changed=true;`FunctionDecl,false;ForStmt,false;ForStmt,false;IfStmt,false;`1`0`2`0`0`0`0`0`1`0`0`0`4`0`3`1`1`0`0`0`0`0`0`0`0`0`1`0`1`0`0`0`1`0`0`1`0`0
		if (changed==false)`FunctionDecl,false;ForStmt,false;IfStmt,false;`1`0`1`0`0`0`0`0`1`0`0`0`3`0`5`1`1`0`0`1`0`0`0`0`0`0`1`0`1`0`0`0`1`0`0`1`0`0
			return ;`FunctionDecl,false;ForStmt,false;IfStmt,false;`1`0`1`0`0`0`0`0`1`0`0`0`3`0`5`0`0`0`0`0`0`0`0`0`0`0`0`0`0`0`0`0`0`0`0`0`0`0
int main()`FunctionDecl,false;`1`0`0`0`0`0`0`0`0`0`0`0`1`0`0`0`0`0`0`0`0`0`0`0`0`0`0`0`0`0`0`0`0`0`0`0`0`0
	int i;`FunctionDecl,false;`1`0`0`0`0`0`0`0`0`0`0`0`1`0`0`0`0`0`0`0`0`0`0`0`0`1`0`1`2`0`0`0`0`0`0`0`0`0
	int n;`FunctionDecl,false;`1`0`0`0`0`0`0`0`0`0`0`0`1`0`0`0`0`0`0`0`0`0`0`0`0`1`0`1`2`0`0`0`0`0`0`0`0`0
	int spacepos;`FunctionDecl,false;`1`0`0`0`0`0`0`0`0`0`0`0`1`0`0`0`0`0`0`0`0`0`0`0`0`1`0`1`2`0`0`0`0`0`0`0`0`0
	cin>>n;`FunctionDecl,false;`1`0`0`0`0`0`0`0`0`0`0`0`1`0`0`2`0`0`0`0`0`0`0`0`0`0`3`0`3`0`0`0`0`0`0`0`0`0
	object arr[n];`FunctionDecl,false;`1`0`0`0`0`0`0`0`0`0`0`0`1`0`0`0`0`0`0`0`0`0`0`0`0`1`0`1`2`0`0`0`0`0`0`0`0`0
	for (i=0;i<n;i++)`FunctionDecl,false;ForStmt,false;`1`0`1`0`0`0`0`0`0`0`0`0`2`0`1`4`1`1`0`0`1`0`0`0`1`0`4`0`4`0`0`0`2`1`0`3`0`0
		cin>>arr[i].name>>arr[i].sstatue;`FunctionDecl,false;ForStmt,false;`1`0`1`0`0`0`0`0`0`0`0`0`2`0`1`5`0`0`0`0`0`0`0`0`0`0`7`0`7`0`0`0`0`0`0`0`2`0
		arr[i].statue=GetStatue(arr[i].sstatue);`FunctionDecl,false;ForStmt,false;`1`0`1`0`0`0`0`0`0`0`0`0`2`0`1`4`0`0`0`0`0`0`0`0`0`0`5`0`5`0`1`1`1`0`0`1`2`0
	SortObjects(arr,n);`FunctionDecl,false;`1`0`0`0`0`0`0`0`0`0`0`0`1`0`0`2`0`0`0`0`0`0`0`0`0`0`3`0`3`0`1`1`0`0`0`0`0`0
	for (i=0;i<n;i++)`FunctionDecl,false;ForStmt,false;`1`0`1`0`0`0`0`0`0`0`0`0`2`0`1`4`1`1`0`0`1`0`0`0`1`0`4`0`4`0`0`0`2`1`0`3`0`0
		cout<<arr[i].name<<endl;`FunctionDecl,false;ForStmt,false;`1`0`1`0`0`0`0`0`0`0`0`0`2`0`1`3`0`0`0`0`0`0`0`0`0`0`6`0`6`0`0`0`0`0`0`0`1`0
	return 0;`FunctionDecl,false;`1`0`0`0`0`0`0`0`0`0`0`0`1`0`0`0`0`0`0`0`0`0`0`0`0`0`0`0`0`0`0`0`0`0`0`0`0`0
