code`block`FunctionDecl`FunctionDeclRec`ForStmt`ForStmtRec`DoStmt`DoStmtRec`WhileStmt`WhileStmtRec`IfStmt`IfStmtRec`SwitchStmt`SwitchStmtRec`countBlocks`countBlocksRec`countCondition`countVariable`countLiteral`IntegerLiteral`StringLiteral`IfStmt`ForStmt`WhileStmt`DoStmt`SwitchStmt`countLoop`VarDecl`DeclRefExpr`DeclStmt`countDecl`countPointer`writeFunction`CallExpr`BinaryOperator`UnaryOperator`CompoundAssignOperator`countOperand`ArraySubscriptE`RealFaultLocation
int calc(int state){`FunctionDecl,true;`1`1`0`0`0`0`0`0`0`0`0`0`1`1`0`0`0`0`0`0`0`0`0`0`0`0`0`0`0`0`0`0`0`0`0`0`0`1
    if(s==2*n-2 || s-r1==n || s-r2==n){`FunctionDecl,true;IfStmt,false;`1`1`0`0`0`0`0`0`1`0`0`0`2`1`0`0`0`0`0`1`0`0`0`0`0`0`0`0`0`0`0`0`0`0`0`0`0`0
        if(s-r1==n-1 && s-r2==n-1)`FunctionDecl,true;IfStmt,false;IfStmt,false;`1`1`0`0`0`0`0`0`2`0`0`0`3`1`0`8`11`11`0`1`0`0`0`0`0`0`8`0`8`0`0`0`18`0`0`18`0`0
            return g[r1][s-r1];`FunctionDecl,true;IfStmt,false;IfStmt,false;`1`1`0`0`0`0`0`0`2`0`0`0`3`1`0`7`9`9`0`0`0`0`0`0`0`0`7`0`7`0`0`0`14`0`0`14`2`0
        return -(1<<30);`FunctionDecl,true;IfStmt,false;`1`1`0`0`0`0`0`0`1`0`0`0`2`1`0`3`6`6`0`0`0`0`0`0`0`0`3`0`3`0`0`0`6`1`0`7`0`0
    if(dp[r1][r2][s]==-1){`FunctionDecl,true;IfStmt,false;`1`1`0`0`0`0`0`0`1`0`0`0`2`1`1`1`0`0`0`1`0`0`0`0`0`0`1`0`1`0`0`0`1`0`0`1`3`0
        if(r1<n-1 && r2<n-1)`FunctionDecl,true;IfStmt,false;IfStmt,false;`1`1`0`0`0`0`0`0`2`0`0`0`3`1`1`3`6`6`0`1`0`0`0`0`0`0`3`0`3`0`0`0`5`1`0`6`0`0
            dp[r1][r2][s]=calc((r1+1)+((r2+1)<<9)+((s+1)<<18));`FunctionDecl,true;IfStmt,false;IfStmt,false;`1`1`0`0`0`0`0`0`2`0`0`0`3`1`1`5`5`5`0`0`0`0`0`0`0`0`5`0`5`0`0`0`9`0`0`9`3`0
        if(r1<n-1 && dp[r1][r2][s]<calc((r1+1)+((r2)<<9)+((s+1)<<18)))`FunctionDecl,true;IfStmt,false;IfStmt,false;`1`1`0`0`0`0`0`0`2`0`0`0`3`1`1`6`15`15`0`1`0`0`0`0`0`0`7`0`7`0`1`1`17`0`0`17`0`0
            dp[r1][r2][s]=calc((r1+1)+((r2)<<9)+((s+1)<<18));`FunctionDecl,true;IfStmt,false;IfStmt,false;`1`1`0`0`0`0`0`0`2`0`0`0`3`1`1`10`16`16`0`0`0`0`0`0`0`0`11`0`11`0`1`1`22`0`0`22`6`0
        if(r2<n-1 && dp[r1][r2][s]<calc((r1)+((r2+1)<<9)+((s+1)<<18)))`FunctionDecl,true;IfStmt,false;IfStmt,false;`1`1`0`0`0`0`0`0`2`0`0`0`3`1`1`6`14`14`0`1`0`0`0`0`0`0`7`0`7`0`1`1`16`0`0`16`0`0
            dp[r1][r2][s]=calc((r1)+((r2+1)<<9)+((s+1)<<18));`FunctionDecl,true;IfStmt,false;IfStmt,false;`1`1`0`0`0`0`0`0`2`0`0`0`3`1`1`10`17`17`0`0`0`0`0`0`0`0`11`0`11`0`1`1`23`0`0`23`6`0
        if(dp[r1][r2][s]<calc((r1)+((r2)<<9)+((s+1)<<18)))`FunctionDecl,true;IfStmt,false;IfStmt,false;`1`1`0`0`0`0`0`0`2`0`0`0`3`1`2`7`14`14`0`1`0`0`0`0`0`0`8`0`8`0`1`1`17`0`0`17`3`0
            dp[r1][r2][s]=calc((r1)+((r2)<<9)+((s+1)<<18));`FunctionDecl,true;IfStmt,false;IfStmt,false;`1`1`0`0`0`0`0`0`2`0`0`0`3`1`2`7`13`13`0`0`0`0`0`0`0`0`8`0`8`0`1`1`16`0`0`16`3`0
        dp[r1][r2][s]+=g[r1][s-r1];`FunctionDecl,true;IfStmt,false;`1`1`0`0`0`0`0`0`1`0`0`0`2`1`1`7`13`13`0`0`0`0`0`0`0`0`8`0`8`0`1`1`15`0`1`16`3`0
        if(r1!=r2)`FunctionDecl,true;IfStmt,false;IfStmt,false;`1`1`0`0`0`0`0`0`2`0`0`0`3`1`1`7`9`9`0`1`0`0`0`0`0`0`7`0`7`0`0`0`10`0`0`10`2`0
            dp[r1][r2][s]+=g[r2][s-r2];`FunctionDecl,true;IfStmt,false;IfStmt,false;`1`1`0`0`0`0`0`0`2`0`0`0`3`1`1`3`3`3`0`0`0`0`0`0`0`0`3`0`3`0`0`0`4`0`1`5`3`1
    return dp[r1][r2][s];`FunctionDecl,true;`1`1`0`0`0`0`0`0`0`0`0`0`1`1`0`8`11`11`0`0`0`0`0`0`0`0`8`0`8`0`0`0`12`0`0`12`5`0
int main()`FunctionDecl,false;`1`0`0`0`0`0`0`0`0`0`0`0`1`0`0`3`5`5`0`0`0`0`0`0`0`0`3`0`3`0`0`0`5`0`0`5`0`0
    scanf("%d",&n);`FunctionDecl,false;`1`0`0`0`0`0`0`0`0`0`0`0`1`0`0`1`1`0`1`0`0`0`0`0`0`0`2`0`2`1`0`1`0`1`0`1`0`0
    for(int i=0;i<n;++i)`FunctionDecl,false;ForStmt,false;`1`0`1`0`0`0`0`0`0`0`0`0`2`0`1`3`1`1`0`0`1`0`0`0`1`1`3`1`5`0`0`0`1`1`0`2`0`0
        for(int j=0;j<n;++j)`FunctionDecl,false;ForStmt,false;ForStmt,false;`1`0`2`0`0`0`0`0`0`0`0`0`3`0`2`3`1`1`0`0`1`0`0`0`1`1`3`1`5`0`0`0`1`1`0`2`0`1
            scanf("%d",&g[i][j]);`FunctionDecl,false;ForStmt,false;ForStmt,false;`1`0`2`0`0`0`0`0`0`0`0`0`3`0`2`3`1`0`1`0`0`0`0`0`0`0`4`0`4`1`0`1`0`1`0`1`2`0
    memset(dp,-1,sizeof(dp));`FunctionDecl,false;`1`0`0`0`0`0`0`0`0`0`0`0`1`0`0`2`1`1`0`0`0`0`0`0`0`0`3`0`3`0`0`1`0`1`0`1`0`1
    printf("%d\n",calc(0));`FunctionDecl,false;`1`0`0`0`0`0`0`0`0`0`0`0`1`0`0`0`2`1`1`0`0`0`0`0`0`0`2`0`2`0`1`2`0`0`0`0`0`0
    return 0;`FunctionDecl,false;`1`0`0`0`0`0`0`0`0`0`0`0`1`0`0`0`0`0`0`0`0`0`0`0`0`0`0`0`0`0`0`0`0`0`0`0`0`1
