code`block`FunctionDecl`FunctionDeclRec`ForStmt`ForStmtRec`DoStmt`DoStmtRec`WhileStmt`WhileStmtRec`IfStmt`IfStmtRec`SwitchStmt`SwitchStmtRec`countBlocks`countBlocksRec`countCondition`countVariable`countLiteral`IntegerLiteral`StringLiteral`IfStmt`ForStmt`WhileStmt`DoStmt`SwitchStmt`countLoop`VarDecl`DeclRefExpr`DeclStmt`countDecl`countPointer`writeFunction`CallExpr`BinaryOperator`UnaryOperator`CompoundAssignOperator`countOperand`ArraySubscriptE`RealFaultLocation
    char s1[101],s2[101];`FunctionDecl,false;`1`0`0`0`0`0`0`0`0`0`0`0`1`0`0`0`0`0`0`0`0`0`0`0`0`2`0`1`3`0`0`0`0`0`0`0`0`1
    int i,j,k,dp[101][101],m;`FunctionDecl,false;`1`0`0`0`0`0`0`0`0`0`0`0`1`0`0`0`0`0`0`0`0`0`0`0`0`5`0`1`6`0`0`0`0`0`0`0`0`0
    while(scanf("%s",&s1)!=EOF)`FunctionDecl,false;WhileStmt,false;`1`0`0`0`0`0`1`0`0`0`0`0`2`0`1`1`2`1`1`0`0`1`0`0`1`0`2`0`2`1`0`1`1`2`0`3`0`0
        strcpy(s2,s1);`FunctionDecl,false;WhileStmt,false;`1`0`0`0`0`0`1`0`0`0`0`0`2`0`1`2`0`0`0`0`0`0`0`0`0`0`3`0`3`0`0`1`0`0`0`0`0`0
        k=strlen(s1);`FunctionDecl,false;WhileStmt,false;`1`0`0`0`0`0`1`0`0`0`0`0`2`0`1`2`0`0`0`0`0`0`0`0`0`0`3`0`3`0`0`1`1`0`0`1`0`0
        memset(dp,0,sizeof(dp));`FunctionDecl,false;WhileStmt,false;`1`0`0`0`0`0`1`0`0`0`0`0`2`0`1`2`1`1`0`0`0`0`0`0`0`0`3`0`3`0`0`1`0`0`0`0`0`0
        for(i=0;i<k;i++)`FunctionDecl,false;WhileStmt,false;ForStmt,false;`1`0`1`0`0`0`1`0`0`0`0`0`3`0`2`4`1`1`0`0`1`0`0`0`1`0`4`0`4`0`0`0`2`1`0`3`0`0
            for(j=0;j<k;j++)`FunctionDecl,false;WhileStmt,false;ForStmt,false;ForStmt,false;`1`0`2`0`0`0`1`0`0`0`0`0`4`0`3`4`1`1`0`0`1`0`0`0`1`0`4`0`4`0`0`0`2`1`0`3`0`0
            if(s1[i]==s2[j]&&i!=j)`FunctionDecl,false;WhileStmt,false;ForStmt,false;ForStmt,false;IfStmt,false;`1`0`2`0`0`0`1`0`1`0`0`0`5`0`6`6`0`0`0`1`0`0`0`0`0`0`6`0`6`0`0`0`3`0`0`3`2`0
                if(i==0||j==1)`FunctionDecl,false;WhileStmt,false;ForStmt,false;ForStmt,false;IfStmt,false;IfStmt,false;`1`0`2`0`0`0`1`0`2`0`0`0`6`0`9`2`2`2`0`1`0`0`0`0`0`0`2`0`2`0`0`0`3`0`0`3`0`0
                    dp[i][j]=1;`FunctionDecl,false;WhileStmt,false;ForStmt,false;ForStmt,false;IfStmt,false;IfStmt,false;`1`0`2`0`0`0`1`0`2`0`0`0`6`0`9`3`1`1`0`0`0`0`0`0`0`0`3`0`3`0`0`0`1`0`0`1`2`0
                    if(s1[i-1]==s2[j-1])`FunctionDecl,false;WhileStmt,false;ForStmt,false;ForStmt,false;IfStmt,false;IfStmt,false;IfStmt,false;`1`0`2`0`0`0`1`0`3`0`0`0`7`0`10`4`2`2`0`1`0`0`0`0`0`0`4`0`4`0`0`0`3`0`0`3`2`0
                    dp[i][j]=dp[i-1][j-1]+1;`FunctionDecl,false;WhileStmt,false;ForStmt,false;ForStmt,false;IfStmt,false;IfStmt,false;IfStmt,false;`1`0`2`0`0`0`1`0`3`0`0`0`7`0`10`6`3`3`0`0`0`0`0`0`0`0`6`0`6`0`0`0`4`0`0`4`4`0
        m=0;`FunctionDecl,false;WhileStmt,false;`1`0`0`0`0`0`1`0`0`0`0`0`2`0`1`1`1`1`0`0`0`0`0`0`0`0`1`0`1`0`0`0`1`0`0`1`0`0
        for(i=0;i<k;i++)`FunctionDecl,false;WhileStmt,false;ForStmt,false;`1`0`1`0`0`0`1`0`0`0`0`0`3`0`2`4`1`1`0`0`1`0`0`0`1`0`4`0`4`0`0`0`2`1`0`3`0`0
            for(j=0;j<k;j++)`FunctionDecl,false;WhileStmt,false;ForStmt,false;ForStmt,false;`1`0`2`0`0`0`1`0`0`0`0`0`4`0`3`4`1`1`0`0`1`0`0`0`1`0`4`0`4`0`0`0`2`1`0`3`0`0
            if(dp[i][j]>m)`FunctionDecl,false;WhileStmt,false;ForStmt,false;ForStmt,false;IfStmt,false;`1`0`2`0`0`0`1`0`1`0`0`0`5`0`4`4`0`0`0`1`0`0`0`0`0`0`4`0`4`0`0`0`1`0`0`1`2`0
            m=dp[i][j];`FunctionDecl,false;WhileStmt,false;ForStmt,false;ForStmt,false;IfStmt,false;`1`0`2`0`0`0`1`0`1`0`0`0`5`0`4`4`0`0`0`0`0`0`0`0`0`0`4`0`4`0`0`0`1`0`0`1`2`0
        printf("%d\n",m);`FunctionDecl,false;WhileStmt,false;`1`0`0`0`0`0`1`0`0`0`0`0`2`0`1`1`1`0`1`0`0`0`0`0`0`0`2`0`2`0`0`1`0`0`0`0`0`0
    return 0;`FunctionDecl,false;`1`0`0`0`0`0`0`0`0`0`0`0`1`0`0`0`0`0`0`0`0`0`0`0`0`0`0`0`0`0`0`0`0`0`0`0`0`0
