code`block`FunctionDecl`FunctionDeclRec`ForStmt`ForStmtRec`DoStmt`DoStmtRec`WhileStmt`WhileStmtRec`IfStmt`IfStmtRec`SwitchStmt`SwitchStmtRec`countBlocks`countBlocksRec`countCondition`countVariable`countLiteral`IntegerLiteral`StringLiteral`IfStmt`ForStmt`WhileStmt`DoStmt`SwitchStmt`countLoop`VarDecl`DeclRefExpr`DeclStmt`countDecl`countPointer`writeFunction`CallExpr`BinaryOperator`UnaryOperator`CompoundAssignOperator`countOperand`ArraySubscriptE`RealFaultLocation
	using namespace std;`FunctionDecl,false;`1`0`0`0`0`0`0`0`0`0`0`0`1`0`0`0`0`0`0`0`0`0`0`0`0`0`0`1`1`0`0`0`0`0`0`0`0`1
	char a[100]={};`FunctionDecl,false;`1`0`0`0`0`0`0`0`0`0`0`0`1`0`0`0`0`0`0`0`0`0`0`0`0`1`0`1`2`0`0`0`0`0`0`0`0`1
	int i,j,k,l,len,m,max=0;`FunctionDecl,false;`1`0`0`0`0`0`0`0`0`0`0`0`1`0`0`0`1`1`0`0`0`0`0`0`0`7`0`1`8`0`0`0`0`0`0`0`0`0
	cin>>a;`FunctionDecl,false;`1`0`0`0`0`0`0`0`0`0`0`0`1`0`0`2`0`0`0`0`0`0`0`0`0`0`3`0`3`0`0`0`0`0`0`0`0`0
	len=strlen(a);`FunctionDecl,false;`1`0`0`0`0`0`0`0`0`0`0`0`1`0`0`2`0`0`0`0`0`0`0`0`0`0`3`0`3`0`0`1`1`0`0`1`0`1
	for(i=0;i<len;i++)`FunctionDecl,false;ForStmt,false;`1`0`1`0`0`0`0`0`0`0`0`0`2`0`1`4`1`1`0`0`1`0`0`0`1`0`4`0`4`0`0`0`2`1`0`3`0`1
	for(j=i+1,k=i,l=j;j<len;j++){`FunctionDecl,false;ForStmt,false;ForStmt,false;`1`0`2`0`0`0`0`0`0`0`0`0`3`0`2`9`1`1`0`0`1`0`0`0`1`0`9`0`9`0`0`0`7`1`0`8`0`0
	if(a[i]==a[j]&&a[++i]==a[++j]){`FunctionDecl,false;ForStmt,false;ForStmt,false;IfStmt,false;`1`0`2`0`0`0`0`0`1`0`0`0`4`0`5`8`0`0`0`1`0`0`0`0`0`0`8`0`8`0`0`0`3`2`0`5`4`0
		m=2;`FunctionDecl,false;ForStmt,false;ForStmt,false;IfStmt,false;`1`0`2`0`0`0`0`0`1`0`0`0`4`0`5`1`1`1`0`0`0`0`0`0`0`0`1`0`1`0`0`0`1`0`0`1`0`0
		while(a[++i]==a[++j]){`FunctionDecl,false;ForStmt,false;ForStmt,false;IfStmt,false;WhileStmt,false;`1`0`2`0`0`0`1`0`1`0`0`0`5`0`6`4`0`0`0`0`0`1`0`0`1`0`4`0`4`0`0`0`1`2`0`3`2`0
			m++;`FunctionDecl,false;ForStmt,false;ForStmt,false;IfStmt,false;WhileStmt,false;`1`0`2`0`0`0`1`0`1`0`0`0`5`0`6`1`0`0`0`0`0`0`0`0`0`0`1`0`1`0`0`0`0`1`0`1`0`0
		while(a[--k]==a[--l]){`FunctionDecl,false;ForStmt,false;ForStmt,false;IfStmt,false;WhileStmt,false;`1`0`2`0`0`0`1`0`1`0`0`0`5`0`6`4`0`0`0`0`0`1`0`0`1`0`4`0`4`0`0`0`1`2`0`3`2`0
			m++;`FunctionDecl,false;ForStmt,false;ForStmt,false;IfStmt,false;WhileStmt,false;`1`0`2`0`0`0`1`0`1`0`0`0`5`0`6`1`0`0`0`0`0`0`0`0`0`0`1`0`1`0`0`0`0`1`0`1`0`0
		m>max?max=m:1;`FunctionDecl,false;ForStmt,false;ForStmt,false;IfStmt,false;`1`0`2`0`0`0`0`0`1`0`0`0`4`0`5`4`1`1`0`0`0`0`0`0`0`0`4`0`4`0`0`0`2`0`0`2`0`0
	cout<<max<<endl;`FunctionDecl,false;`1`0`0`0`0`0`0`0`0`0`0`0`1`0`0`2`0`0`0`0`0`0`0`0`0`0`5`0`5`0`0`0`0`0`0`0`0`0
	return 0;`FunctionDecl,false;`1`0`0`0`0`0`0`0`0`0`0`0`1`0`0`0`0`0`0`0`0`0`0`0`0`0`0`0`0`0`0`0`0`0`0`0`0`0
