code`block`FunctionDecl`FunctionDeclRec`ForStmt`ForStmtRec`DoStmt`DoStmtRec`WhileStmt`WhileStmtRec`IfStmt`IfStmtRec`SwitchStmt`SwitchStmtRec`countBlocks`countBlocksRec`countCondition`countVariable`countLiteral`IntegerLiteral`StringLiteral`IfStmt`ForStmt`WhileStmt`DoStmt`SwitchStmt`countLoop`VarDecl`DeclRefExpr`DeclStmt`countDecl`countPointer`writeFunction`CallExpr`BinaryOperator`UnaryOperator`CompoundAssignOperator`countOperand`ArraySubscriptE`RealFaultLocation
	char a[101];`FunctionDecl,false;`1`0`0`0`0`0`0`0`0`0`0`0`1`0`0`0`0`0`0`0`0`0`0`0`0`1`0`1`2`0`0`0`0`0`0`0`0`1
	int i,j,k,m,n=0;`FunctionDecl,false;`1`0`0`0`0`0`0`0`0`0`0`0`1`0`0`0`1`1`0`0`0`0`0`0`0`5`0`1`6`0`0`0`0`0`0`0`0`0
	scanf("%s",a);`FunctionDecl,false;`1`0`0`0`0`0`0`0`0`0`0`0`1`0`0`1`1`0`1`0`0`0`0`0`0`0`2`0`2`0`0`1`0`0`0`0`0`0
	for(i=0;a[i]!='\0';i++);`FunctionDecl,false;ForStmt,false;`1`0`1`0`0`0`0`0`0`0`0`0`2`0`1`4`2`1`0`0`1`0`0`0`1`0`4`0`4`0`0`0`2`1`0`3`1`0
	for(j=0;j<i;j++) `FunctionDecl,false;ForStmt,false;`1`0`1`0`0`0`0`0`0`0`0`0`2`0`1`4`1`1`0`0`1`0`0`0`1`0`4`0`4`0`0`0`2`1`0`3`0`0
		for(k=j+1;k<i;k++) `FunctionDecl,false;ForStmt,false;ForStmt,false;`1`0`2`0`0`0`0`0`0`0`0`0`3`0`2`5`1`1`0`0`1`0`0`0`1`0`5`0`5`0`0`0`3`1`0`4`0`0
			if(a[j]==a[k]) {`FunctionDecl,false;ForStmt,false;ForStmt,false;IfStmt,false;`1`0`2`0`0`0`0`0`1`0`0`0`4`0`3`4`0`0`0`1`0`0`0`0`0`0`4`0`4`0`0`0`1`0`0`1`2`0
				for(m=1;(a[++j]==a[++k])&&(k<i);m++);`FunctionDecl,false;ForStmt,false;ForStmt,false;IfStmt,false;ForStmt,false;`1`0`3`0`0`0`0`0`1`0`0`0`5`0`8`8`1`1`0`0`1`0`0`0`1`0`8`0`8`0`0`0`4`3`0`7`2`0
				if(m>n)`FunctionDecl,false;ForStmt,false;ForStmt,false;IfStmt,false;IfStmt,false;`1`0`2`0`0`0`0`0`2`0`0`0`5`0`4`2`0`0`0`1`0`0`0`0`0`0`2`0`2`0`0`0`1`0`0`1`0`0
					n=m;`FunctionDecl,false;ForStmt,false;ForStmt,false;IfStmt,false;IfStmt,false;`1`0`2`0`0`0`0`0`2`0`0`0`5`0`4`2`0`0`0`0`0`0`0`0`0`0`2`0`2`0`0`0`1`0`0`1`0`0
	printf("%d\n",n);`FunctionDecl,false;`1`0`0`0`0`0`0`0`0`0`0`0`1`0`0`1`1`0`1`0`0`0`0`0`0`0`2`0`2`0`0`1`0`0`0`0`0`0
	return 0;`FunctionDecl,false;`1`0`0`0`0`0`0`0`0`0`0`0`1`0`0`0`0`0`0`0`0`0`0`0`0`0`0`0`0`0`0`0`0`0`0`0`0`0
