code`block`FunctionDecl`FunctionDeclRec`ForStmt`ForStmtRec`DoStmt`DoStmtRec`WhileStmt`WhileStmtRec`IfStmt`IfStmtRec`SwitchStmt`SwitchStmtRec`countBlocks`countBlocksRec`countCondition`countVariable`countLiteral`IntegerLiteral`StringLiteral`IfStmt`ForStmt`WhileStmt`DoStmt`SwitchStmt`countLoop`VarDecl`DeclRefExpr`DeclStmt`countDecl`countPointer`writeFunction`CallExpr`BinaryOperator`UnaryOperator`CompoundAssignOperator`countOperand`ArraySubscriptE`RealFaultLocation
int main()`FunctionDecl,false;`1`0`0`0`0`0`0`0`0`0`0`0`1`0`0`0`0`0`0`0`0`0`0`0`0`0`0`0`0`0`0`0`0`0`0`0`0`1
    int a[3];`FunctionDecl,false;`1`0`0`0`0`0`0`0`0`0`0`0`1`0`0`0`0`0`0`0`0`0`0`0`0`1`0`1`2`0`0`0`0`0`0`0`0`1
    cin>>a[0]>>a[1]>>a[2];`FunctionDecl,false;`1`0`0`0`0`0`0`0`0`0`0`0`1`0`0`4`3`3`0`0`0`0`0`0`0`0`7`0`7`0`0`0`0`0`0`0`3`0
    sort(a,a+3);`FunctionDecl,false;`1`0`0`0`0`0`0`0`0`0`0`0`1`0`0`2`1`1`0`0`0`0`0`0`0`0`3`0`3`0`0`1`1`0`0`1`0`0
    int x=a[0]*a[1]*a[2];`FunctionDecl,false;`1`0`0`0`0`0`0`0`0`0`0`0`1`0`0`3`3`3`0`0`0`0`0`0`0`1`3`1`5`0`0`0`2`0`0`2`3`0
    int x1=(a[2]-2)*(a[1]-1) + (a[1]-1)*(a[0]-1);`FunctionDecl,false;`1`0`0`0`0`0`0`0`0`0`0`0`1`0`0`4`8`8`0`0`0`0`0`0`0`1`4`1`6`0`0`0`7`0`0`7`4`0
    cout<<(a[0]+a[1]+a[2])*2-6+x1<<endl;`FunctionDecl,false;`1`0`0`0`0`0`0`0`0`0`0`0`1`0`0`5`5`5`0`0`0`0`0`0`0`0`8`0`8`0`0`0`5`0`0`5`3`0
    return 0;`FunctionDecl,false;`1`0`0`0`0`0`0`0`0`0`0`0`1`0`0`0`0`0`0`0`0`0`0`0`0`0`0`0`0`0`0`0`0`0`0`0`0`0
