code`block`FunctionDecl`FunctionDeclRec`ForStmt`ForStmtRec`DoStmt`DoStmtRec`WhileStmt`WhileStmtRec`IfStmt`IfStmtRec`SwitchStmt`SwitchStmtRec`countBlocks`countBlocksRec`countCondition`countVariable`countLiteral`IntegerLiteral`StringLiteral`IfStmt`ForStmt`WhileStmt`DoStmt`SwitchStmt`countLoop`VarDecl`DeclRefExpr`DeclStmt`countDecl`countPointer`writeFunction`CallExpr`BinaryOperator`UnaryOperator`CompoundAssignOperator`countOperand`ArraySubscriptE`RealFaultLocation
void mx(int o,int c,string &r){`FunctionDecl,false;`1`0`0`0`0`0`0`0`0`0`0`0`1`0`0`0`0`0`0`0`0`0`0`0`0`0`0`0`0`0`0`0`0`0`0`0`0`1
    if(besto>=o)`FunctionDecl,false;IfStmt,false;`1`0`0`0`0`0`0`0`1`0`0`0`2`0`1`2`0`0`0`1`0`0`0`0`0`0`2`0`2`0`0`0`1`0`0`1`0`0
        return;`FunctionDecl,false;IfStmt,false;`1`0`0`0`0`0`0`0`1`0`0`0`2`0`1`0`0`0`0`0`0`0`0`0`0`0`0`0`0`0`0`0`0`0`0`0`0`0
    besto=o;`FunctionDecl,false;`1`0`0`0`0`0`0`0`0`0`0`0`1`0`0`2`0`0`0`0`0`0`0`0`0`0`2`0`2`0`0`0`1`0`0`1`0`0
    o*=2;`FunctionDecl,false;`1`0`0`0`0`0`0`0`0`0`0`0`1`0`0`1`1`1`0`0`0`0`0`0`0`0`1`0`1`0`0`0`0`0`1`1`0`0
    for(int i=(signed)r.size()-1;i>=0;--i){`FunctionDecl,false;ForStmt,false;`1`0`1`0`0`0`0`0`0`0`0`0`2`0`1`3`2`2`0`0`1`0`0`0`1`1`3`1`5`0`0`0`2`1`0`3`0`0
        o-=r[i]==']'||r[i]=='[';`FunctionDecl,false;ForStmt,false;`1`0`1`0`0`0`0`0`0`0`0`0`2`0`1`5`2`0`0`0`0`0`0`0`0`0`7`0`7`0`0`0`3`0`1`4`0`0
        if(!o){`FunctionDecl,false;ForStmt,false;IfStmt,false;`1`0`1`0`0`0`0`0`1`0`0`0`3`0`3`1`0`0`0`1`0`0`0`0`0`0`1`0`1`0`0`0`0`1`0`1`0`0
            best=r.substr(i);`FunctionDecl,false;ForStmt,false;IfStmt,false;`1`0`1`0`0`0`0`0`1`0`0`0`3`0`3`3`0`0`0`0`0`0`0`0`0`0`4`0`4`0`0`0`0`0`0`0`0`0
            return;`FunctionDecl,false;ForStmt,false;IfStmt,false;`1`0`1`0`0`0`0`0`1`0`0`0`3`0`3`0`0`0`0`0`0`0`0`0`0`0`0`0`0`0`0`0`0`0`0`0`0`0
int main()`FunctionDecl,false;`1`0`0`0`0`0`0`0`0`0`0`0`1`0`0`0`0`0`0`0`0`0`0`0`0`0`0`0`0`0`0`0`0`0`0`0`0`0
    cin>>str;`FunctionDecl,false;`1`0`0`0`0`0`0`0`0`0`0`0`1`0`0`2`0`0`0`0`0`0`0`0`0`0`3`0`3`0`0`0`0`0`0`0`0`0
    best.reserve(100001);str.reserve(100001);r.reserve(100001);`FunctionDecl,false;`1`0`0`0`0`0`0`0`0`0`0`0`1`0`0`3`3`3`0`0`0`0`0`0`0`0`3`0`3`0`0`0`0`0`0`0`0`0
    for(int i=0;i<str.size();++i){`FunctionDecl,false;ForStmt,false;`1`0`1`0`0`0`0`0`0`0`0`0`2`0`1`3`1`1`0`0`1`0`0`0`1`1`3`1`5`0`0`0`1`1`0`2`0`0
        if(str[i]=='(' || str[i]=='['){`FunctionDecl,false;ForStmt,false;IfStmt,false;`1`0`1`0`0`0`0`0`1`0`0`0`3`0`4`4`2`0`0`1`0`0`0`0`0`0`6`0`6`0`0`0`3`0`0`3`0`0
            s.push(str[i]);`FunctionDecl,false;ForStmt,false;IfStmt,false;`1`0`1`0`0`0`0`0`1`0`0`0`3`0`4`3`0`0`0`0`0`0`0`0`0`0`4`0`4`0`0`0`0`0`0`0`0`0
            r+=str[i];`FunctionDecl,false;ForStmt,false;IfStmt,false;`1`0`1`0`0`0`0`0`1`0`0`0`3`0`4`3`0`0`0`0`0`0`0`0`0`0`5`0`5`0`0`0`0`0`0`0`0`0
            if(s.empty()){`FunctionDecl,false;ForStmt,false;IfStmt,false;IfStmt,false;`1`0`1`0`0`0`0`0`2`0`0`0`4`0`5`1`0`0`0`1`0`0`0`0`0`0`1`0`1`0`0`0`0`0`0`0`0`0
                mx(o,c,r);`FunctionDecl,false;ForStmt,false;IfStmt,false;IfStmt,false;`1`0`1`0`0`0`0`0`2`0`0`0`4`0`5`3`0`0`0`0`0`0`0`0`0`0`4`0`4`0`1`1`0`0`0`0`0`0
                r="";`FunctionDecl,false;ForStmt,false;IfStmt,false;IfStmt,false;`1`0`1`0`0`0`0`0`2`0`0`0`4`0`5`1`1`0`1`0`0`0`0`0`0`0`2`0`2`0`0`0`0`0`0`0`0`0
                o=c=0;`FunctionDecl,false;ForStmt,false;IfStmt,false;IfStmt,false;`1`0`1`0`0`0`0`0`2`0`0`0`4`0`5`2`1`1`0`0`0`0`0`0`0`0`2`0`2`0`0`0`2`0`0`2`0`0
                continue;`FunctionDecl,false;ForStmt,false;IfStmt,false;IfStmt,false;`1`0`1`0`0`0`0`0`2`0`0`0`4`0`5`0`0`0`0`0`0`0`0`0`0`0`0`0`0`0`0`0`0`0`0`0`0`0
            if(s.top()=='(' && str[i]==')'){`FunctionDecl,false;ForStmt,false;IfStmt,false;IfStmt,false;`1`0`1`0`0`0`0`0`2`0`0`0`4`0`7`3`2`0`0`1`0`0`0`0`0`0`4`0`4`0`0`0`3`0`0`3`0`0
                r+=str[i];`FunctionDecl,false;ForStmt,false;IfStmt,false;IfStmt,false;`1`0`1`0`0`0`0`0`2`0`0`0`4`0`7`3`0`0`0`0`0`0`0`0`0`0`5`0`5`0`0`0`0`0`0`0`0`0
                s.pop();`FunctionDecl,false;ForStmt,false;IfStmt,false;IfStmt,false;`1`0`1`0`0`0`0`0`2`0`0`0`4`0`7`1`0`0`0`0`0`0`0`0`0`0`1`0`1`0`0`0`0`0`0`0`0`0
                ++c;`FunctionDecl,false;ForStmt,false;IfStmt,false;IfStmt,false;`1`0`1`0`0`0`0`0`2`0`0`0`4`0`7`1`0`0`0`0`0`0`0`0`0`0`1`0`1`0`0`0`0`1`0`1`0`0
            }else if(s.top()=='[' && str[i]==']'){`FunctionDecl,false;ForStmt,false;IfStmt,false;IfStmt,false;IfStmt,false;`1`0`1`0`0`0`0`0`3`0`0`0`5`0`10`3`2`0`0`1`0`0`0`0`0`0`4`0`4`0`0`0`3`0`0`3`0`0
                r+=str[i];`FunctionDecl,false;ForStmt,false;IfStmt,false;IfStmt,false;IfStmt,false;`1`0`1`0`0`0`0`0`3`0`0`0`5`0`10`3`0`0`0`0`0`0`0`0`0`0`5`0`5`0`0`0`0`0`0`0`0`0
                ++c;`FunctionDecl,false;ForStmt,false;IfStmt,false;IfStmt,false;IfStmt,false;`1`0`1`0`0`0`0`0`3`0`0`0`5`0`10`1`0`0`0`0`0`0`0`0`0`0`1`0`1`0`0`0`0`1`0`1`0`0
                ++o;`FunctionDecl,false;ForStmt,false;IfStmt,false;IfStmt,false;IfStmt,false;`1`0`1`0`0`0`0`0`3`0`0`0`5`0`10`1`0`0`0`0`0`0`0`0`0`0`1`0`1`0`0`0`0`1`0`1`0`0
                s.pop();`FunctionDecl,false;ForStmt,false;IfStmt,false;IfStmt,false;IfStmt,false;`1`0`1`0`0`0`0`0`3`0`0`0`5`0`10`1`0`0`0`0`0`0`0`0`0`0`1`0`1`0`0`0`0`0`0`0`0`0
                mx(o,c,r);`FunctionDecl,false;ForStmt,false;IfStmt,false;IfStmt,false;IfStmt,false;`1`0`1`0`0`0`0`0`3`0`0`0`5`0`10`3`0`0`0`0`0`0`0`0`0`0`4`0`4`0`1`1`0`0`0`0`0`0
                o=c=0;`FunctionDecl,false;ForStmt,false;IfStmt,false;IfStmt,false;IfStmt,false;`1`0`1`0`0`0`0`0`3`0`0`0`5`0`10`2`1`1`0`0`0`0`0`0`0`0`2`0`2`0`0`0`2`0`0`2`0`0
                r="";`FunctionDecl,false;ForStmt,false;IfStmt,false;IfStmt,false;IfStmt,false;`1`0`1`0`0`0`0`0`3`0`0`0`5`0`10`1`1`0`1`0`0`0`0`0`0`0`2`0`2`0`0`0`0`0`0`0`0`0
                while(!s.empty())`FunctionDecl,false;ForStmt,false;IfStmt,false;IfStmt,false;IfStmt,false;WhileStmt,false;`1`0`1`0`0`0`1`0`3`0`0`0`6`0`12`1`0`0`0`0`0`1`0`0`1`0`1`0`1`0`0`0`0`1`0`1`0`0
                    s.pop();`FunctionDecl,false;ForStmt,false;IfStmt,false;IfStmt,false;IfStmt,false;WhileStmt,false;`1`0`1`0`0`0`1`0`3`0`0`0`6`0`12`1`0`0`0`0`0`0`0`0`0`0`1`0`1`0`0`0`0`0`0`0`0`0
    cout<<besto<<endl;`FunctionDecl,false;`1`0`0`0`0`0`0`0`0`0`0`0`1`0`0`2`0`0`0`0`0`0`0`0`0`0`5`0`5`0`0`0`0`0`0`0`0`0
    cout<<best<<endl;`FunctionDecl,false;`1`0`0`0`0`0`0`0`0`0`0`0`1`0`0`2`0`0`0`0`0`0`0`0`0`0`5`0`5`0`0`0`0`0`0`0`0`0
    return 0;`FunctionDecl,false;`1`0`0`0`0`0`0`0`0`0`0`0`1`0`0`0`0`0`0`0`0`0`0`0`0`0`0`0`0`0`0`0`0`0`0`0`0`0
