code`block`FunctionDecl`FunctionDeclRec`ForStmt`ForStmtRec`DoStmt`DoStmtRec`WhileStmt`WhileStmtRec`IfStmt`IfStmtRec`SwitchStmt`SwitchStmtRec`countBlocks`countBlocksRec`countCondition`countVariable`countLiteral`IntegerLiteral`StringLiteral`IfStmt`ForStmt`WhileStmt`DoStmt`SwitchStmt`countLoop`VarDecl`DeclRefExpr`DeclStmt`countDecl`countPointer`writeFunction`CallExpr`BinaryOperator`UnaryOperator`CompoundAssignOperator`countOperand`ArraySubscriptE`RealFaultLocation
int main (){`FunctionDecl,false;`1`0`0`0`0`0`0`0`0`0`0`0`1`0`0`0`0`0`0`0`0`0`0`0`0`0`0`0`0`0`0`0`0`0`0`0`0`0
    int n , m ;`FunctionDecl,false;`1`0`0`0`0`0`0`0`0`0`0`0`1`0`0`0`0`0`0`0`0`0`0`0`0`2`0`1`3`0`0`0`0`0`0`0`0`0
    cin >> n >> m ;`FunctionDecl,false;`1`0`0`0`0`0`0`0`0`0`0`0`1`0`0`3`0`0`0`0`0`0`0`0`0`0`5`0`5`0`0`0`0`0`0`0`0`0
    vector<int> seats (m) ;`FunctionDecl,false;`1`0`0`0`0`0`0`0`0`0`0`0`1`0`0`1`0`0`0`0`0`0`0`0`0`1`1`1`3`0`0`0`0`0`0`0`0`0
    vector<int> seats1 (m) ;`FunctionDecl,false;`1`0`0`0`0`0`0`0`0`0`0`0`1`0`0`1`0`0`0`0`0`0`0`0`0`1`1`1`3`0`0`0`0`0`0`0`0`0
    for ( int i=0 ; i<m ; i++ ){`FunctionDecl,false;ForStmt,false;`1`0`1`0`0`0`0`0`0`0`0`0`2`0`1`3`1`1`0`0`1`0`0`0`1`1`3`1`5`0`0`0`1`1`0`2`0`0
        cin >> seats[i] ;`FunctionDecl,false;ForStmt,false;`1`0`1`0`0`0`0`0`0`0`0`0`2`0`1`3`0`0`0`0`0`0`0`0`0`0`5`0`5`0`0`0`0`0`0`0`0`0
        seats1[i] = seats[i] ;`FunctionDecl,false;ForStmt,false;`1`0`1`0`0`0`0`0`0`0`0`0`2`0`1`4`0`0`0`0`0`0`0`0`0`0`6`0`6`0`0`0`1`0`0`1`0`0
    int mini = 0 ;`FunctionDecl,false;`1`0`0`0`0`0`0`0`0`0`0`0`1`0`0`0`1`1`0`0`0`0`0`0`0`1`0`1`2`0`0`0`0`0`0`0`0`1
    int maxii = 0 ;`FunctionDecl,false;`1`0`0`0`0`0`0`0`0`0`0`0`1`0`0`0`1`1`0`0`0`0`0`0`0`1`0`1`2`0`0`0`0`0`0`0`0`1
    for ( int i=0 , j=0 ; j<n ; j++ ){`FunctionDecl,false;ForStmt,false;`1`0`1`0`0`0`0`0`0`0`0`0`2`0`1`3`2`2`0`0`1`0`0`0`1`2`3`1`6`0`0`0`1`1`0`2`0`0
        if ( j%seats.size() == 0 ) i = 0 ;`FunctionDecl,false;ForStmt,false;IfStmt,false;`1`0`1`0`0`0`0`0`1`0`0`0`3`0`2`3`2`2`0`1`0`0`0`0`0`0`3`0`3`0`0`0`3`0`0`3`0`1
        if ( seats[i] != 0 ){`FunctionDecl,false;ForStmt,false;IfStmt,false;`1`0`1`0`0`0`0`0`1`0`0`0`3`0`2`2`1`1`0`1`0`0`0`0`0`0`3`0`3`0`0`0`1`0`0`1`0`0
            maxii += seats[i] ;`FunctionDecl,false;ForStmt,false;IfStmt,false;`1`0`1`0`0`0`0`0`1`0`0`0`3`0`2`3`0`0`0`0`0`0`0`0`0`0`4`0`4`0`0`0`0`0`1`1`0`0
            seats[i] -- ;`FunctionDecl,false;ForStmt,false;IfStmt,false;`1`0`1`0`0`0`0`0`1`0`0`0`3`0`2`2`0`0`0`0`0`0`0`0`0`0`3`0`3`0`0`0`0`1`0`1`0`0
            i ++ ;`FunctionDecl,false;ForStmt,false;IfStmt,false;`1`0`1`0`0`0`0`0`1`0`0`0`3`0`2`1`0`0`0`0`0`0`0`0`0`0`1`0`1`0`0`0`0`1`0`1`0`0
            j -- ;`FunctionDecl,false;ForStmt,false;IfStmt,false;`1`0`1`0`0`0`0`0`1`0`0`0`3`0`2`1`0`0`0`0`0`0`0`0`0`0`1`0`1`0`0`0`0`1`0`1`0`0
            seats.erase( seats.begin()+i ) ;`FunctionDecl,false;ForStmt,false;IfStmt,false;`1`0`1`0`0`0`0`0`1`0`0`0`3`0`2`3`0`0`0`0`0`0`0`0`0`0`4`0`4`0`0`0`0`0`0`0`0`0
    for ( int i=0 , j=0 ;j<n ; j++ ){`FunctionDecl,false;ForStmt,false;`1`0`1`0`0`0`0`0`0`0`0`0`2`0`1`3`2`2`0`0`1`0`0`0`1`2`3`1`6`0`0`0`1`1`0`2`0`0
        mini += seats1[i] ;`FunctionDecl,false;ForStmt,false;`1`0`1`0`0`0`0`0`0`0`0`0`2`0`1`3`0`0`0`0`0`0`0`0`0`0`4`0`4`0`0`0`0`0`1`1`0`0
        seats1[i] -- ;`FunctionDecl,false;ForStmt,false;`1`0`1`0`0`0`0`0`0`0`0`0`2`0`1`2`0`0`0`0`0`0`0`0`0`0`3`0`3`0`0`0`0`1`0`1`0`0
        if ( seats1[i] == 0 ) i++ ;`FunctionDecl,false;ForStmt,false;IfStmt,false;`1`0`1`0`0`0`0`0`1`0`0`0`3`0`2`3`1`1`0`1`0`0`0`0`0`0`4`0`4`0`0`0`1`1`0`2`0`0
    cout << maxii << " " << mini << endl ;`FunctionDecl,false;`1`0`0`0`0`0`0`0`0`0`0`0`1`0`0`3`1`0`1`0`0`0`0`0`0`0`8`0`8`0`0`0`0`0`0`0`0`0
return 0 ;`FunctionDecl,false;`1`0`0`0`0`0`0`0`0`0`0`0`1`0`0`0`0`0`0`0`0`0`0`0`0`0`0`0`0`0`0`0`0`0`0`0`0`0
