code`block`FunctionDecl`FunctionDeclRec`ForStmt`ForStmtRec`DoStmt`DoStmtRec`WhileStmt`WhileStmtRec`IfStmt`IfStmtRec`SwitchStmt`SwitchStmtRec`countBlocks`countBlocksRec`countCondition`countVariable`countLiteral`IntegerLiteral`StringLiteral`IfStmt`ForStmt`WhileStmt`DoStmt`SwitchStmt`countLoop`VarDecl`DeclRefExpr`DeclStmt`countDecl`countPointer`writeFunction`CallExpr`BinaryOperator`UnaryOperator`CompoundAssignOperator`countOperand`ArraySubscriptE`RealFaultLocation
int main(){`FunctionDecl,false;`1`0`0`0`0`0`0`0`0`0`0`0`1`0`0`0`0`0`0`0`0`0`0`0`0`0`0`0`0`0`0`0`0`0`0`0`0`1
	scanf("%d %d %d",&a,&b,&c);`FunctionDecl,false;`1`0`0`0`0`0`0`0`0`0`0`0`1`0`0`3`1`0`1`0`0`0`0`0`0`0`4`0`4`3`0`1`0`3`0`3`0`0
	printf("%d\n",b*c + (a-1)*b + (a-1)*c - 1);`FunctionDecl,false;`1`0`0`0`0`0`0`0`0`0`0`0`1`0`0`6`4`3`1`0`0`0`0`0`0`0`7`0`7`0`0`1`8`0`0`8`0`1
	return 0;`FunctionDecl,false;`1`0`0`0`0`0`0`0`0`0`0`0`1`0`0`0`0`0`0`0`0`0`0`0`0`0`0`0`0`0`0`0`0`0`0`0`0`0
