code`block`FunctionDecl`FunctionDeclRec`ForStmt`ForStmtRec`DoStmt`DoStmtRec`WhileStmt`WhileStmtRec`IfStmt`IfStmtRec`SwitchStmt`SwitchStmtRec`countBlocks`countBlocksRec`countCondition`countVariable`countLiteral`IntegerLiteral`StringLiteral`IfStmt`ForStmt`WhileStmt`DoStmt`SwitchStmt`countLoop`VarDecl`DeclRefExpr`DeclStmt`countDecl`countPointer`writeFunction`CallExpr`BinaryOperator`UnaryOperator`CompoundAssignOperator`countOperand`ArraySubscriptE`RealFaultLocation
int main(){`FunctionDecl,false;`1`0`0`0`0`0`0`0`0`0`0`0`1`0`0`0`0`0`0`0`0`0`0`0`0`0`0`0`0`0`0`0`0`0`0`0`0`0
    int n,m;`FunctionDecl,false;`1`0`0`0`0`0`0`0`0`0`0`0`1`0`0`0`0`0`0`0`0`0`0`0`0`2`0`1`3`0`0`0`0`0`0`0`0`0
    cin>>n>>m;`FunctionDecl,false;`1`0`0`0`0`0`0`0`0`0`0`0`1`0`0`3`0`0`0`0`0`0`0`0`0`0`5`0`5`0`0`0`0`0`0`0`0`0
    int a[1002],b[1002];`FunctionDecl,false;`1`0`0`0`0`0`0`0`0`0`0`0`1`0`0`0`0`0`0`0`0`0`0`0`0`2`0`1`3`0`0`0`0`0`0`0`0`0
    for(int i=0;i<m;i++){ cin>>a[i];b[i]=a[i];}`FunctionDecl,false;ForStmt,false;`1`0`1`0`0`0`0`0`0`0`0`0`2`0`1`10`1`1`0`0`1`0`0`0`1`1`11`1`13`0`0`0`2`1`0`3`3`0
    sort(a,a+m);sort(b,b+m);`FunctionDecl,false;`1`0`0`0`0`0`0`0`0`0`0`0`1`0`0`6`0`0`0`0`0`0`0`0`0`0`8`0`8`0`0`2`2`0`0`2`0`0
    int max=0,min=0,ctr=0;`FunctionDecl,false;`1`0`0`0`0`0`0`0`0`0`0`0`1`0`0`0`3`3`0`0`0`0`0`0`0`3`0`1`4`0`0`0`0`0`0`0`0`1
    while(ctr<n){`FunctionDecl,false;WhileStmt,false;`1`0`0`0`0`0`1`0`0`0`0`0`2`0`1`2`0`0`0`0`0`1`0`0`1`0`2`0`2`0`0`0`1`0`0`1`0`0
    for(int i=m-1;i>=0&&ctr<n;i--){`FunctionDecl,false;WhileStmt,false;ForStmt,false;`1`0`1`0`0`0`1`0`0`0`0`0`3`0`4`5`2`2`0`0`1`0`0`0`1`1`5`1`7`0`0`0`4`1`0`5`0`0
        while(a[i]>=(i>0?a[i-1]:1)&&ctr<n){`FunctionDecl,false;WhileStmt,false;ForStmt,false;WhileStmt,false;`1`0`1`0`0`0`2`0`0`0`0`0`4`0`8`7`3`3`0`0`0`1`0`0`1`0`7`0`7`0`0`0`5`0`0`5`2`0
            max+=a[i];a[i]--;ctr++;`FunctionDecl,false;WhileStmt,false;ForStmt,false;WhileStmt,false;`1`0`1`0`0`0`2`0`0`0`0`0`4`0`8`6`0`0`0`0`0`0`0`0`0`0`6`0`6`0`0`0`0`2`1`3`2`0
    }}ctr=0;`FunctionDecl,false;WhileStmt,false;ForStmt,false;`1`0`1`0`0`0`1`0`0`0`0`0`3`0`4`1`1`1`0`0`0`0`0`0`0`0`1`0`1`0`0`0`1`0`0`1`0`0
    for(int i=0;i<n&&ctr<n;i++){`FunctionDecl,false;ForStmt,false;`1`0`1`0`0`0`0`0`0`0`0`0`2`0`3`5`1`1`0`0`1`0`0`0`1`1`5`1`7`0`0`0`3`1`0`4`0`0
        while(b[i]!=0&&ctr<n){`FunctionDecl,false;ForStmt,false;WhileStmt,false;`1`0`1`0`0`0`1`0`0`0`0`0`3`0`6`4`1`1`0`0`0`1`0`0`1`0`4`0`4`0`0`0`3`0`0`3`1`0
            min+=b[i];b[i]--;ctr++;`FunctionDecl,false;ForStmt,false;WhileStmt,false;`1`0`1`0`0`0`1`0`0`0`0`0`3`0`6`6`0`0`0`0`0`0`0`0`0`0`6`0`6`0`0`0`0`2`1`3`2`0
    cout<<max<<" "<<min;`FunctionDecl,false;`1`0`0`0`0`0`0`0`0`0`0`0`1`0`0`3`1`0`1`0`0`0`0`0`0`0`6`0`6`0`0`0`0`0`0`0`0`0
    return 0;`FunctionDecl,false;`1`0`0`0`0`0`0`0`0`0`0`0`1`0`0`0`0`0`0`0`0`0`0`0`0`0`0`0`0`0`0`0`0`0`0`0`0`0
