code`block`FunctionDecl`FunctionDeclRec`ForStmt`ForStmtRec`DoStmt`DoStmtRec`WhileStmt`WhileStmtRec`IfStmt`IfStmtRec`SwitchStmt`SwitchStmtRec`countBlocks`countBlocksRec`countCondition`countVariable`countLiteral`IntegerLiteral`StringLiteral`IfStmt`ForStmt`WhileStmt`DoStmt`SwitchStmt`countLoop`VarDecl`DeclRefExpr`DeclStmt`countDecl`countPointer`writeFunction`CallExpr`BinaryOperator`UnaryOperator`CompoundAssignOperator`countOperand`ArraySubscriptE`RealFaultLocation
int main()`FunctionDecl,false;`1`0`0`0`0`0`0`0`0`0`0`0`1`0`0`0`0`0`0`0`0`0`0`0`0`0`0`0`0`0`0`0`0`0`0`0`0`1
    for(scanf("%d",&test);test;test--) {`FunctionDecl,false;ForStmt,false;`1`0`1`0`0`0`0`0`0`0`0`0`2`0`1`3`1`0`1`0`1`0`0`0`1`0`4`0`4`1`0`1`0`2`0`2`0`0
        scanf("%lf%lf",&a,&b);`FunctionDecl,false;ForStmt,false;`1`0`1`0`0`0`0`0`0`0`0`0`2`0`1`2`1`0`1`0`0`0`0`0`0`0`3`0`3`2`0`1`0`2`0`2`0`1
        int x=1;`FunctionDecl,false;ForStmt,false;`1`0`1`0`0`0`0`0`0`0`0`0`2`0`1`0`1`1`0`0`0`0`0`0`0`1`0`1`2`0`0`0`0`0`0`0`0`0
        while (x*10*max(a,b)<=1000000&& max(a,b)!=0) x*=10;`FunctionDecl,false;ForStmt,false;WhileStmt,false;`1`0`1`0`0`0`1`0`0`0`0`0`3`0`4`6`4`4`0`0`0`1`0`0`1`0`8`0`8`0`0`2`5`0`1`6`0`1
        a*=x;b*=x;`FunctionDecl,false;ForStmt,false;`1`0`1`0`0`0`0`0`0`0`0`0`2`0`1`4`0`0`0`0`0`0`0`0`0`0`4`0`4`0`0`0`0`0`2`2`0`0
        bb=min(a/4,b);`FunctionDecl,false;ForStmt,false;`1`0`1`0`0`0`0`0`0`0`0`0`2`0`1`3`1`1`0`0`0`0`0`0`0`0`4`0`4`0`0`1`2`0`0`2`0`1
        l=a-bb*4+1,r=a+1;`FunctionDecl,false;ForStmt,false;`1`0`1`0`0`0`0`0`0`0`0`0`2`0`1`5`3`3`0`0`0`0`0`0`0`0`5`0`5`0`0`0`7`0`0`7`0`0
        res=((((r-l)/4)+1)*(r+l) )/2;`FunctionDecl,false;ForStmt,false;`1`0`1`0`0`0`0`0`0`0`0`0`2`0`1`5`3`3`0`0`0`0`0`0`0`0`5`0`5`0`0`0`7`0`0`7`0`0
        res+=b *(a+1);`FunctionDecl,false;ForStmt,false;`1`0`1`0`0`0`0`0`0`0`0`0`2`0`1`3`1`1`0`0`0`0`0`0`0`0`3`0`3`0`0`0`2`0`1`3`0`0
        printf("%.10lf\n",1.0*res/((2*b+1)*(a+1)));`FunctionDecl,false;ForStmt,false;`1`0`1`0`0`0`0`0`0`0`0`0`2`0`1`3`5`3`1`0`0`0`0`0`0`0`4`0`4`0`0`1`6`0`0`6`0`0
    return 0;`FunctionDecl,false;`1`0`0`0`0`0`0`0`0`0`0`0`1`0`0`0`0`0`0`0`0`0`0`0`0`0`0`0`0`0`0`0`0`0`0`0`0`0
