code`block`FunctionDecl`FunctionDeclRec`ForStmt`ForStmtRec`DoStmt`DoStmtRec`WhileStmt`WhileStmtRec`IfStmt`IfStmtRec`SwitchStmt`SwitchStmtRec`countBlocks`countBlocksRec`countCondition`countVariable`countLiteral`IntegerLiteral`StringLiteral`IfStmt`ForStmt`WhileStmt`DoStmt`SwitchStmt`countLoop`VarDecl`DeclRefExpr`DeclStmt`countDecl`countPointer`writeFunction`CallExpr`BinaryOperator`UnaryOperator`CompoundAssignOperator`countOperand`ArraySubscriptE`RealFaultLocation
void dfs(int index, int cnt){`FunctionDecl,true;`1`1`0`0`0`0`0`0`0`0`0`0`1`1`0`0`0`0`0`0`0`0`0`0`0`0`0`0`0`0`0`0`0`0`0`0`0`0
    if(visited[index]){`FunctionDecl,true;IfStmt,false;`1`1`0`0`0`0`0`0`1`0`0`0`2`1`4`2`0`0`0`1`0`0`0`0`0`0`2`0`2`0`0`0`0`0`0`0`1`0
		for (int i = cnt - 1; i >= 0; -- i){`FunctionDecl,true;IfStmt,false;ForStmt,false;`1`1`1`0`0`0`0`0`1`0`0`0`3`1`5`3`2`2`0`0`1`0`0`0`1`1`3`1`5`0`0`0`2`1`0`3`0`0
			if(path[i] == index){`FunctionDecl,true;IfStmt,false;ForStmt,false;IfStmt,false;`1`1`1`0`0`0`0`0`2`0`0`0`4`1`6`3`0`0`0`1`0`0`0`0`0`0`3`0`3`0`0`0`1`0`0`1`1`0
				if(cnt - i > 2){`FunctionDecl,true;IfStmt,false;ForStmt,false;IfStmt,false;IfStmt,false;`1`1`1`0`0`0`0`0`3`0`0`0`5`1`7`2`1`1`0`1`0`0`0`0`0`0`2`0`2`0`0`0`2`0`0`2`0`0
					is = true;`FunctionDecl,true;IfStmt,false;ForStmt,false;IfStmt,false;IfStmt,false;`1`1`1`0`0`0`0`0`3`0`0`0`5`1`7`1`1`0`0`0`0`0`0`0`0`0`1`0`1`0`0`0`1`0`0`1`0`0
		return;`FunctionDecl,true;IfStmt,false;`1`1`0`0`0`0`0`0`1`0`0`0`2`1`4`0`0`0`0`0`0`0`0`0`0`0`0`0`0`0`0`0`0`0`0`0`0`0
	visited[index] = true;`FunctionDecl,true;`1`1`0`0`0`0`0`0`0`0`0`0`1`1`0`2`1`0`0`0`0`0`0`0`0`0`2`0`2`0`0`0`1`0`0`1`1`0
	path[cnt] = index;`FunctionDecl,true;`1`1`0`0`0`0`0`0`0`0`0`0`1`1`0`3`0`0`0`0`0`0`0`0`0`0`3`0`3`0`0`0`1`0`0`1`1`0
	for (int i = 1; i <= n; ++ i){`FunctionDecl,true;ForStmt,false;`1`1`1`0`0`0`0`0`0`0`0`0`2`1`1`3`1`1`0`0`1`0`0`0`1`1`3`1`5`0`0`0`1`1`0`2`0`0
		if(!arr[index][i])`FunctionDecl,true;ForStmt,false;IfStmt,false;`1`1`1`0`0`0`0`0`1`0`0`0`3`1`8`3`0`0`0`1`0`0`0`0`0`0`3`0`3`0`0`0`0`1`0`1`2`0
			continue;`FunctionDecl,true;ForStmt,false;IfStmt,false;`1`1`1`0`0`0`0`0`1`0`0`0`3`1`8`0`0`0`0`0`0`0`0`0`0`0`0`0`0`0`0`0`0`0`0`0`0`0
		arr[index][i] = arr[i][index] = false;`FunctionDecl,true;ForStmt,false;`1`1`1`0`0`0`0`0`0`0`0`0`2`1`1`6`1`0`0`0`0`0`0`0`0`0`6`0`6`0`0`0`2`0`0`2`4`0
		dfs(i, cnt + 1);`FunctionDecl,true;ForStmt,false;`1`1`1`0`0`0`0`0`0`0`0`0`2`1`1`2`1`1`0`0`0`0`0`0`0`0`3`0`3`0`1`1`1`0`0`1`0`0
		arr[index][i] = arr[i][index] = true;`FunctionDecl,true;ForStmt,false;`1`1`1`0`0`0`0`0`0`0`0`0`2`1`1`6`1`0`0`0`0`0`0`0`0`0`6`0`6`0`0`0`2`0`0`2`4`0
int main()`FunctionDecl,false;`1`0`0`0`0`0`0`0`0`0`0`0`1`0`0`0`0`0`0`0`0`0`0`0`0`0`0`0`0`0`0`0`0`0`0`0`0`0
	memset(arr, false, sizeof(arr));`FunctionDecl,false;`1`0`0`0`0`0`0`0`0`0`0`0`1`0`0`2`1`0`0`0`0`0`0`0`0`0`3`0`3`0`0`1`0`0`0`0`0`0
	memset(visited, false, sizeof(visited));`FunctionDecl,false;`1`0`0`0`0`0`0`0`0`0`0`0`1`0`0`2`1`0`0`0`0`0`0`0`0`0`3`0`3`0`0`1`0`0`0`0`0`0
	cin >> n >> m;`FunctionDecl,false;`1`0`0`0`0`0`0`0`0`0`0`0`1`0`0`3`0`0`0`0`0`0`0`0`0`0`5`0`5`0`0`0`0`0`0`0`0`0
	for (int i = 0; i < m; ++ i){`FunctionDecl,false;ForStmt,false;`1`0`1`0`0`0`0`0`0`0`0`0`2`0`1`3`1`1`0`0`1`0`0`0`1`1`3`1`5`0`0`0`1`1`0`2`0`1
		cin >> a >> b;`FunctionDecl,false;ForStmt,false;`1`0`1`0`0`0`0`0`0`0`0`0`2`0`1`3`0`0`0`0`0`0`0`0`0`0`5`0`5`0`0`0`0`0`0`0`0`0
		arr[a][b] = arr[b][a] = true;`FunctionDecl,false;ForStmt,false;`1`0`1`0`0`0`0`0`0`0`0`0`2`0`1`6`1`0`0`0`0`0`0`0`0`0`6`0`6`0`0`0`2`0`0`2`4`0
	dfs(1, 0);`FunctionDecl,false;`1`0`0`0`0`0`0`0`0`0`0`0`1`0`0`0`2`2`0`0`0`0`0`0`0`0`1`0`1`0`1`1`0`0`0`0`0`0
	for (int i = 1; i <= n; ++ i){`FunctionDecl,false;ForStmt,false;`1`0`1`0`0`0`0`0`0`0`0`0`2`0`1`3`1`1`0`0`1`0`0`0`1`1`3`1`5`0`0`0`1`1`0`2`0`0
		if(!visited[i]){`FunctionDecl,false;ForStmt,false;IfStmt,false;`1`0`1`0`0`0`0`0`1`0`0`0`3`0`6`2`0`0`0`1`0`0`0`0`0`0`2`0`2`0`0`0`0`1`0`1`1`0
			cout << "NO" << endl;`FunctionDecl,false;ForStmt,false;IfStmt,false;`1`0`1`0`0`0`0`0`1`0`0`0`3`0`6`1`1`0`1`0`0`0`0`0`0`0`4`0`4`0`0`0`0`0`0`0`0`0
			return 0;`FunctionDecl,false;ForStmt,false;IfStmt,false;`1`0`1`0`0`0`0`0`1`0`0`0`3`0`6`0`1`1`0`0`0`0`0`0`0`0`0`0`0`0`0`0`0`0`0`0`0`0
	if(is)`FunctionDecl,false;IfStmt,false;`1`0`0`0`0`0`0`0`1`0`0`0`2`0`2`1`0`0`0`1`0`0`0`0`0`0`1`0`1`0`0`0`0`0`0`0`0`0
		cout << "FHTAGN!" << endl;`FunctionDecl,false;IfStmt,false;`1`0`0`0`0`0`0`0`1`0`0`0`2`0`2`1`1`0`1`0`0`0`0`0`0`0`4`0`4`0`0`0`0`0`0`0`0`0
		cout << "NO" << endl;`FunctionDecl,false;IfStmt,false;`1`0`0`0`0`0`0`0`1`0`0`0`2`0`2`1`1`0`1`0`0`0`0`0`0`0`4`0`4`0`0`0`0`0`0`0`0`0
	return 0;`FunctionDecl,false;`1`0`0`0`0`0`0`0`0`0`0`0`1`0`0`0`0`0`0`0`0`0`0`0`0`0`0`0`0`0`0`0`0`0`0`0`0`0
