code`block`FunctionDecl`FunctionDeclRec`ForStmt`ForStmtRec`DoStmt`DoStmtRec`WhileStmt`WhileStmtRec`IfStmt`IfStmtRec`SwitchStmt`SwitchStmtRec`countBlocks`countBlocksRec`countCondition`countVariable`countLiteral`IntegerLiteral`StringLiteral`IfStmt`ForStmt`WhileStmt`DoStmt`SwitchStmt`countLoop`VarDecl`DeclRefExpr`DeclStmt`countDecl`countPointer`writeFunction`CallExpr`BinaryOperator`UnaryOperator`CompoundAssignOperator`countOperand`ArraySubscriptE`RealFaultLocation
int main()`FunctionDecl,false;`1`0`0`0`0`0`0`0`0`0`0`0`1`0`0`0`0`0`0`0`0`0`0`0`0`0`0`0`0`0`0`0`0`0`0`0`0`0
    cin>>n;`FunctionDecl,false;`1`0`0`0`0`0`0`0`0`0`0`0`1`0`0`2`0`0`0`0`0`0`0`0`0`0`3`0`3`0`0`0`0`0`0`0`0`0
    for(i=1;i<=n;i++)`FunctionDecl,false;ForStmt,false;`1`0`1`0`0`0`0`0`0`0`0`0`2`0`1`4`1`1`0`0`1`0`0`0`1`0`4`0`4`0`0`0`2`1`0`3`0`0
        cin>>N[i]>>s;`FunctionDecl,false;ForStmt,false;`1`0`1`0`0`0`0`0`0`0`0`0`2`0`1`4`0`0`0`0`0`0`0`0`0`0`6`0`6`0`0`0`0`0`0`0`1`0
        if(s[0]=='r')R[++r]=i;`FunctionDecl,false;ForStmt,false;IfStmt,false;`1`0`1`0`0`0`0`0`1`0`0`0`3`0`2`4`2`1`0`1`0`0`0`0`0`0`4`0`4`0`0`0`2`1`0`3`2`0
        else if(s[0]=='m')M[++m]=i;`FunctionDecl,false;ForStmt,false;IfStmt,false;IfStmt,false;`1`0`1`0`0`0`0`0`2`0`0`0`4`0`3`4`2`1`0`1`0`0`0`0`0`0`4`0`4`0`0`0`2`1`0`3`2`0
        else if(s[1]=='a')C=i;`FunctionDecl,false;ForStmt,false;IfStmt,false;IfStmt,false;IfStmt,false;`1`0`1`0`0`0`0`0`3`0`0`0`5`0`4`3`2`1`0`1`0`0`0`0`0`0`3`0`3`0`0`0`2`0`0`2`1`0
        else W[++w]=i;`FunctionDecl,false;ForStmt,false;IfStmt,false;IfStmt,false;IfStmt,false;`1`0`1`0`0`0`0`0`3`0`0`0`5`0`4`3`0`0`0`0`0`0`0`0`0`0`3`0`3`0`0`0`1`1`0`2`1`0
    for(i=1;i<=r;i++)cout<<N[R[i]]<<'\n';`FunctionDecl,false;ForStmt,false;`1`0`1`0`0`0`0`0`0`0`0`0`2`0`1`8`2`1`0`0`1`0`0`0`1`0`10`0`10`0`0`0`2`1`0`3`2`0
    for(i=1;i<=w;i++)cout<<N[W[i]]<<'\n';`FunctionDecl,false;ForStmt,false;`1`0`1`0`0`0`0`0`0`0`0`0`2`0`1`8`2`1`0`0`1`0`0`0`1`0`10`0`10`0`0`0`2`1`0`3`2`0
    for(i=1;i<=m;i++)cout<<N[M[i]]<<'\n';`FunctionDecl,false;ForStmt,false;`1`0`1`0`0`0`0`0`0`0`0`0`2`0`1`8`2`1`0`0`1`0`0`0`1`0`10`0`10`0`0`0`2`1`0`3`2`0
    cout<<R[C];`FunctionDecl,false;`1`0`0`0`0`0`0`0`0`0`0`0`1`0`0`3`0`0`0`0`0`0`0`0`0`0`4`0`4`0`0`0`0`0`0`0`1`1
    return 0;`FunctionDecl,false;`1`0`0`0`0`0`0`0`0`0`0`0`1`0`0`0`0`0`0`0`0`0`0`0`0`0`0`0`0`0`0`0`0`0`0`0`0`0
