code`block`FunctionDecl`FunctionDeclRec`ForStmt`ForStmtRec`DoStmt`DoStmtRec`WhileStmt`WhileStmtRec`IfStmt`IfStmtRec`SwitchStmt`SwitchStmtRec`countBlocks`countBlocksRec`countCondition`countVariable`countLiteral`IntegerLiteral`StringLiteral`IfStmt`ForStmt`WhileStmt`DoStmt`SwitchStmt`countLoop`VarDecl`DeclRefExpr`DeclStmt`countDecl`countPointer`writeFunction`CallExpr`BinaryOperator`UnaryOperator`CompoundAssignOperator`countOperand`ArraySubscriptE`RealFaultLocation
void quickSort(long long l, long long r)`FunctionDecl,true;`1`1`0`0`0`0`0`0`0`0`0`0`1`1`0`0`0`0`0`0`0`0`0`0`0`0`0`0`0`0`0`0`0`0`0`0`0`0
            long long i=l;`FunctionDecl,true;`1`1`0`0`0`0`0`0`0`0`0`0`1`1`0`1`0`0`0`0`0`0`0`0`0`1`1`1`3`0`0`0`0`0`0`0`0`0
            long long j=r;`FunctionDecl,true;`1`1`0`0`0`0`0`0`0`0`0`0`1`1`0`1`0`0`0`0`0`0`0`0`0`1`1`1`3`0`0`0`0`0`0`0`0`0
            long long x=a[(i+j)/2];`FunctionDecl,true;`1`1`0`0`0`0`0`0`0`0`0`0`1`1`0`3`1`1`0`0`0`0`0`0`0`1`4`1`6`0`0`0`2`0`0`2`0`0
            while(i<=j)`FunctionDecl,true;WhileStmt,false;`1`1`0`0`0`0`1`0`0`0`0`0`2`1`1`2`0`0`0`0`0`1`0`0`1`0`2`0`2`0`0`0`1`0`0`1`0`0
                while(a[i]<x) i++;`FunctionDecl,true;WhileStmt,false;WhileStmt,false;`1`1`0`0`0`0`2`0`0`0`0`0`3`1`2`4`0`0`0`0`0`1`0`0`1`0`5`0`5`0`0`0`1`1`0`2`0`0
                while(a[j]>x) j--;`FunctionDecl,true;WhileStmt,false;WhileStmt,false;`1`1`0`0`0`0`2`0`0`0`0`0`3`1`2`4`0`0`0`0`0`1`0`0`1`0`5`0`5`0`0`0`1`1`0`2`0`0
                if(i<=j)`FunctionDecl,true;WhileStmt,false;IfStmt,false;`1`1`0`0`0`0`1`0`1`0`0`0`3`1`2`2`0`0`0`1`0`0`0`0`0`0`2`0`2`0`0`0`1`0`0`1`0`0
                    swap(a[i],a[j]);`FunctionDecl,true;WhileStmt,false;IfStmt,false;`1`1`0`0`0`0`1`0`1`0`0`0`3`1`2`4`0`0`0`0`0`0`0`0`0`0`7`0`7`0`0`1`0`0`0`0`0`0
                    i++;`FunctionDecl,true;WhileStmt,false;IfStmt,false;`1`1`0`0`0`0`1`0`1`0`0`0`3`1`2`1`0`0`0`0`0`0`0`0`0`0`1`0`1`0`0`0`0`1`0`1`0`0
                    j--;`FunctionDecl,true;WhileStmt,false;IfStmt,false;`1`1`0`0`0`0`1`0`1`0`0`0`3`1`2`1`0`0`0`0`0`0`0`0`0`0`1`0`1`0`0`0`0`1`0`1`0`0
            if(i<r) quickSort(i,r);`FunctionDecl,true;IfStmt,false;`1`1`0`0`0`0`0`0`1`0`0`0`2`1`1`4`0`0`0`1`0`0`0`0`0`0`5`0`5`0`1`1`1`0`0`1`0`0
            if(j>l) quickSort(l,j);`FunctionDecl,true;IfStmt,false;`1`1`0`0`0`0`0`0`1`0`0`0`2`1`1`4`0`0`0`1`0`0`0`0`0`0`5`0`5`0`1`1`1`0`0`1`0`0
int main(){`FunctionDecl,false;`1`0`0`0`0`0`0`0`0`0`0`0`1`0`0`0`0`0`0`0`0`0`0`0`0`0`0`0`0`0`0`0`0`0`0`0`0`0
    long long n;`FunctionDecl,false;`1`0`0`0`0`0`0`0`0`0`0`0`1`0`0`0`0`0`0`0`0`0`0`0`0`1`0`1`2`0`0`0`0`0`0`0`0`0
    long long chis;`FunctionDecl,false;`1`0`0`0`0`0`0`0`0`0`0`0`1`0`0`0`0`0`0`0`0`0`0`0`0`1`0`1`2`0`0`0`0`0`0`0`0`0
    cin>>n; //считать количество конференций`FunctionDecl,false;`1`0`0`0`0`0`0`0`0`0`0`0`1`0`0`2`0`0`0`0`0`0`0`0`0`0`3`0`3`0`0`0`0`0`0`0`0`0
    for(long long i=0; i<n; i++)`FunctionDecl,false;ForStmt,false;`1`0`1`0`0`0`0`0`0`0`0`0`2`0`1`3`1`1`0`0`1`0`0`0`1`1`3`1`5`0`0`0`1`1`0`2`0`0
        cin>>chis;`FunctionDecl,false;ForStmt,false;`1`0`1`0`0`0`0`0`0`0`0`0`2`0`1`2`0`0`0`0`0`0`0`0`0`0`3`0`3`0`0`0`0`0`0`0`0`0
        a.push_back(chis);`FunctionDecl,false;ForStmt,false;`1`0`1`0`0`0`0`0`0`0`0`0`2`0`1`2`0`0`0`0`0`0`0`0`0`0`2`0`2`0`0`0`0`0`0`0`0`0
    quickSort(0,n-1);`FunctionDecl,false;`1`0`0`0`0`0`0`0`0`0`0`0`1`0`0`1`2`2`0`0`0`0`0`0`0`0`2`0`2`0`1`1`1`0`0`1`0`0
    long long Sum_prom=1;`FunctionDecl,false;`1`0`0`0`0`0`0`0`0`0`0`0`1`0`0`0`1`1`0`0`0`0`0`0`0`1`0`1`2`0`0`0`0`0`0`0`0`0
    long long result=0;`FunctionDecl,false;`1`0`0`0`0`0`0`0`0`0`0`0`1`0`0`0`1`1`0`0`0`0`0`0`0`1`0`1`2`0`0`0`0`0`0`0`0`0
    long long result_1=0;`FunctionDecl,false;`1`0`0`0`0`0`0`0`0`0`0`0`1`0`0`0`1`1`0`0`0`0`0`0`0`1`0`1`2`0`0`0`0`0`0`0`0`0
    long long j;`FunctionDecl,false;`1`0`0`0`0`0`0`0`0`0`0`0`1`0`0`0`0`0`0`0`0`0`0`0`0`1`0`1`2`0`0`0`0`0`0`0`0`0
    for(long long i=0; i<n; i++)`FunctionDecl,false;ForStmt,false;`1`0`1`0`0`0`0`0`0`0`0`0`2`0`1`3`1`1`0`0`1`0`0`0`1`1`3`1`5`0`0`0`1`1`0`2`0`0
        if (a[i]==0); //ничего не делать`FunctionDecl,false;ForStmt,false;IfStmt,false;`1`0`1`0`0`0`0`0`1`0`0`0`3`0`2`2`1`1`0`1`0`0`0`0`0`0`3`0`3`0`0`0`1`0`0`1`0`0
            chis=a[i];`FunctionDecl,false;ForStmt,false;IfStmt,false;`1`0`1`0`0`0`0`0`1`0`0`0`3`0`2`3`0`0`0`0`0`0`0`0`0`0`4`0`4`0`0`0`1`0`0`1`0`0
            for(j=i+1; j<n; j++)`FunctionDecl,false;ForStmt,false;IfStmt,false;ForStmt,false;`1`0`2`0`0`0`0`0`1`0`0`0`4`0`3`5`1`1`0`0`1`0`0`0`1`0`5`0`5`0`0`0`3`1`0`4`0`0
                if(chis==a[j]) Sum_prom++;`FunctionDecl,false;ForStmt,false;IfStmt,false;ForStmt,false;IfStmt,false;`1`0`2`0`0`0`0`0`2`0`0`0`5`0`4`4`0`0`0`1`0`0`0`0`0`0`5`0`5`0`0`0`1`1`0`2`0`0
                if(Sum_prom>2) break;`FunctionDecl,false;ForStmt,false;IfStmt,false;ForStmt,false;IfStmt,false;`1`0`2`0`0`0`0`0`2`0`0`0`5`0`4`1`1`1`0`1`0`0`0`0`0`0`1`0`1`0`0`0`1`0`0`1`0`0
            if(Sum_prom==2) {result+=1;`FunctionDecl,false;ForStmt,false;IfStmt,false;IfStmt,false;`1`0`1`0`0`0`0`0`2`0`0`0`4`0`3`2`2`2`0`1`0`0`0`0`0`0`2`0`2`0`0`0`1`0`1`2`0`1
            Sum_prom=1;`FunctionDecl,false;ForStmt,false;IfStmt,false;IfStmt,false;`1`0`1`0`0`0`0`0`2`0`0`0`4`0`3`1`1`1`0`0`0`0`0`0`0`0`1`0`1`0`0`0`1`0`0`1`0`0
            i++;`FunctionDecl,false;ForStmt,false;IfStmt,false;IfStmt,false;`1`0`1`0`0`0`0`0`2`0`0`0`4`0`3`1`0`0`0`0`0`0`0`0`0`0`1`0`1`0`0`0`0`1`0`1`0`0
            {i+=j;`FunctionDecl,false;ForStmt,false;IfStmt,false;IfStmt,false;`1`0`1`0`0`0`0`0`2`0`0`0`4`0`3`2`0`0`0`0`0`0`0`0`0`0`2`0`2`0`0`0`0`0`1`1`0`1
            if(Sum_prom>1)`FunctionDecl,false;ForStmt,false;IfStmt,false;IfStmt,false;IfStmt,false;`1`0`1`0`0`0`0`0`3`0`0`0`5`0`4`1`1`1`0`1`0`0`0`0`0`0`1`0`1`0`0`0`1`0`0`1`0`0
                result_1++;`FunctionDecl,false;ForStmt,false;IfStmt,false;IfStmt,false;IfStmt,false;`1`0`1`0`0`0`0`0`3`0`0`0`5`0`4`1`0`0`0`0`0`0`0`0`0`0`1`0`1`0`0`0`0`1`0`1`0`0
    if((result_1!=0) && (n!=1))`FunctionDecl,false;IfStmt,false;`1`0`0`0`0`0`0`0`1`0`0`0`2`0`5`2`2`2`0`1`0`0`0`0`0`0`2`0`2`0`0`0`3`0`0`3`0`0
            cout<<"-1";`FunctionDecl,false;IfStmt,false;`1`0`0`0`0`0`0`0`1`0`0`0`2`0`5`1`1`0`1`0`0`0`0`0`0`0`2`0`2`0`0`0`0`0`0`0`0`0
    if(result !=0)`FunctionDecl,false;IfStmt,false;IfStmt,false;`1`0`0`0`0`0`0`0`2`0`0`0`3`0`6`1`1`1`0`1`0`0`0`0`0`0`1`0`1`0`0`0`1`0`0`1`0`1
        cout<<result;`FunctionDecl,false;IfStmt,false;IfStmt,false;`1`0`0`0`0`0`0`0`2`0`0`0`3`0`6`2`0`0`0`0`0`0`0`0`0`0`3`0`3`0`0`0`0`0`0`0`0`0
        cout<<"0";`FunctionDecl,false;IfStmt,false;IfStmt,false;`1`0`0`0`0`0`0`0`2`0`0`0`3`0`6`1`1`0`1`0`0`0`0`0`0`0`2`0`2`0`0`0`0`0`0`0`0`0
return 0;    `FunctionDecl,false;`1`0`0`0`0`0`0`0`0`0`0`0`1`0`0`0`0`0`0`0`0`0`0`0`0`0`0`0`0`0`0`0`0`0`0`0`0`0
