code`block`FunctionDecl`FunctionDeclRec`ForStmt`ForStmtRec`DoStmt`DoStmtRec`WhileStmt`WhileStmtRec`IfStmt`IfStmtRec`SwitchStmt`SwitchStmtRec`countBlocks`countBlocksRec`countCondition`countVariable`countLiteral`IntegerLiteral`StringLiteral`IfStmt`ForStmt`WhileStmt`DoStmt`SwitchStmt`countLoop`VarDecl`DeclRefExpr`DeclStmt`countDecl`countPointer`writeFunction`CallExpr`BinaryOperator`UnaryOperator`CompoundAssignOperator`countOperand`ArraySubscriptE`RealFaultLocation
int main()`FunctionDecl,false;`1`0`0`0`0`0`0`0`0`0`0`0`1`0`0`0`0`0`0`0`0`0`0`0`0`0`0`0`0`0`0`0`0`0`0`0`0`0
    string set , str=" " ;`FunctionDecl,false;`1`0`0`0`0`0`0`0`0`0`0`0`1`0`0`0`1`0`1`0`0`0`0`0`0`2`0`1`3`0`0`0`0`0`0`0`0`0
    getline(cin,set) ;`FunctionDecl,false;`1`0`0`0`0`0`0`0`0`0`0`0`1`0`0`2`0`0`0`0`0`0`0`0`0`0`3`0`3`0`0`1`0`0`0`0`0`0
    for(int i=0 ; i<set.length() ; i++)`FunctionDecl,false;ForStmt,false;`1`0`1`0`0`0`0`0`0`0`0`0`2`0`1`3`1`1`0`0`1`0`0`0`1`1`3`1`5`0`0`0`1`1`0`2`0`0
        if (set[i]>='a' && set[i]<='z' || set[i]<='A' && set[i]>='Z')`FunctionDecl,false;ForStmt,false;IfStmt,false;`1`0`1`0`0`0`0`0`1`0`0`0`3`0`8`8`4`0`0`1`0`0`0`0`0`0`12`0`12`0`0`0`7`0`0`7`0`1
            str+=set[i] ;`FunctionDecl,false;ForStmt,false;IfStmt,false;`1`0`1`0`0`0`0`0`1`0`0`0`3`0`8`3`0`0`0`0`0`0`0`0`0`0`5`0`5`0`0`0`0`0`0`0`0`0
            set.erase(i,1) ;`FunctionDecl,false;ForStmt,false;IfStmt,false;`1`0`1`0`0`0`0`0`1`0`0`0`3`0`8`2`1`1`0`0`0`0`0`0`0`0`2`0`2`0`0`0`0`0`0`0`0`0
            i-- ;`FunctionDecl,false;ForStmt,false;IfStmt,false;`1`0`1`0`0`0`0`0`1`0`0`0`3`0`8`1`0`0`0`0`0`0`0`0`0`0`1`0`1`0`0`0`0`1`0`1`0`0
        if((str[str.length()-1]=='a' || str[str.length()-1]=='A' || str[str.length()-1]=='e' || str[str.length()-1]=='E' || str[str.length()-1]=='i' || str[str.length()-1]=='I' || str[str.length()-1]=='o' || str[str.length()-1]=='O' || str[str.length()-1]=='u' || str[str.length()-1]=='U' || str[str.length()-1]=='y' || str[str.length()-1]=='Y'))`FunctionDecl,false;IfStmt,false;`1`0`0`0`0`0`0`0`1`0`0`0`2`0`24`24`24`12`0`1`0`0`0`0`0`0`36`0`36`0`0`0`35`0`0`35`0`0
            cout << "YES" << endl ;`FunctionDecl,false;IfStmt,false;`1`0`0`0`0`0`0`0`1`0`0`0`2`0`24`1`1`0`1`0`0`0`0`0`0`0`4`0`4`0`0`0`0`0`0`0`0`0
            cout << "NO" << endl ;`FunctionDecl,false;IfStmt,false;`1`0`0`0`0`0`0`0`1`0`0`0`2`0`24`1`1`0`1`0`0`0`0`0`0`0`3`0`3`0`0`0`0`0`0`0`0`0
