code`block`FunctionDecl`FunctionDeclRec`ForStmt`ForStmtRec`DoStmt`DoStmtRec`WhileStmt`WhileStmtRec`IfStmt`IfStmtRec`SwitchStmt`SwitchStmtRec`countBlocks`countBlocksRec`countCondition`countVariable`countLiteral`IntegerLiteral`StringLiteral`IfStmt`ForStmt`WhileStmt`DoStmt`SwitchStmt`countLoop`VarDecl`DeclRefExpr`DeclStmt`countDecl`countPointer`writeFunction`CallExpr`BinaryOperator`UnaryOperator`CompoundAssignOperator`countOperand`ArraySubscriptE`RealFaultLocation
int main() {`FunctionDecl,false;`1`0`0`0`0`0`0`0`0`0`0`0`1`0`0`0`0`0`0`0`0`0`0`0`0`0`0`0`0`0`0`0`0`0`0`0`0`0
    int n,m,a[1010],i,j,max,min,c,b[1010];`FunctionDecl,false;`1`0`0`0`0`0`0`0`0`0`0`0`1`0`0`0`0`0`0`0`0`0`0`0`0`9`0`1`10`0`0`0`0`0`0`0`0`0
    while(scanf("%d%d",&n,&m)!=EOF){`FunctionDecl,false;WhileStmt,false;`1`0`0`0`0`0`1`0`0`0`0`0`2`0`1`2`2`1`1`0`0`1`0`0`1`0`3`0`3`2`0`1`1`3`0`4`0`0
        c=min=max=0;`FunctionDecl,false;WhileStmt,false;`1`0`0`0`0`0`1`0`0`0`0`0`2`0`1`3`1`1`0`0`0`0`0`0`0`0`3`0`3`0`0`0`3`0`0`3`0`0
        for(i=1;i<=m;i++){`FunctionDecl,false;WhileStmt,false;ForStmt,false;`1`0`1`0`0`0`1`0`0`0`0`0`3`0`2`4`1`1`0`0`1`0`0`0`1`0`4`0`4`0`0`0`2`1`0`3`0`0
            scanf("%d",&a[i]);`FunctionDecl,false;WhileStmt,false;ForStmt,false;`1`0`1`0`0`0`1`0`0`0`0`0`3`0`2`2`1`0`1`0`0`0`0`0`0`0`3`0`3`1`0`1`0`1`0`1`1`0
            b[i]=a[i];`FunctionDecl,false;WhileStmt,false;ForStmt,false;`1`0`1`0`0`0`1`0`0`0`0`0`3`0`2`4`0`0`0`0`0`0`0`0`0`0`4`0`4`0`0`0`1`0`0`1`2`0
        sort(a+1,a+m+1);`FunctionDecl,false;WhileStmt,false;`1`0`0`0`0`0`1`0`0`0`0`0`2`0`1`3`2`2`0`0`0`0`0`0`0`0`4`0`4`0`0`1`3`0`0`3`0`1
        sort(b+1,b+m+1);`FunctionDecl,false;WhileStmt,false;`1`0`0`0`0`0`1`0`0`0`0`0`2`0`1`3`2`2`0`0`0`0`0`0`0`0`4`0`4`0`0`1`3`0`0`3`0`0
        for(i=1;i<=m;i++){`FunctionDecl,false;WhileStmt,false;ForStmt,false;`1`0`1`0`0`0`1`0`0`0`0`0`3`0`2`4`1`1`0`0`1`0`0`0`1`0`4`0`4`0`0`0`2`1`0`3`0`1
            while(c<n&&a[i]>0){`FunctionDecl,false;WhileStmt,false;ForStmt,false;WhileStmt,false;`1`0`1`0`0`0`2`0`0`0`0`0`4`0`5`4`1`1`0`0`0`1`0`0`1`0`4`0`4`0`0`0`3`0`0`3`1`0
                min=min+a[i];`FunctionDecl,false;WhileStmt,false;ForStmt,false;WhileStmt,false;`1`0`1`0`0`0`2`0`0`0`0`0`4`0`5`4`0`0`0`0`0`0`0`0`0`0`4`0`4`0`0`0`2`0`0`2`1`0
                a[i]--;`FunctionDecl,false;WhileStmt,false;ForStmt,false;WhileStmt,false;`1`0`1`0`0`0`2`0`0`0`0`0`4`0`5`2`0`0`0`0`0`0`0`0`0`0`2`0`2`0`0`0`0`1`0`1`1`0
                c++;`FunctionDecl,false;WhileStmt,false;ForStmt,false;WhileStmt,false;`1`0`1`0`0`0`2`0`0`0`0`0`4`0`5`1`0`0`0`0`0`0`0`0`0`0`1`0`1`0`0`0`0`1`0`1`0`0
        c=0;`FunctionDecl,false;WhileStmt,false;`1`0`0`0`0`0`1`0`0`0`0`0`2`0`1`1`1`1`0`0`0`0`0`0`0`0`1`0`1`0`0`0`1`0`0`1`0`0
        for(i=m;i>=1;i--){`FunctionDecl,false;WhileStmt,false;ForStmt,false;`1`0`1`0`0`0`1`0`0`0`0`0`3`0`2`4`1`1`0`0`1`0`0`0`1`0`4`0`4`0`0`0`2`1`0`3`0`0
            if(i!=1){`FunctionDecl,false;WhileStmt,false;ForStmt,false;IfStmt,false;`1`0`1`0`0`0`1`0`1`0`0`0`4`0`3`1`1`1`0`1`0`0`0`0`0`0`1`0`1`0`0`0`1`0`0`1`0`0
                while(b[i]>=b[i-1]&&c<n){`FunctionDecl,false;WhileStmt,false;ForStmt,false;IfStmt,false;WhileStmt,false;`1`0`1`0`0`0`2`0`1`0`0`0`5`0`6`6`1`1`0`0`0`1`0`0`1`0`6`0`6`0`0`0`4`0`0`4`2`0
                max=max+b[i];`FunctionDecl,false;WhileStmt,false;ForStmt,false;IfStmt,false;WhileStmt,false;`1`0`1`0`0`0`2`0`1`0`0`0`5`0`6`4`0`0`0`0`0`0`0`0`0`0`4`0`4`0`0`0`2`0`0`2`1`0
                b[i]--;`FunctionDecl,false;WhileStmt,false;ForStmt,false;IfStmt,false;WhileStmt,false;`1`0`1`0`0`0`2`0`1`0`0`0`5`0`6`2`0`0`0`0`0`0`0`0`0`0`2`0`2`0`0`0`0`1`0`1`1`0
                c++;    `FunctionDecl,false;WhileStmt,false;ForStmt,false;IfStmt,false;WhileStmt,false;`1`0`1`0`0`0`2`0`1`0`0`0`5`0`6`1`0`0`0`0`0`0`0`0`0`0`1`0`1`0`0`0`0`1`0`1`0`0
            else if(i==1&&c<n&&b[1]>0){`FunctionDecl,false;WhileStmt,false;ForStmt,false;IfStmt,false;IfStmt,false;`1`0`1`0`0`0`1`0`2`0`0`0`5`0`8`4`3`3`0`1`0`0`0`0`0`0`4`0`4`0`0`0`5`0`0`5`1`0
                c++;`FunctionDecl,false;WhileStmt,false;ForStmt,false;IfStmt,false;IfStmt,false;`1`0`1`0`0`0`1`0`2`0`0`0`5`0`8`1`0`0`0`0`0`0`0`0`0`0`1`0`1`0`0`0`0`1`0`1`0`0
                max=max+b[1];`FunctionDecl,false;WhileStmt,false;ForStmt,false;IfStmt,false;IfStmt,false;`1`0`1`0`0`0`1`0`2`0`0`0`5`0`8`3`1`1`0`0`0`0`0`0`0`0`3`0`3`0`0`0`2`0`0`2`1`0
                b[1]--;`FunctionDecl,false;WhileStmt,false;ForStmt,false;IfStmt,false;IfStmt,false;`1`0`1`0`0`0`1`0`2`0`0`0`5`0`8`1`1`1`0`0`0`0`0`0`0`0`1`0`1`0`0`0`0`1`0`1`1`0
                i=m+1;`FunctionDecl,false;WhileStmt,false;ForStmt,false;IfStmt,false;IfStmt,false;`1`0`1`0`0`0`1`0`2`0`0`0`5`0`8`2`1`1`0`0`0`0`0`0`0`0`2`0`2`0`0`0`2`0`0`2`0`0
            else if(i==1&&c<n&&b[1]<=0) i=m+1;`FunctionDecl,false;WhileStmt,false;ForStmt,false;IfStmt,false;IfStmt,false;IfStmt,false;`1`0`1`0`0`0`1`0`3`0`0`0`6`0`13`6`4`4`0`1`0`0`0`0`0`0`6`0`6`0`0`0`7`0`0`7`1`0
        printf("%d %d\n",max,min);`FunctionDecl,false;WhileStmt,false;`1`0`0`0`0`0`1`0`0`0`0`0`2`0`1`2`1`0`1`0`0`0`0`0`0`0`3`0`3`0`0`1`0`0`0`0`0`0
    return 0;`FunctionDecl,false;`1`0`0`0`0`0`0`0`0`0`0`0`1`0`0`0`0`0`0`0`0`0`0`0`0`0`0`0`0`0`0`0`0`0`0`0`0`0
