code`block`FunctionDecl`FunctionDeclRec`ForStmt`ForStmtRec`DoStmt`DoStmtRec`WhileStmt`WhileStmtRec`IfStmt`IfStmtRec`SwitchStmt`SwitchStmtRec`countBlocks`countBlocksRec`countCondition`countVariable`countLiteral`IntegerLiteral`StringLiteral`IfStmt`ForStmt`WhileStmt`DoStmt`SwitchStmt`countLoop`VarDecl`DeclRefExpr`DeclStmt`countDecl`countPointer`writeFunction`CallExpr`BinaryOperator`UnaryOperator`CompoundAssignOperator`countOperand`ArraySubscriptE`RealFaultLocation
int main()`FunctionDecl,false;`1`0`0`0`0`0`0`0`0`0`0`0`1`0`0`0`0`0`0`0`0`0`0`0`0`0`0`0`0`0`0`0`0`0`0`0`0`0
	int x;`FunctionDecl,false;`1`0`0`0`0`0`0`0`0`0`0`0`1`0`0`0`0`0`0`0`0`0`0`0`0`1`0`1`2`0`0`0`0`0`0`0`0`0
	cin>>x;`FunctionDecl,false;`1`0`0`0`0`0`0`0`0`0`0`0`1`0`0`2`0`0`0`0`0`0`0`0`0`0`3`0`3`0`0`0`0`0`0`0`0`0
	if(x&3==0)`FunctionDecl,false;IfStmt,false;`1`0`0`0`0`0`0`0`1`0`0`0`2`0`2`1`2`2`0`1`0`0`0`0`0`0`1`0`1`0`0`0`2`0`0`2`0`1
		for(int i=1;;i++)`FunctionDecl,false;IfStmt,false;ForStmt,false;`1`0`1`0`0`0`0`0`1`0`0`0`3`0`2`1`1`1`0`0`1`0`0`0`1`1`1`1`3`0`0`0`0`1`0`1`0`0
		if(i&1)`FunctionDecl,false;IfStmt,false;ForStmt,false;IfStmt,false;`1`0`1`0`0`0`0`0`2`0`0`0`4`0`3`1`1`1`0`1`0`0`0`0`0`0`1`0`1`0`0`0`1`0`0`1`0`0
			if(i*i/2+1>=x) return printf("%d\n",i),0;`FunctionDecl,false;IfStmt,false;ForStmt,false;IfStmt,false;IfStmt,false;`1`0`1`0`0`0`0`0`3`0`0`0`5`0`4`4`4`3`1`1`0`0`0`0`0`0`5`0`5`0`0`1`5`0`0`5`0`0
			int k=i/2-1;`FunctionDecl,false;IfStmt,false;ForStmt,false;IfStmt,false;`1`0`1`0`0`0`0`0`2`0`0`0`4`0`3`1`2`2`0`0`0`0`0`0`0`1`1`1`3`0`0`0`2`0`0`2`0`0
			if((k*k-k*k/2)*4>=x) return printf("%d\n",i),0;`FunctionDecl,false;IfStmt,false;ForStmt,false;IfStmt,false;IfStmt,false;`1`0`1`0`0`0`0`0`3`0`0`0`5`0`4`6`4`3`1`1`0`0`0`0`0`0`7`0`7`0`0`1`7`0`0`7`0`0
		if(x&1==1) x--;`FunctionDecl,false;IfStmt,false;IfStmt,false;`1`0`0`0`0`0`0`0`2`0`0`0`3`0`4`2`2`2`0`1`0`0`0`0`0`0`2`0`2`0`0`0`2`1`0`3`0`1
		for(int i=1;;i+=2)`FunctionDecl,false;IfStmt,false;ForStmt,false;`1`0`1`0`0`0`0`0`1`0`0`0`3`0`2`1`2`2`0`0`1`0`0`0`1`1`1`1`3`0`0`0`0`0`1`1`0`0
			if(i*i/2+1>=x) return printf("%d\n",i),0;`FunctionDecl,false;IfStmt,false;ForStmt,false;IfStmt,false;`1`0`1`0`0`0`0`0`2`0`0`0`4`0`3`4`4`3`1`1`0`0`0`0`0`0`5`0`5`0`0`1`5`0`0`5`0`0
	return 0;`FunctionDecl,false;`1`0`0`0`0`0`0`0`0`0`0`0`1`0`0`0`0`0`0`0`0`0`0`0`0`0`0`0`0`0`0`0`0`0`0`0`0`0
