code`block`FunctionDecl`FunctionDeclRec`ForStmt`ForStmtRec`DoStmt`DoStmtRec`WhileStmt`WhileStmtRec`IfStmt`IfStmtRec`SwitchStmt`SwitchStmtRec`countBlocks`countBlocksRec`countCondition`countVariable`countLiteral`IntegerLiteral`StringLiteral`IfStmt`ForStmt`WhileStmt`DoStmt`SwitchStmt`countLoop`VarDecl`DeclRefExpr`DeclStmt`countDecl`countPointer`writeFunction`CallExpr`BinaryOperator`UnaryOperator`CompoundAssignOperator`countOperand`ArraySubscriptE`RealFaultLocation
int main ()`FunctionDecl,false;`1`0`0`0`0`0`0`0`0`0`0`0`1`0`0`0`0`0`0`0`0`0`0`0`0`0`0`0`0`0`0`0`0`0`0`0`0`0
   int n;`FunctionDecl,false;`1`0`0`0`0`0`0`0`0`0`0`0`1`0`0`0`0`0`0`0`0`0`0`0`0`1`0`1`2`0`0`0`0`0`0`0`0`0
   cin>>n;`FunctionDecl,false;`1`0`0`0`0`0`0`0`0`0`0`0`1`0`0`2`0`0`0`0`0`0`0`0`0`0`3`0`3`0`0`0`0`0`0`0`0`0
   if(n<=10 || n>21)`FunctionDecl,false;IfStmt,false;`1`0`0`0`0`0`0`0`1`0`0`0`2`0`3`2`2`2`0`1`0`0`0`0`0`0`2`0`2`0`0`0`3`0`0`3`0`0
       cout<<0<<endl;`FunctionDecl,false;IfStmt,false;`1`0`0`0`0`0`0`0`1`0`0`0`2`0`3`1`1`1`0`0`0`0`0`0`0`0`4`0`4`0`0`0`0`0`0`0`0`0
   else if(n<19)`FunctionDecl,false;IfStmt,false;IfStmt,false;`1`0`0`0`0`0`0`0`2`0`0`0`3`0`4`1`1`1`0`1`0`0`0`0`0`0`1`0`1`0`0`0`1`0`0`1`0`1
       cout<<4<<endl;`FunctionDecl,false;IfStmt,false;IfStmt,false;`1`0`0`0`0`0`0`0`2`0`0`0`3`0`4`1`1`1`0`0`0`0`0`0`0`0`4`0`4`0`0`0`0`0`0`0`0`0
   else if(n==20)`FunctionDecl,false;IfStmt,false;IfStmt,false;IfStmt,false;`1`0`0`0`0`0`0`0`3`0`0`0`4`0`5`1`1`1`0`1`0`0`0`0`0`0`1`0`1`0`0`0`1`0`0`1`0`0
       cout<<15<<endl;`FunctionDecl,false;IfStmt,false;IfStmt,false;IfStmt,false;`1`0`0`0`0`0`0`0`3`0`0`0`4`0`5`1`1`1`0`0`0`0`0`0`0`0`4`0`4`0`0`0`0`0`0`0`0`0
    else if(n==21)`FunctionDecl,false;IfStmt,false;IfStmt,false;IfStmt,false;IfStmt,false;`1`0`0`0`0`0`0`0`4`0`0`0`5`0`6`1`1`1`0`1`0`0`0`0`0`0`1`0`1`0`0`0`1`0`0`1`0`0
       cout<<4<<endl;`FunctionDecl,false;IfStmt,false;IfStmt,false;IfStmt,false;IfStmt,false;`1`0`0`0`0`0`0`0`4`0`0`0`5`0`6`1`1`1`0`0`0`0`0`0`0`0`4`0`4`0`0`0`0`0`0`0`0`0
   return 0;`FunctionDecl,false;`1`0`0`0`0`0`0`0`0`0`0`0`1`0`0`0`0`0`0`0`0`0`0`0`0`0`0`0`0`0`0`0`0`0`0`0`0`0
