code`block`FunctionDecl`FunctionDeclRec`ForStmt`ForStmtRec`DoStmt`DoStmtRec`WhileStmt`WhileStmtRec`IfStmt`IfStmtRec`SwitchStmt`SwitchStmtRec`countBlocks`countBlocksRec`countCondition`countVariable`countLiteral`IntegerLiteral`StringLiteral`IfStmt`ForStmt`WhileStmt`DoStmt`SwitchStmt`countLoop`VarDecl`DeclRefExpr`DeclStmt`countDecl`countPointer`writeFunction`CallExpr`BinaryOperator`UnaryOperator`CompoundAssignOperator`countOperand`ArraySubscriptE`RealFaultLocation
int main()`FunctionDecl,false;`1`0`0`0`0`0`0`0`0`0`0`0`1`0`0`0`0`0`0`0`0`0`0`0`0`0`0`0`0`0`0`0`0`0`0`0`0`0
    int n;`FunctionDecl,false;`1`0`0`0`0`0`0`0`0`0`0`0`1`0`0`0`0`0`0`0`0`0`0`0`0`1`0`1`2`0`0`0`0`0`0`0`0`0
    cin>>n;`FunctionDecl,false;`1`0`0`0`0`0`0`0`0`0`0`0`1`0`0`2`0`0`0`0`0`0`0`0`0`0`3`0`3`0`0`0`0`0`0`0`0`0
    int d=(n*2)%3;`FunctionDecl,false;`1`0`0`0`0`0`0`0`0`0`0`0`1`0`0`1`2`2`0`0`0`0`0`0`0`1`1`1`3`0`0`0`2`0`0`2`0`1
    cout<<(n*2)-(n-d);`FunctionDecl,false;`1`0`0`0`0`0`0`0`0`0`0`0`1`0`0`4`1`1`0`0`0`0`0`0`0`0`5`0`5`0`0`0`3`0`0`3`0`0
    return 0;}`FunctionDecl,false;`1`0`0`0`0`0`0`0`0`0`0`0`1`0`0`0`0`0`0`0`0`0`0`0`0`0`0`0`0`0`0`0`0`0`0`0`0`0
