code`block`FunctionDecl`FunctionDeclRec`ForStmt`ForStmtRec`DoStmt`DoStmtRec`WhileStmt`WhileStmtRec`IfStmt`IfStmtRec`SwitchStmt`SwitchStmtRec`countBlocks`countBlocksRec`countCondition`countVariable`countLiteral`IntegerLiteral`StringLiteral`IfStmt`ForStmt`WhileStmt`DoStmt`SwitchStmt`countLoop`VarDecl`DeclRefExpr`DeclStmt`countDecl`countPointer`writeFunction`CallExpr`BinaryOperator`UnaryOperator`CompoundAssignOperator`countOperand`ArraySubscriptE`RealFaultLocation
int main()`FunctionDecl,false;`1`0`0`0`0`0`0`0`0`0`0`0`1`0`0`0`0`0`0`0`0`0`0`0`0`0`0`0`0`0`0`0`0`0`0`0`0`0
    int n;`FunctionDecl,false;`1`0`0`0`0`0`0`0`0`0`0`0`1`0`0`0`0`0`0`0`0`0`0`0`0`1`0`1`2`0`0`0`0`0`0`0`0`0
    cin >> n;`FunctionDecl,false;`1`0`0`0`0`0`0`0`0`0`0`0`1`0`0`2`0`0`0`0`0`0`0`0`0`0`3`0`3`0`0`0`0`0`0`0`0`0
    bool bankai= false;`FunctionDecl,false;`1`0`0`0`0`0`0`0`0`0`0`0`1`0`0`0`1`0`0`0`0`0`0`0`0`1`0`1`2`0`0`0`0`0`0`0`0`0
    int *a = new int[n];`FunctionDecl,false;`1`0`0`0`0`0`0`0`0`0`0`0`1`0`0`1`0`0`0`0`0`0`0`0`0`1`1`1`3`1`0`0`0`0`0`0`0`0
    int count = 0;`FunctionDecl,false;`1`0`0`0`0`0`0`0`0`0`0`0`1`0`0`0`1`1`0`0`0`0`0`0`0`1`0`1`2`0`0`0`0`0`0`0`0`0
    bool ay = false;`FunctionDecl,false;`1`0`0`0`0`0`0`0`0`0`0`0`1`0`0`0`1`0`0`0`0`0`0`0`0`1`0`1`2`0`0`0`0`0`0`0`0`0
    for(int i = 0; i < n;i++)`FunctionDecl,false;ForStmt,false;`1`0`1`0`0`0`0`0`0`0`0`0`2`0`1`3`1`1`0`0`1`0`0`0`1`1`3`1`5`0`0`0`1`1`0`2`0`0
        cin >> a[i];`FunctionDecl,false;ForStmt,false;`1`0`1`0`0`0`0`0`0`0`0`0`2`0`1`3`0`0`0`0`0`0`0`0`0`0`4`0`4`0`0`0`0`0`0`0`1`0
    sort(a,a+n);`FunctionDecl,false;`1`0`0`0`0`0`0`0`0`0`0`0`1`0`0`3`0`0`0`0`0`0`0`0`0`0`4`0`4`0`0`1`1`0`0`1`0`0
    for(int i = 0; i < n;i++)`FunctionDecl,false;ForStmt,false;`1`0`1`0`0`0`0`0`0`0`0`0`2`0`1`3`1`1`0`0`1`0`0`0`1`1`3`1`5`0`0`0`1`1`0`2`0`0
if(a[i] == 0)`FunctionDecl,false;ForStmt,false;IfStmt,false;`1`0`1`0`0`0`0`0`1`0`0`0`3`0`2`2`1`1`0`1`0`0`0`0`0`0`2`0`2`0`0`0`1`0`0`1`1`1
        count = 0;`FunctionDecl,false;ForStmt,false;IfStmt,false;`1`0`1`0`0`0`0`0`1`0`0`0`3`0`2`1`1`1`0`0`0`0`0`0`0`0`1`0`1`0`0`0`1`0`0`1`0`0
        if(a[i] == a[i+1] && a[i] == a[i+2])`FunctionDecl,false;ForStmt,false;IfStmt,false;IfStmt,false;`1`0`1`0`0`0`0`0`2`0`0`0`4`0`5`8`2`2`0`1`0`0`0`0`0`0`8`0`8`0`0`0`5`0`0`5`4`0
    cout << -1;`FunctionDecl,false;ForStmt,false;IfStmt,false;IfStmt,false;`1`0`1`0`0`0`0`0`2`0`0`0`4`0`5`1`1`1`0`0`0`0`0`0`0`0`2`0`2`0`0`0`0`1`0`1`0`0
    return 0;`FunctionDecl,false;ForStmt,false;IfStmt,false;IfStmt,false;`1`0`1`0`0`0`0`0`2`0`0`0`4`0`5`0`1`1`0`0`0`0`0`0`0`0`0`0`0`0`0`0`0`0`0`0`0`0
}        if(a[i] == a[i+1])`FunctionDecl,false;ForStmt,false;IfStmt,false;IfStmt,false;IfStmt,false;`1`0`1`0`0`0`0`0`3`0`0`0`5`0`6`4`1`1`0`1`0`0`0`0`0`0`4`0`4`0`0`0`2`0`0`2`2`1
        count++;`FunctionDecl,false;ForStmt,false;IfStmt,false;`1`0`1`0`0`0`0`0`1`0`0`0`3`0`2`1`0`0`0`0`0`0`0`0`0`0`1`0`1`0`0`0`0`1`0`1`0`0
cout << count;`FunctionDecl,false;`1`0`0`0`0`0`0`0`0`0`0`0`1`0`0`2`0`0`0`0`0`0`0`0`0`0`3`0`3`0`0`0`0`0`0`0`0`1
return 0;`FunctionDecl,false;`1`0`0`0`0`0`0`0`0`0`0`0`1`0`0`0`0`0`0`0`0`0`0`0`0`0`0`0`0`0`0`0`0`0`0`0`0`0
