code`block`FunctionDecl`FunctionDeclRec`ForStmt`ForStmtRec`DoStmt`DoStmtRec`WhileStmt`WhileStmtRec`IfStmt`IfStmtRec`SwitchStmt`SwitchStmtRec`countBlocks`countBlocksRec`countCondition`countVariable`countLiteral`IntegerLiteral`StringLiteral`IfStmt`ForStmt`WhileStmt`DoStmt`SwitchStmt`countLoop`VarDecl`DeclRefExpr`DeclStmt`countDecl`countPointer`writeFunction`CallExpr`BinaryOperator`UnaryOperator`CompoundAssignOperator`countOperand`ArraySubscriptE`RealFaultLocation
        if(t1.num>t2.num) return 1;`IfStmt,false;`0`0`0`0`0`0`0`0`1`0`0`0`1`0`2`2`1`1`0`1`0`0`0`0`0`0`2`0`2`0`0`0`1`0`0`1`0`0
        else if(t1.num==t2.num)`IfStmt,false;IfStmt,false;`0`0`0`0`0`0`0`0`2`0`0`0`2`0`3`2`0`0`0`1`0`0`0`0`0`0`2`0`2`0`0`0`1`0`0`1`0`0
            if(m%2==1)`IfStmt,false;IfStmt,false;IfStmt,false;`0`0`0`0`0`0`0`0`3`0`0`0`3`0`4`1`2`2`0`1`0`0`0`0`0`0`1`0`1`0`0`0`2`0`0`2`0`0
                int x=abs(t1.id-m/2-1);`IfStmt,false;IfStmt,false;IfStmt,false;`0`0`0`0`0`0`0`0`3`0`0`0`3`0`4`2`2`2`0`0`0`0`0`0`0`1`3`1`5`0`0`1`3`0`0`3`0`0
                int y=abs(t2.id-m/2-1);`IfStmt,false;IfStmt,false;IfStmt,false;`0`0`0`0`0`0`0`0`3`0`0`0`3`0`4`2`2`2`0`0`0`0`0`0`0`1`3`1`5`0`0`1`3`0`0`3`0`0
                if(x>y||x==y&&t1.id>t2.id) return 1;`IfStmt,false;IfStmt,false;IfStmt,false;IfStmt,false;`0`0`0`0`0`0`0`0`4`0`0`0`4`0`10`6`1`1`0`1`0`0`0`0`0`0`6`0`6`0`0`0`5`0`0`5`0`0
                return 0;`IfStmt,false;IfStmt,false;IfStmt,false;`0`0`0`0`0`0`0`0`3`0`0`0`3`0`4`0`1`1`0`0`0`0`0`0`0`0`0`0`0`0`0`0`0`0`0`0`0`0
            else if(m%2==0)`IfStmt,false;IfStmt,false;IfStmt,false;IfStmt,false;`0`0`0`0`0`0`0`0`4`0`0`0`4`0`5`1`2`2`0`1`0`0`0`0`0`0`1`0`1`0`0`0`2`0`0`2`0`0
                int x,y;`IfStmt,false;IfStmt,false;IfStmt,false;IfStmt,false;`0`0`0`0`0`0`0`0`4`0`0`0`4`0`5`0`0`0`0`0`0`0`0`0`0`2`0`1`3`0`0`0`0`0`0`0`0`0
                if(t1.id<=m/2) x=abs(t1.id-m/2);`IfStmt,false;IfStmt,false;IfStmt,false;IfStmt,false;IfStmt,false;`0`0`0`0`0`0`0`0`5`0`0`0`5`0`6`5`2`2`0`1`0`0`0`0`0`0`6`0`6`0`0`1`5`0`0`5`0`0
                else x=abs(t2.id-m/2-1);`IfStmt,false;IfStmt,false;IfStmt,false;IfStmt,false;IfStmt,false;`0`0`0`0`0`0`0`0`5`0`0`0`5`0`6`3`2`2`0`0`0`0`0`0`0`0`4`0`4`0`0`1`4`0`0`4`0`1
                if(t2.id<=m/2) y=abs(t2.id-m/2);`IfStmt,false;IfStmt,false;IfStmt,false;IfStmt,false;IfStmt,false;`0`0`0`0`0`0`0`0`5`0`0`0`5`0`6`5`2`2`0`1`0`0`0`0`0`0`6`0`6`0`0`1`5`0`0`5`0`0
                else y=abs(t2.id-m/2-1);`IfStmt,false;IfStmt,false;IfStmt,false;IfStmt,false;IfStmt,false;`0`0`0`0`0`0`0`0`5`0`0`0`5`0`6`3`2`2`0`0`0`0`0`0`0`0`4`0`4`0`0`1`4`0`0`4`0`0
                if(x>y||x==y&&t1.id>t2.id) return 1;`IfStmt,false;IfStmt,false;IfStmt,false;IfStmt,false;IfStmt,false;`0`0`0`0`0`0`0`0`5`0`0`0`5`0`11`6`1`1`0`1`0`0`0`0`0`0`6`0`6`0`0`0`5`0`0`5`0`0
                return 0;`IfStmt,false;IfStmt,false;IfStmt,false;IfStmt,false;`0`0`0`0`0`0`0`0`4`0`0`0`4`0`5`0`1`1`0`0`0`0`0`0`0`0`0`0`0`0`0`0`0`0`0`0`0`0
int main()`FunctionDecl,false;`1`0`0`0`0`0`0`0`0`0`0`0`1`0`0`0`0`0`0`0`0`0`0`0`0`0`0`0`0`0`0`0`0`0`0`0`0`0
    int n;`FunctionDecl,false;`1`0`0`0`0`0`0`0`0`0`0`0`1`0`0`0`0`0`0`0`0`0`0`0`0`1`0`1`2`0`0`0`0`0`0`0`0`0
    scanf("%d%d",&n,&m);`FunctionDecl,false;`1`0`0`0`0`0`0`0`0`0`0`0`1`0`0`2`1`0`1`0`0`0`0`0`0`0`3`0`3`2`0`1`0`2`0`2`0`0
    for(int i=1;i<=m;i++) b[i].id=i,b[i].num=0,q.push(b[i]);`FunctionDecl,false;ForStmt,false;`1`0`1`0`0`0`0`0`0`0`0`0`2`0`1`11`2`2`0`0`1`0`0`0`1`1`11`1`13`0`0`0`5`1`0`6`3`0
    for(int i=1;i<=n;i++)`FunctionDecl,false;ForStmt,false;`1`0`1`0`0`0`0`0`0`0`0`0`2`0`1`3`1`1`0`0`1`0`0`0`1`1`3`1`5`0`0`0`1`1`0`2`0`0
        node tmp=q.top();`FunctionDecl,false;ForStmt,false;`1`0`1`0`0`0`0`0`0`0`0`0`2`0`1`1`0`0`0`0`0`0`0`0`0`1`1`1`3`0`0`0`0`0`0`0`0`0
        q.pop();`FunctionDecl,false;ForStmt,false;`1`0`1`0`0`0`0`0`0`0`0`0`2`0`1`1`0`0`0`0`0`0`0`0`0`0`1`0`1`0`0`0`0`0`0`0`0`0
        printf("%d\n",tmp.id);`FunctionDecl,false;ForStmt,false;`1`0`1`0`0`0`0`0`0`0`0`0`2`0`1`1`1`0`1`0`0`0`0`0`0`0`2`0`2`0`0`1`0`0`0`0`0`0
        tmp.num++;`FunctionDecl,false;ForStmt,false;`1`0`1`0`0`0`0`0`0`0`0`0`2`0`1`1`0`0`0`0`0`0`0`0`0`0`1`0`1`0`0`0`0`1`0`1`0`0
        q.push(tmp);`FunctionDecl,false;ForStmt,false;`1`0`1`0`0`0`0`0`0`0`0`0`2`0`1`2`0`0`0`0`0`0`0`0`0`0`2`0`2`0`0`0`0`0`0`0`0`0
    return 0;`FunctionDecl,false;`1`0`0`0`0`0`0`0`0`0`0`0`1`0`0`0`0`0`0`0`0`0`0`0`0`0`0`0`0`0`0`0`0`0`0`0`0`0
