code`block`FunctionDecl`FunctionDeclRec`ForStmt`ForStmtRec`DoStmt`DoStmtRec`WhileStmt`WhileStmtRec`IfStmt`IfStmtRec`SwitchStmt`SwitchStmtRec`countBlocks`countBlocksRec`countCondition`countVariable`countLiteral`IntegerLiteral`StringLiteral`IfStmt`ForStmt`WhileStmt`DoStmt`SwitchStmt`countLoop`VarDecl`DeclRefExpr`DeclStmt`countDecl`countPointer`writeFunction`CallExpr`BinaryOperator`UnaryOperator`CompoundAssignOperator`countOperand`ArraySubscriptE`RealFaultLocation
int main()`FunctionDecl,false;`1`0`0`0`0`0`0`0`0`0`0`0`1`0`0`0`0`0`0`0`0`0`0`0`0`0`0`0`0`0`0`0`0`0`0`0`0`0
    int n, x, y;`FunctionDecl,false;`1`0`0`0`0`0`0`0`0`0`0`0`1`0`0`0`0`0`0`0`0`0`0`0`0`3`0`1`4`0`0`0`0`0`0`0`0`0
    int per;`FunctionDecl,false;`1`0`0`0`0`0`0`0`0`0`0`0`1`0`0`0`0`0`0`0`0`0`0`0`0`1`0`1`2`0`0`0`0`0`0`0`0`0
    cin >> n >> x >> y;`FunctionDecl,false;`1`0`0`0`0`0`0`0`0`0`0`0`1`0`0`4`0`0`0`0`0`0`0`0`0`0`7`0`7`0`0`0`0`0`0`0`0`0
    per=(n*y)/100;`FunctionDecl,false;`1`0`0`0`0`0`0`0`0`0`0`0`1`0`0`3`1`1`0`0`0`0`0`0`0`0`3`0`3`0`0`0`3`0`0`3`0`0
    if ((n*y)%100==0)`FunctionDecl,false;IfStmt,false;`1`0`0`0`0`0`0`0`1`0`0`0`2`0`1`2`2`2`0`1`0`0`0`0`0`0`2`0`2`0`0`0`3`0`0`3`0`1
        cout << per-x;`FunctionDecl,false;IfStmt,false;`1`0`0`0`0`0`0`0`1`0`0`0`2`0`1`3`0`0`0`0`0`0`0`0`0`0`4`0`4`0`0`0`1`0`0`1`0`1
        cout << per-x+1;`FunctionDecl,false;IfStmt,false;`1`0`0`0`0`0`0`0`1`0`0`0`2`0`1`3`0`0`0`0`0`0`0`0`0`0`4`0`4`0`0`0`2`0`0`2`0`0
