code`block`FunctionDecl`FunctionDeclRec`ForStmt`ForStmtRec`DoStmt`DoStmtRec`WhileStmt`WhileStmtRec`IfStmt`IfStmtRec`SwitchStmt`SwitchStmtRec`countBlocks`countBlocksRec`countCondition`countVariable`countLiteral`IntegerLiteral`StringLiteral`IfStmt`ForStmt`WhileStmt`DoStmt`SwitchStmt`countLoop`VarDecl`DeclRefExpr`DeclStmt`countDecl`countPointer`writeFunction`CallExpr`BinaryOperator`UnaryOperator`CompoundAssignOperator`countOperand`ArraySubscriptE`RealFaultLocation
int main(){`FunctionDecl,false;`1`0`0`0`0`0`0`0`0`0`0`0`1`0`0`0`0`0`0`0`0`0`0`0`0`0`0`0`0`0`0`0`0`0`0`0`0`0
    int a,b,c,p,q=0,m,n;`FunctionDecl,false;`1`0`0`0`0`0`0`0`0`0`0`0`1`0`0`0`1`1`0`0`0`0`0`0`0`7`0`1`8`0`0`0`0`0`0`0`0`1
    cin>>a>>b>>c;`FunctionDecl,false;`1`0`0`0`0`0`0`0`0`0`0`0`1`0`0`4`0`0`0`0`0`0`0`0`0`0`7`0`7`0`0`0`0`0`0`0`0`0
    if(a==2 && b==2 && c==2){`FunctionDecl,false;IfStmt,false;`1`0`0`0`0`0`0`0`1`0`0`0`2`0`5`4`4`4`0`1`0`0`0`0`0`0`5`0`5`0`0`0`5`0`0`5`0`1
    p=min(a,min(b,c));`FunctionDecl,false;IfStmt,false;`1`0`0`0`0`0`0`0`1`0`0`0`2`0`5`4`0`0`0`0`0`0`0`0`0`0`6`0`6`0`0`2`1`0`0`1`0`0
    for(int i=1;i<p;i++){`FunctionDecl,false;IfStmt,false;ForStmt,false;`1`0`1`0`0`0`0`0`1`0`0`0`3`0`6`5`1`1`0`0`1`0`0`0`1`1`5`1`7`0`0`0`1`1`1`3`0`0
    m=6*(p+q);`FunctionDecl,false;IfStmt,false;`1`0`0`0`0`0`0`0`1`0`0`0`2`0`5`3`1`1`0`0`0`0`0`0`0`0`3`0`3`0`0`0`3`0`0`3`0`0
    n=p*2*(a+b+c);`FunctionDecl,false;IfStmt,false;`1`0`0`0`0`0`0`0`1`0`0`0`2`0`5`5`1`1`0`0`0`0`0`0`0`0`5`0`5`0`0`0`5`0`0`5`0`0
    cout<<n-m;`FunctionDecl,false;IfStmt,false;`1`0`0`0`0`0`0`0`1`0`0`0`2`0`5`3`0`0`0`0`0`0`0`0`0`0`4`0`4`0`0`0`1`0`0`1`0`0
    return 0;`FunctionDecl,false;`1`0`0`0`0`0`0`0`0`0`0`0`1`0`0`0`0`0`0`0`0`0`0`0`0`0`0`0`0`0`0`0`0`0`0`0`0`0
