code`block`FunctionDecl`FunctionDeclRec`ForStmt`ForStmtRec`DoStmt`DoStmtRec`WhileStmt`WhileStmtRec`IfStmt`IfStmtRec`SwitchStmt`SwitchStmtRec`countBlocks`countBlocksRec`countCondition`countVariable`countLiteral`IntegerLiteral`StringLiteral`IfStmt`ForStmt`WhileStmt`DoStmt`SwitchStmt`countLoop`VarDecl`DeclRefExpr`DeclStmt`countDecl`countPointer`writeFunction`CallExpr`BinaryOperator`UnaryOperator`CompoundAssignOperator`countOperand`ArraySubscriptE`RealFaultLocation
int main()`FunctionDecl,false;`1`0`0`0`0`0`0`0`0`0`0`0`1`0`0`0`0`0`0`0`0`0`0`0`0`0`0`0`0`0`0`0`0`0`0`0`0`0
    scanf( "%d", &x );`FunctionDecl,false;`1`0`0`0`0`0`0`0`0`0`0`0`1`0`0`1`1`0`1`0`0`0`0`0`0`0`2`0`2`1`0`1`0`1`0`1`0`0
    if ( x == 1 ) printf( "1" );`FunctionDecl,false;IfStmt,false;`1`0`0`0`0`0`0`0`1`0`0`0`2`0`1`1`2`1`1`1`0`0`0`0`0`0`2`0`2`0`0`1`1`0`0`1`0`0
    else if ( x == 2 ) printf( "3" );`FunctionDecl,false;IfStmt,false;IfStmt,false;`1`0`0`0`0`0`0`0`2`0`0`0`3`0`2`1`2`1`1`1`0`0`0`0`0`0`2`0`2`0`0`1`1`0`0`1`0`0
    else if ( x == 3 ) printf( "5" );`FunctionDecl,false;IfStmt,false;IfStmt,false;IfStmt,false;`1`0`0`0`0`0`0`0`3`0`0`0`4`0`3`1`2`1`1`1`0`0`0`0`0`0`2`0`2`0`0`1`1`0`0`1`0`0
    else if ( x == 4 ) printf( "3" );`FunctionDecl,false;IfStmt,false;IfStmt,false;IfStmt,false;IfStmt,false;`1`0`0`0`0`0`0`0`4`0`0`0`5`0`4`1`2`1`1`1`0`0`0`0`0`0`2`0`2`0`0`1`1`0`0`1`0`0
    else if ( x == 5 ) printf( "3" );`FunctionDecl,false;IfStmt,false;IfStmt,false;IfStmt,false;IfStmt,false;IfStmt,false;`1`0`0`0`0`0`0`0`5`0`0`0`6`0`5`1`2`1`1`1`0`0`0`0`0`0`2`0`2`0`0`1`1`0`0`1`0`0
    else if ( x < 10 ) printf( "5" );`FunctionDecl,false;IfStmt,false;IfStmt,false;IfStmt,false;IfStmt,false;IfStmt,false;IfStmt,false;`1`0`0`0`0`0`0`0`6`0`0`0`7`0`6`1`2`1`1`1`0`0`0`0`0`0`2`0`2`0`0`1`1`0`0`1`0`0
        if ( x % 4 == 0 ) x -= 12;`FunctionDecl,false;IfStmt,false;IfStmt,false;IfStmt,false;IfStmt,false;IfStmt,false;IfStmt,false;IfStmt,false;`1`0`0`0`0`0`0`0`7`0`0`0`8`0`7`2`3`3`0`1`0`0`0`0`0`0`2`0`2`0`0`0`2`0`1`3`0`0
        else if ( x % 4 == 1 ) x -= 13;`FunctionDecl,false;IfStmt,false;IfStmt,false;IfStmt,false;IfStmt,false;IfStmt,false;IfStmt,false;IfStmt,false;IfStmt,false;`1`0`0`0`0`0`0`0`8`0`0`0`9`0`8`2`3`3`0`1`0`0`0`0`0`0`2`0`2`0`0`0`2`0`1`3`0`0
        else if ( x % 4 == 2 ) x -= 10;`FunctionDecl,false;IfStmt,false;IfStmt,false;IfStmt,false;IfStmt,false;IfStmt,false;IfStmt,false;IfStmt,false;IfStmt,false;IfStmt,false;`1`0`0`0`0`0`0`0`9`0`0`0`10`0`9`2`3`3`0`1`0`0`0`0`0`0`2`0`2`0`0`0`2`0`1`3`0`0
        else x -= 11;`FunctionDecl,false;IfStmt,false;IfStmt,false;IfStmt,false;IfStmt,false;IfStmt,false;IfStmt,false;IfStmt,false;IfStmt,false;IfStmt,false;`1`0`0`0`0`0`0`0`9`0`0`0`10`0`9`1`1`1`0`0`0`0`0`0`0`0`1`0`1`0`0`0`0`0`1`1`0`0
        int curr = 16, n = 5;`FunctionDecl,false;IfStmt,false;IfStmt,false;IfStmt,false;IfStmt,false;IfStmt,false;IfStmt,false;`1`0`0`0`0`0`0`0`6`0`0`0`7`0`6`0`2`2`0`0`0`0`0`0`0`2`0`1`3`0`0`0`0`0`0`0`0`1
        while ( x > 0 )`FunctionDecl,false;IfStmt,false;IfStmt,false;IfStmt,false;IfStmt,false;IfStmt,false;IfStmt,false;WhileStmt,false;`1`0`0`0`0`0`1`0`6`0`0`0`8`0`7`1`1`1`0`0`0`1`0`0`1`0`1`0`1`0`0`0`1`0`0`1`0`0
            x -= curr;`FunctionDecl,false;IfStmt,false;IfStmt,false;IfStmt,false;IfStmt,false;IfStmt,false;IfStmt,false;WhileStmt,false;`1`0`0`0`0`0`1`0`6`0`0`0`8`0`7`2`0`0`0`0`0`0`0`0`0`0`2`0`2`0`0`0`0`0`1`1`0`0
            curr *= 2;`FunctionDecl,false;IfStmt,false;IfStmt,false;IfStmt,false;IfStmt,false;IfStmt,false;IfStmt,false;WhileStmt,false;`1`0`0`0`0`0`1`0`6`0`0`0`8`0`7`1`1`1`0`0`0`0`0`0`0`0`1`0`1`0`0`0`0`0`1`1`0`1
            n += 2;`FunctionDecl,false;IfStmt,false;IfStmt,false;IfStmt,false;IfStmt,false;IfStmt,false;IfStmt,false;WhileStmt,false;`1`0`0`0`0`0`1`0`6`0`0`0`8`0`7`1`1`1`0`0`0`0`0`0`0`0`1`0`1`0`0`0`0`0`1`1`0`0
        printf( "%d\n", n );`FunctionDecl,false;IfStmt,false;IfStmt,false;IfStmt,false;IfStmt,false;IfStmt,false;IfStmt,false;`1`0`0`0`0`0`0`0`6`0`0`0`7`0`6`1`1`0`1`0`0`0`0`0`0`0`2`0`2`0`0`1`0`0`0`0`0`0
    return 0;`FunctionDecl,false;`1`0`0`0`0`0`0`0`0`0`0`0`1`0`0`0`0`0`0`0`0`0`0`0`0`0`0`0`0`0`0`0`0`0`0`0`0`0
