code`block`FunctionDecl`FunctionDeclRec`ForStmt`ForStmtRec`DoStmt`DoStmtRec`WhileStmt`WhileStmtRec`IfStmt`IfStmtRec`SwitchStmt`SwitchStmtRec`countBlocks`countBlocksRec`countCondition`countVariable`countLiteral`IntegerLiteral`StringLiteral`IfStmt`ForStmt`WhileStmt`DoStmt`SwitchStmt`countLoop`VarDecl`DeclRefExpr`DeclStmt`countDecl`countPointer`writeFunction`CallExpr`BinaryOperator`UnaryOperator`CompoundAssignOperator`countOperand`ArraySubscriptE`RealFaultLocation
int main(){`FunctionDecl,false;`1`0`0`0`0`0`0`0`0`0`0`0`1`0`0`0`0`0`0`0`0`0`0`0`0`0`0`0`0`0`0`0`0`0`0`0`0`0
    scanf("%d %d", &n, &k);`FunctionDecl,false;`1`0`0`0`0`0`0`0`0`0`0`0`1`0`0`2`1`0`1`0`0`0`0`0`0`0`3`0`3`2`0`1`0`2`0`2`0`0
    if(k > n || (n > 1 && k == 1))`FunctionDecl,false;IfStmt,false;`1`0`0`0`0`0`0`0`1`0`0`0`2`0`6`4`2`2`0`1`0`0`0`0`0`0`4`0`4`0`0`0`5`0`0`5`0`0
        printf("-1\n");`FunctionDecl,false;IfStmt,false;`1`0`0`0`0`0`0`0`1`0`0`0`2`0`6`0`1`0`1`0`0`0`0`0`0`0`1`0`1`0`0`1`0`0`0`0`0`0
        FWD(i,0,n-k+2)`FunctionDecl,false;IfStmt,false;ForStmt,false;`1`0`1`0`0`0`0`0`1`0`0`0`3`0`6`1`1`1`0`0`1`0`0`0`1`1`1`1`3`0`0`0`1`0`0`1`0`1
            printf((i&1)?"b":"a");`FunctionDecl,false;IfStmt,false;ForStmt,false;`1`0`1`0`0`0`0`0`1`0`0`0`3`0`6`4`4`2`2`0`0`0`0`0`0`0`5`0`5`0`0`1`3`1`0`4`0`0
        FWD(i,n-k+2,n)`FunctionDecl,false;IfStmt,false;ForStmt,false;`1`0`1`0`0`0`0`0`1`0`0`0`3`0`6`3`1`1`0`0`1`0`0`0`1`1`3`1`5`0`0`0`3`0`0`3`0`0
            printf("%c", 'c'+i-(n-k+2));`FunctionDecl,false;IfStmt,false;ForStmt,false;`1`0`1`0`0`0`0`0`1`0`0`0`3`0`6`5`3`1`1`0`0`0`0`0`0`0`6`0`6`0`0`1`4`1`0`5`0`0
    printf("\n");`FunctionDecl,false;`1`0`0`0`0`0`0`0`0`0`0`0`1`0`0`0`1`0`1`0`0`0`0`0`0`0`1`0`1`0`0`1`0`0`0`0`0`0
    return 0;`FunctionDecl,false;`1`0`0`0`0`0`0`0`0`0`0`0`1`0`0`0`0`0`0`0`0`0`0`0`0`0`0`0`0`0`0`0`0`0`0`0`0`0
