code`block`FunctionDecl`FunctionDeclRec`ForStmt`ForStmtRec`DoStmt`DoStmtRec`WhileStmt`WhileStmtRec`IfStmt`IfStmtRec`SwitchStmt`SwitchStmtRec`countBlocks`countBlocksRec`countCondition`countVariable`countLiteral`IntegerLiteral`StringLiteral`IfStmt`ForStmt`WhileStmt`DoStmt`SwitchStmt`countLoop`VarDecl`DeclRefExpr`DeclStmt`countDecl`countPointer`writeFunction`CallExpr`BinaryOperator`UnaryOperator`CompoundAssignOperator`countOperand`ArraySubscriptE`RealFaultLocation
int main(void){`FunctionDecl,false;`1`0`0`0`0`0`0`0`0`0`0`0`1`0`0`0`0`0`0`0`0`0`0`0`0`0`0`0`0`0`0`0`0`0`0`0`0`1
	cin>>n>>m;`FunctionDecl,false;`1`0`0`0`0`0`0`0`0`0`0`0`1`0`0`3`0`0`0`0`0`0`0`0`0`0`5`0`5`0`0`0`0`0`0`0`0`0
	ll sum=0;`FunctionDecl,false;`1`0`0`0`0`0`0`0`0`0`0`0`1`0`0`0`1`1`0`0`0`0`0`0`0`1`0`1`2`0`0`0`0`0`0`0`0`0
	REP(i,0,n){`FunctionDecl,false;ForStmt,false;`1`0`1`0`0`0`0`0`0`0`0`0`2`0`0`1`1`1`0`0`1`0`0`0`1`1`1`1`3`0`0`0`1`0`0`1`0`0
		int tt,ct;`FunctionDecl,false;ForStmt,false;`1`0`1`0`0`0`0`0`0`0`0`0`2`0`0`2`0`0`0`0`0`0`0`0`0`2`2`1`5`0`0`0`0`1`0`1`0`0
		cin>>tt>>ct>>x[i]>>cost[i];`FunctionDecl,false;ForStmt,false;`1`0`1`0`0`0`0`0`0`0`0`0`2`0`0`7`0`0`0`0`0`0`0`0`0`0`11`0`11`0`0`0`0`0`0`0`2`0
		t[i]=ct-tt;`FunctionDecl,false;ForStmt,false;`1`0`1`0`0`0`0`0`0`0`0`0`2`0`0`4`0`0`0`0`0`0`0`0`0`0`4`0`4`0`0`0`2`0`0`2`1`0
		ll tmp;`FunctionDecl,false;ForStmt,false;`1`0`1`0`0`0`0`0`0`0`0`0`2`0`0`0`0`0`0`0`0`0`0`0`0`1`0`1`2`0`0`0`0`0`0`0`0`0
		if(t[i]>0)`FunctionDecl,false;ForStmt,false;IfStmt,false;`1`0`1`0`0`0`0`0`1`0`0`0`3`0`1`2`1`1`0`1`0`0`0`0`0`0`2`0`2`0`0`0`1`0`0`1`1`0
			tmp=min(x[i]*m+cost[i],cost[i]*((m+t[i]-1)/t[i]));`FunctionDecl,false;ForStmt,false;IfStmt,false;`1`0`1`0`0`0`0`0`1`0`0`0`3`0`1`13`1`1`0`0`0`0`0`0`0`0`14`0`14`0`0`1`7`0`0`7`5`1
			tmp=x[i]*m+cost[i];`FunctionDecl,false;ForStmt,false;IfStmt,false;`1`0`1`0`0`0`0`0`1`0`0`0`3`0`1`6`0`0`0`0`0`0`0`0`0`0`6`0`6`0`0`0`3`0`0`3`2`0
		sum+=tmp;`FunctionDecl,false;ForStmt,false;`1`0`1`0`0`0`0`0`0`0`0`0`2`0`0`2`0`0`0`0`0`0`0`0`0`0`2`0`2`0`0`0`0`0`1`1`0`0
	cout<<sum<<endl;`FunctionDecl,false;`1`0`0`0`0`0`0`0`0`0`0`0`1`0`0`2`0`0`0`0`0`0`0`0`0`0`4`0`4`0`0`0`0`0`0`0`0`0
