code`block`FunctionDecl`FunctionDeclRec`ForStmt`ForStmtRec`DoStmt`DoStmtRec`WhileStmt`WhileStmtRec`IfStmt`IfStmtRec`SwitchStmt`SwitchStmtRec`countBlocks`countBlocksRec`countCondition`countVariable`countLiteral`IntegerLiteral`StringLiteral`IfStmt`ForStmt`WhileStmt`DoStmt`SwitchStmt`countLoop`VarDecl`DeclRefExpr`DeclStmt`countDecl`countPointer`writeFunction`CallExpr`BinaryOperator`UnaryOperator`CompoundAssignOperator`countOperand`ArraySubscriptE`RealFaultLocation
int main() {`FunctionDecl,false;`1`0`0`0`0`0`0`0`0`0`0`0`1`0`0`0`0`0`0`0`0`0`0`0`0`0`0`0`0`0`0`0`0`0`0`0`0`0
    int  n, m;`FunctionDecl,false;`1`0`0`0`0`0`0`0`0`0`0`0`1`0`0`0`0`0`0`0`0`0`0`0`0`2`0`1`3`0`0`0`0`0`0`0`0`0
    cin>> n>> m;`FunctionDecl,false;`1`0`0`0`0`0`0`0`0`0`0`0`1`0`0`3`0`0`0`0`0`0`0`0`0`0`5`0`5`0`0`0`0`0`0`0`0`0
    vector<int>x;`FunctionDecl,false;`1`0`0`0`0`0`0`0`0`0`0`0`1`0`0`0`0`0`0`0`0`0`0`0`0`1`0`1`2`0`0`0`0`0`0`0`0`0
    int counter =  n;`FunctionDecl,false;`1`0`0`0`0`0`0`0`0`0`0`0`1`0`0`1`0`0`0`0`0`0`0`0`0`1`1`1`3`0`0`0`0`0`0`0`0`0
    int middle   ;`FunctionDecl,false;`1`0`0`0`0`0`0`0`0`0`0`0`1`0`0`0`0`0`0`0`0`0`0`0`0`1`0`1`2`0`0`0`0`0`0`0`0`0
    if ( m % 2 == 0)`FunctionDecl,false;IfStmt,false;`1`0`0`0`0`0`0`0`1`0`0`0`2`0`1`1`2`2`0`1`0`0`0`0`0`0`1`0`1`0`0`0`2`0`0`2`0`0
        middle =  m / 2 ;`FunctionDecl,false;IfStmt,false;`1`0`0`0`0`0`0`0`1`0`0`0`2`0`1`2`1`1`0`0`0`0`0`0`0`0`2`0`2`0`0`0`2`0`0`2`0`0
        middle= m / 2 + 1 ;`FunctionDecl,false;IfStmt,false;`1`0`0`0`0`0`0`0`1`0`0`0`2`0`1`2`2`2`0`0`0`0`0`0`0`0`2`0`2`0`0`0`3`0`0`3`0`0
    bool  flag = false;`FunctionDecl,false;`1`0`0`0`0`0`0`0`0`0`0`0`1`0`0`0`1`0`0`0`0`0`0`0`0`1`0`1`2`0`0`0`0`0`0`0`0`0
    while ( counter >= 0){`FunctionDecl,false;WhileStmt,false;`1`0`0`0`0`0`1`0`0`0`0`0`2`0`1`1`1`1`0`0`0`1`0`0`1`0`1`0`1`0`0`0`1`0`0`1`0`0
        x.push_back(middle)  ;`FunctionDecl,false;WhileStmt,false;`1`0`0`0`0`0`1`0`0`0`0`0`2`0`1`2`0`0`0`0`0`0`0`0`0`0`2`0`2`0`0`0`0`0`0`0`0`0
        counter-- ;`FunctionDecl,false;WhileStmt,false;`1`0`0`0`0`0`1`0`0`0`0`0`2`0`1`1`0`0`0`0`0`0`0`0`0`0`1`0`1`0`0`0`0`1`0`1`0`0
        if (m % 2 == 0 ){`FunctionDecl,false;WhileStmt,false;IfStmt,false;`1`0`0`0`0`0`1`0`1`0`0`0`3`0`2`1`2`2`0`1`0`0`0`0`0`0`1`0`1`0`0`0`2`0`0`2`0`1
            x.push_back(middle+1) ;`FunctionDecl,false;WhileStmt,false;IfStmt,false;`1`0`0`0`0`0`1`0`1`0`0`0`3`0`2`2`1`1`0`0`0`0`0`0`0`0`2`0`2`0`0`0`1`0`0`1`0`0
            counter -- ;`FunctionDecl,false;WhileStmt,false;IfStmt,false;`1`0`0`0`0`0`1`0`1`0`0`0`3`0`2`1`0`0`0`0`0`0`0`0`0`0`1`0`1`0`0`0`0`1`0`1`0`0
            flag = true ;`FunctionDecl,false;WhileStmt,false;IfStmt,false;`1`0`0`0`0`0`1`0`1`0`0`0`3`0`2`1`1`0`0`0`0`0`0`0`0`0`1`0`1`0`0`0`1`0`0`1`0`0
        if ( counter == 0)`FunctionDecl,false;WhileStmt,false;IfStmt,false;`1`0`0`0`0`0`1`0`1`0`0`0`3`0`2`1`1`1`0`1`0`0`0`0`0`0`1`0`1`0`0`0`1`0`0`1`0`0
            break ;`FunctionDecl,false;WhileStmt,false;IfStmt,false;`1`0`0`0`0`0`1`0`1`0`0`0`3`0`2`0`0`0`0`0`0`0`0`0`0`0`0`0`0`0`0`0`0`0`0`0`0`0
        if (flag)`FunctionDecl,false;WhileStmt,false;IfStmt,false;`1`0`0`0`0`0`1`0`1`0`0`0`3`0`3`1`0`0`0`1`0`0`0`0`0`0`1`0`1`0`0`0`0`0`0`0`0`0
        for (int i = middle - 1, j = middle + 2 ; j <= m , i >0 ; j++ , i-- ){`FunctionDecl,false;WhileStmt,false;IfStmt,false;ForStmt,false;`1`0`1`0`0`0`1`0`1`0`0`0`4`0`6`7`3`3`0`0`1`0`0`0`1`2`7`1`10`0`0`0`6`2`0`8`0`0
            if ( counter - 1 >=0 ){`FunctionDecl,false;WhileStmt,false;IfStmt,false;ForStmt,false;IfStmt,false;`1`0`1`0`0`0`1`0`2`0`0`0`5`0`7`1`2`2`0`1`0`0`0`0`0`0`1`0`1`0`0`0`2`0`0`2`0`0
                x.push_back(i) ;`FunctionDecl,false;WhileStmt,false;IfStmt,false;ForStmt,false;IfStmt,false;`1`0`1`0`0`0`1`0`2`0`0`0`5`0`7`2`0`0`0`0`0`0`0`0`0`0`2`0`2`0`0`0`0`0`0`0`0`0
                counter-- ;`FunctionDecl,false;WhileStmt,false;IfStmt,false;ForStmt,false;IfStmt,false;`1`0`1`0`0`0`1`0`2`0`0`0`5`0`7`1`0`0`0`0`0`0`0`0`0`0`1`0`1`0`0`0`0`1`0`1`0`0
            if (counter - 1 >= 0){`FunctionDecl,false;WhileStmt,false;IfStmt,false;ForStmt,false;IfStmt,false;`1`0`1`0`0`0`1`0`2`0`0`0`5`0`7`1`2`2`0`1`0`0`0`0`0`0`1`0`1`0`0`0`2`0`0`2`0`0
                x.push_back(j)  ;`FunctionDecl,false;WhileStmt,false;IfStmt,false;ForStmt,false;IfStmt,false;`1`0`1`0`0`0`1`0`2`0`0`0`5`0`7`2`0`0`0`0`0`0`0`0`0`0`2`0`2`0`0`0`0`0`0`0`0`0
                counter--  ;`FunctionDecl,false;WhileStmt,false;IfStmt,false;ForStmt,false;IfStmt,false;`1`0`1`0`0`0`1`0`2`0`0`0`5`0`7`1`0`0`0`0`0`0`0`0`0`0`1`0`1`0`0`0`0`1`0`1`0`0
            if ( counter == 0 ){`FunctionDecl,false;WhileStmt,false;IfStmt,false;ForStmt,false;IfStmt,false;`1`0`1`0`0`0`1`0`2`0`0`0`5`0`7`1`1`1`0`1`0`0`0`0`0`0`1`0`1`0`0`0`1`0`0`1`0`0
                counter = -1  ;`FunctionDecl,false;WhileStmt,false;IfStmt,false;ForStmt,false;IfStmt,false;`1`0`1`0`0`0`1`0`2`0`0`0`5`0`7`1`1`1`0`0`0`0`0`0`0`0`1`0`1`0`0`0`1`1`0`2`0`0
                break ;`FunctionDecl,false;WhileStmt,false;IfStmt,false;ForStmt,false;IfStmt,false;`1`0`1`0`0`0`1`0`2`0`0`0`5`0`7`0`0`0`0`0`0`0`0`0`0`0`0`0`0`0`0`0`0`0`0`0`0`0
        else for (int i = middle - 1, j = middle + 1 ; j <= m , i >0 ; j++ , i-- ){`FunctionDecl,false;WhileStmt,false;IfStmt,false;ForStmt,false;`1`0`1`0`0`0`1`0`1`0`0`0`4`0`6`7`3`3`0`0`1`0`0`0`1`2`7`1`10`0`0`0`6`2`0`8`0`0
            if ( counter - 1 >=0 ){`FunctionDecl,false;WhileStmt,false;IfStmt,false;ForStmt,false;IfStmt,false;`1`0`1`0`0`0`1`0`2`0`0`0`5`0`7`1`2`2`0`1`0`0`0`0`0`0`1`0`1`0`0`0`2`0`0`2`0`0
                x.push_back(i) ;`FunctionDecl,false;WhileStmt,false;IfStmt,false;ForStmt,false;IfStmt,false;`1`0`1`0`0`0`1`0`2`0`0`0`5`0`7`2`0`0`0`0`0`0`0`0`0`0`2`0`2`0`0`0`0`0`0`0`0`0
                counter-- ;`FunctionDecl,false;WhileStmt,false;IfStmt,false;ForStmt,false;IfStmt,false;`1`0`1`0`0`0`1`0`2`0`0`0`5`0`7`1`0`0`0`0`0`0`0`0`0`0`1`0`1`0`0`0`0`1`0`1`0`0
            if (counter - 1 >= 0){`FunctionDecl,false;WhileStmt,false;IfStmt,false;ForStmt,false;IfStmt,false;`1`0`1`0`0`0`1`0`2`0`0`0`5`0`7`1`2`2`0`1`0`0`0`0`0`0`1`0`1`0`0`0`2`0`0`2`0`0
                x.push_back(j)  ;`FunctionDecl,false;WhileStmt,false;IfStmt,false;ForStmt,false;IfStmt,false;`1`0`1`0`0`0`1`0`2`0`0`0`5`0`7`2`0`0`0`0`0`0`0`0`0`0`2`0`2`0`0`0`0`0`0`0`0`0
                counter--  ;`FunctionDecl,false;WhileStmt,false;IfStmt,false;ForStmt,false;IfStmt,false;`1`0`1`0`0`0`1`0`2`0`0`0`5`0`7`1`0`0`0`0`0`0`0`0`0`0`1`0`1`0`0`0`0`1`0`1`0`0
            if ( counter == 0 ){`FunctionDecl,false;WhileStmt,false;IfStmt,false;ForStmt,false;IfStmt,false;`1`0`1`0`0`0`1`0`2`0`0`0`5`0`7`1`1`1`0`1`0`0`0`0`0`0`1`0`1`0`0`0`1`0`0`1`0`0
                counter = -1  ;`FunctionDecl,false;WhileStmt,false;IfStmt,false;ForStmt,false;IfStmt,false;`1`0`1`0`0`0`1`0`2`0`0`0`5`0`7`1`1`1`0`0`0`0`0`0`0`0`1`0`1`0`0`0`1`1`0`2`0`0
                break ;`FunctionDecl,false;WhileStmt,false;IfStmt,false;ForStmt,false;IfStmt,false;`1`0`1`0`0`0`1`0`2`0`0`0`5`0`7`0`0`0`0`0`0`0`0`0`0`0`0`0`0`0`0`0`0`0`0`0`0`0
    for ( int i = 0 ; i < x.size()  ; i++)`FunctionDecl,false;ForStmt,false;`1`0`1`0`0`0`0`0`0`0`0`0`2`0`1`3`1`1`0`0`1`0`0`0`1`1`3`1`5`0`0`0`1`1`0`2`0`0
        cout<<x[i]<<endl;`FunctionDecl,false;ForStmt,false;`1`0`1`0`0`0`0`0`0`0`0`0`2`0`1`3`0`0`0`0`0`0`0`0`0`0`7`0`7`0`0`0`0`0`0`0`0`0
    return 0;`FunctionDecl,false;`1`0`0`0`0`0`0`0`0`0`0`0`1`0`0`0`0`0`0`0`0`0`0`0`0`0`0`0`0`0`0`0`0`0`0`0`0`0
