code`block`FunctionDecl`FunctionDeclRec`ForStmt`ForStmtRec`DoStmt`DoStmtRec`WhileStmt`WhileStmtRec`IfStmt`IfStmtRec`SwitchStmt`SwitchStmtRec`countBlocks`countBlocksRec`countCondition`countVariable`countLiteral`IntegerLiteral`StringLiteral`IfStmt`ForStmt`WhileStmt`DoStmt`SwitchStmt`countLoop`VarDecl`DeclRefExpr`DeclStmt`countDecl`countPointer`writeFunction`CallExpr`BinaryOperator`UnaryOperator`CompoundAssignOperator`countOperand`ArraySubscriptE`RealFaultLocation
int main()`FunctionDecl,false;`1`0`0`0`0`0`0`0`0`0`0`0`1`0`0`0`0`0`0`0`0`0`0`0`0`0`0`0`0`0`0`0`0`0`0`0`0`0
string st,s[100]; getline(cin,st);`FunctionDecl,false;`1`0`0`0`0`0`0`0`0`0`0`0`1`0`0`2`0`0`0`0`0`0`0`0`0`2`3`1`6`0`0`1`0`0`0`0`0`1
int j=0, n=0;`FunctionDecl,false;`1`0`0`0`0`0`0`0`0`0`0`0`1`0`0`0`2`2`0`0`0`0`0`0`0`2`0`1`3`0`0`0`0`0`0`0`0`0
bool f=false;`FunctionDecl,false;`1`0`0`0`0`0`0`0`0`0`0`0`1`0`0`0`1`0`0`0`0`0`0`0`0`1`0`1`2`0`0`0`0`0`0`0`0`1
for (int i=0;i<st.size();i++)`FunctionDecl,false;ForStmt,false;`1`0`1`0`0`0`0`0`0`0`0`0`2`0`1`3`1`1`0`0`1`0`0`0`1`1`3`1`5`0`0`0`1`1`0`2`0`0
{if ((st[i]=='"')&&f==false) {j=i+1; f=true;continue;} // начала нового слова`FunctionDecl,false;ForStmt,false;IfStmt,false;`1`0`1`0`0`0`0`0`1`0`0`0`3`0`11`6`4`1`0`1`0`0`0`0`0`0`7`0`7`0`0`0`6`0`0`6`0`0
 if ((st[i]=='"')&&f) {s[n]=st.substr(j,i-j);n++; f=false;continue;} // начала нового слова`FunctionDecl,false;ForStmt,false;IfStmt,false;`1`0`1`0`0`0`0`0`1`0`0`0`3`0`9`11`2`0`0`1`0`0`0`0`0`0`13`0`13`0`0`0`4`1`0`5`1`0
 if (f==false)`FunctionDecl,false;ForStmt,false;IfStmt,false;`1`0`1`0`0`0`0`0`1`0`0`0`3`0`5`1`1`0`0`1`0`0`0`0`0`0`1`0`1`0`0`0`1`0`0`1`0`0
  {if ((st[i]==' ')&&(st[i+1]!=' ')) j=i+1; // начала нового слова`FunctionDecl,false;ForStmt,false;IfStmt,false;IfStmt,false;`1`0`1`0`0`0`0`0`2`0`0`0`4`0`10`6`4`2`0`1`0`0`0`0`0`0`8`0`8`0`0`0`6`0`0`6`0`0
  if ((st[i]!=' ')&&(st[i+1]==' '))`FunctionDecl,false;ForStmt,false;IfStmt,false;IfStmt,false;`1`0`1`0`0`0`0`0`2`0`0`0`4`0`10`11`4`2`0`1`0`0`0`0`0`0`14`0`14`0`0`0`6`1`0`7`1`0
for (int i=0; i<n;i++) cout<<"<"<<s[i]<<">"<<endl;`FunctionDecl,false;ForStmt,false;`1`0`1`0`0`0`0`0`0`0`0`0`2`0`1`6`3`1`2`0`1`0`0`0`1`1`11`1`13`0`0`0`1`1`0`2`1`0
return 0;`FunctionDecl,false;`1`0`0`0`0`0`0`0`0`0`0`0`1`0`0`0`0`0`0`0`0`0`0`0`0`0`0`0`0`0`0`0`0`0`0`0`0`0
