code`block`FunctionDecl`FunctionDeclRec`ForStmt`ForStmtRec`DoStmt`DoStmtRec`WhileStmt`WhileStmtRec`IfStmt`IfStmtRec`SwitchStmt`SwitchStmtRec`countBlocks`countBlocksRec`countCondition`countVariable`countLiteral`IntegerLiteral`StringLiteral`IfStmt`ForStmt`WhileStmt`DoStmt`SwitchStmt`countLoop`VarDecl`DeclRefExpr`DeclStmt`countDecl`countPointer`writeFunction`CallExpr`BinaryOperator`UnaryOperator`CompoundAssignOperator`countOperand`ArraySubscriptE`RealFaultLocation
int main()`FunctionDecl,false;`1`0`0`0`0`0`0`0`0`0`0`0`1`0`0`0`0`0`0`0`0`0`0`0`0`0`0`0`0`0`0`0`0`0`0`0`0`0
{long long n,ans1,ans2; cin>>n;`FunctionDecl,false;`1`0`0`0`0`0`0`0`0`0`0`0`1`0`0`2`0`0`0`0`0`0`0`0`0`3`3`1`7`0`0`0`0`0`0`0`0`0
ans1=min((n+1)*9,(n+2)*6);`FunctionDecl,false;`1`0`0`0`0`0`0`0`0`0`0`0`1`0`0`3`4`4`0`0`0`0`0`0`0`0`4`0`4`0`0`1`5`0`0`5`0`0
ans2=max((n+1)*9,(n+2)*6);`FunctionDecl,false;`1`0`0`0`0`0`0`0`0`0`0`0`1`0`0`3`4`4`0`0`0`0`0`0`0`0`4`0`4`0`0`1`5`0`0`5`0`0
for (long long i=1;i<n/2;i++)`FunctionDecl,false;ForStmt,false;`1`0`1`0`0`0`0`0`0`0`0`0`2`0`1`3`2`2`0`0`1`0`0`0`1`1`3`1`5`0`0`0`2`1`0`3`0`1
 if (n%i==0)`FunctionDecl,false;ForStmt,false;IfStmt,false;`1`0`1`0`0`0`0`0`1`0`0`0`3`0`2`2`1`1`0`1`0`0`0`0`0`0`2`0`2`0`0`0`2`0`0`2`0`0
 {long long n1=n/i;`FunctionDecl,false;ForStmt,false;IfStmt,false;`1`0`1`0`0`0`0`0`1`0`0`0`3`0`2`2`0`0`0`0`0`0`0`0`0`1`2`1`4`0`0`0`1`0`0`1`0`0
  for (long long j=i+(i==1);j<n1/2;j++)`FunctionDecl,false;ForStmt,false;IfStmt,false;ForStmt,false;`1`0`2`0`0`0`0`0`1`0`0`0`4`0`5`5`2`2`0`0`1`0`0`0`1`1`5`1`7`0`0`0`4`1`0`5`0`1
   if (n1%j==0)`FunctionDecl,false;ForStmt,false;IfStmt,false;ForStmt,false;IfStmt,false;`1`0`2`0`0`0`0`0`2`0`0`0`5`0`6`2`1`1`0`1`0`0`0`0`0`0`2`0`2`0`0`0`2`0`0`2`0`0
    {long long k=n1/j;`FunctionDecl,false;ForStmt,false;IfStmt,false;ForStmt,false;IfStmt,false;`1`0`2`0`0`0`0`0`2`0`0`0`5`0`6`2`0`0`0`0`0`0`0`0`0`1`2`1`4`0`0`0`1`0`0`1`0`0
     long long x1,x2,x3;`FunctionDecl,false;ForStmt,false;IfStmt,false;ForStmt,false;IfStmt,false;`1`0`2`0`0`0`0`0`2`0`0`0`5`0`6`0`0`0`0`0`0`0`0`0`0`3`0`1`4`0`0`0`0`0`0`0`0`0
      x1=(i+2)*(j+2)*(k+1);`FunctionDecl,false;ForStmt,false;IfStmt,false;ForStmt,false;IfStmt,false;`1`0`2`0`0`0`0`0`2`0`0`0`5`0`6`4`3`3`0`0`0`0`0`0`0`0`4`0`4`0`0`0`6`0`0`6`0`0
      x2=(i+2)*(j+1)*(k+2);`FunctionDecl,false;ForStmt,false;IfStmt,false;ForStmt,false;IfStmt,false;`1`0`2`0`0`0`0`0`2`0`0`0`5`0`6`4`3`3`0`0`0`0`0`0`0`0`4`0`4`0`0`0`6`0`0`6`0`0
      x3=(i+1)*(j+2)*(k+2);`FunctionDecl,false;ForStmt,false;IfStmt,false;ForStmt,false;IfStmt,false;`1`0`2`0`0`0`0`0`2`0`0`0`5`0`6`4`3`3`0`0`0`0`0`0`0`0`4`0`4`0`0`0`6`0`0`6`0`0
     ans1=min(min(ans1,x1),min(x2,x3));`FunctionDecl,false;ForStmt,false;IfStmt,false;ForStmt,false;IfStmt,false;`1`0`2`0`0`0`0`0`2`0`0`0`5`0`6`5`0`0`0`0`0`0`0`0`0`0`8`0`8`0`0`3`1`0`0`1`0`0
     ans2=max(max(ans2,x1),max(x2,x3));`FunctionDecl,false;ForStmt,false;IfStmt,false;ForStmt,false;IfStmt,false;`1`0`2`0`0`0`0`0`2`0`0`0`5`0`6`5`0`0`0`0`0`0`0`0`0`0`8`0`8`0`0`3`1`0`0`1`0`0
cout<<ans1-n<<" "<<ans2-n;`FunctionDecl,false;`1`0`0`0`0`0`0`0`0`0`0`0`1`0`0`5`1`0`1`0`0`0`0`0`0`0`8`0`8`0`0`0`2`0`0`2`0`0
return 0;`FunctionDecl,false;`1`0`0`0`0`0`0`0`0`0`0`0`1`0`0`0`0`0`0`0`0`0`0`0`0`0`0`0`0`0`0`0`0`0`0`0`0`0
