code`block`FunctionDecl`FunctionDeclRec`ForStmt`ForStmtRec`DoStmt`DoStmtRec`WhileStmt`WhileStmtRec`IfStmt`IfStmtRec`SwitchStmt`SwitchStmtRec`countBlocks`countBlocksRec`countCondition`countVariable`countLiteral`IntegerLiteral`StringLiteral`IfStmt`ForStmt`WhileStmt`DoStmt`SwitchStmt`countLoop`VarDecl`DeclRefExpr`DeclStmt`countDecl`countPointer`writeFunction`CallExpr`BinaryOperator`UnaryOperator`CompoundAssignOperator`countOperand`ArraySubscriptE`RealFaultLocation
int main()`FunctionDecl,false;`1`0`0`0`0`0`0`0`0`0`0`0`1`0`0`0`0`0`0`0`0`0`0`0`0`0`0`0`0`0`0`0`0`0`0`0`0`0
    int n,s=0;`FunctionDecl,false;`1`0`0`0`0`0`0`0`0`0`0`0`1`0`0`0`1`1`0`0`0`0`0`0`0`2`0`1`3`0`0`0`0`0`0`0`0`0
    cin>>n;`FunctionDecl,false;`1`0`0`0`0`0`0`0`0`0`0`0`1`0`0`2`0`0`0`0`0`0`0`0`0`0`3`0`3`0`0`0`0`0`0`0`0`0
    if(n<=10)`FunctionDecl,false;IfStmt,false;`1`0`0`0`0`0`0`0`1`0`0`0`2`0`1`1`1`1`0`1`0`0`0`0`0`0`1`0`1`0`0`0`1`0`0`1`0`0
        cout<<0;`FunctionDecl,false;IfStmt,false;`1`0`0`0`0`0`0`0`1`0`0`0`2`0`1`1`1`1`0`0`0`0`0`0`0`0`2`0`2`0`0`0`0`0`0`0`0`0
        s=n-10;`FunctionDecl,false;IfStmt,false;`1`0`0`0`0`0`0`0`1`0`0`0`2`0`1`2`1`1`0`0`0`0`0`0`0`0`2`0`2`0`0`0`2`0`0`2`0`0
        if(s==1)`FunctionDecl,false;IfStmt,false;IfStmt,false;`1`0`0`0`0`0`0`0`2`0`0`0`3`0`2`1`1`1`0`1`0`0`0`0`0`0`1`0`1`0`0`0`1`0`0`1`0`1
            cout<<4;`FunctionDecl,false;IfStmt,false;IfStmt,false;`1`0`0`0`0`0`0`0`2`0`0`0`3`0`2`1`1`1`0`0`0`0`0`0`0`0`2`0`2`0`0`0`0`0`0`0`0`0
        else if( s!=1  && s<=9)`FunctionDecl,false;IfStmt,false;IfStmt,false;IfStmt,false;`1`0`0`0`0`0`0`0`3`0`0`0`4`0`5`2`2`2`0`1`0`0`0`0`0`0`2`0`2`0`0`0`3`0`0`3`0`0
            cout<<4;`FunctionDecl,false;IfStmt,false;IfStmt,false;IfStmt,false;`1`0`0`0`0`0`0`0`3`0`0`0`4`0`5`1`1`1`0`0`0`0`0`0`0`0`2`0`2`0`0`0`0`0`0`0`0`0
        else if(s==10)`FunctionDecl,false;IfStmt,false;IfStmt,false;IfStmt,false;IfStmt,false;`1`0`0`0`0`0`0`0`4`0`0`0`5`0`6`1`1`1`0`1`0`0`0`0`0`0`1`0`1`0`0`0`1`0`0`1`0`0
            cout<<15;`FunctionDecl,false;IfStmt,false;IfStmt,false;IfStmt,false;IfStmt,false;`1`0`0`0`0`0`0`0`4`0`0`0`5`0`6`1`1`1`0`0`0`0`0`0`0`0`2`0`2`0`0`0`0`0`0`0`0`0
        else if(s>11)`FunctionDecl,false;IfStmt,false;IfStmt,false;IfStmt,false;IfStmt,false;IfStmt,false;`1`0`0`0`0`0`0`0`5`0`0`0`6`0`7`1`1`1`0`1`0`0`0`0`0`0`1`0`1`0`0`0`1`0`0`1`0`0
            cout<<0;`FunctionDecl,false;IfStmt,false;IfStmt,false;IfStmt,false;IfStmt,false;IfStmt,false;`1`0`0`0`0`0`0`0`5`0`0`0`6`0`7`1`1`1`0`0`0`0`0`0`0`0`2`0`2`0`0`0`0`0`0`0`0`0
