code`block`FunctionDecl`FunctionDeclRec`ForStmt`ForStmtRec`DoStmt`DoStmtRec`WhileStmt`WhileStmtRec`IfStmt`IfStmtRec`SwitchStmt`SwitchStmtRec`countBlocks`countBlocksRec`countCondition`countVariable`countLiteral`IntegerLiteral`StringLiteral`IfStmt`ForStmt`WhileStmt`DoStmt`SwitchStmt`countLoop`VarDecl`DeclRefExpr`DeclStmt`countDecl`countPointer`writeFunction`CallExpr`BinaryOperator`UnaryOperator`CompoundAssignOperator`countOperand`ArraySubscriptE`RealFaultLocation
LL modpow( LL x, LL n ){`FunctionDecl,true;`1`1`0`0`0`0`0`0`0`0`0`0`1`1`0`0`0`0`0`0`0`0`0`0`0`0`0`0`0`0`0`0`0`0`0`0`0`1
   if( n == 0LL ) return 1LL;`FunctionDecl,true;IfStmt,false;`1`1`0`0`0`0`0`0`1`0`0`0`2`1`1`1`2`2`0`1`0`0`0`0`0`0`1`0`1`0`0`0`1`0`0`1`0`0
   if( n == 1LL ) return x % MOD;`FunctionDecl,true;IfStmt,false;`1`1`0`0`0`0`0`0`1`0`0`0`2`1`1`3`1`1`0`1`0`0`0`0`0`0`3`0`3`0`0`0`2`0`0`2`0`0
   if( n % 2LL == 0LL ) {`FunctionDecl,true;IfStmt,false;`1`1`0`0`0`0`0`0`1`0`0`0`2`1`1`1`2`2`0`1`0`0`0`0`0`0`1`0`1`0`0`0`2`0`0`2`0`0
      LL val = modpow( x, n / 2LL);`FunctionDecl,true;IfStmt,false;`1`1`0`0`0`0`0`0`1`0`0`0`2`1`1`2`1`1`0`0`0`0`0`0`0`1`3`1`5`0`1`1`1`0`0`1`0`0
      return ( val * val ) % MOD;`FunctionDecl,true;IfStmt,false;`1`1`0`0`0`0`0`0`1`0`0`0`2`1`1`3`0`0`0`0`0`0`0`0`0`0`3`0`3`0`0`0`2`0`0`2`0`0
      return ( x * modpow(x,n-1LL) ) % MOD;`FunctionDecl,true;IfStmt,false;`1`1`0`0`0`0`0`0`1`0`0`0`2`1`1`4`1`1`0`0`0`0`0`0`0`0`5`0`5`0`1`1`3`0`0`3`0`0
int main() {`FunctionDecl,false;`1`0`0`0`0`0`0`0`0`0`0`0`1`0`0`0`0`0`0`0`0`0`0`0`0`0`0`0`0`0`0`0`0`0`0`0`0`0
    LL n;`FunctionDecl,false;`1`0`0`0`0`0`0`0`0`0`0`0`1`0`0`0`0`0`0`0`0`0`0`0`0`1`0`1`2`0`0`0`0`0`0`0`0`0
    cin>>n;`FunctionDecl,false;`1`0`0`0`0`0`0`0`0`0`0`0`1`0`0`2`0`0`0`0`0`0`0`0`0`0`3`0`3`0`0`0`0`0`0`0`0`0
    if( n == 0LL ) printf("1\n");`FunctionDecl,false;IfStmt,false;`1`0`0`0`0`0`0`0`1`0`0`0`2`0`1`1`2`1`1`1`0`0`0`0`0`0`2`0`2`0`0`1`1`0`0`1`0`0
    cout<<( (modpow(2LL, 2LL * n - 1LL) + modpow(2LL, n - 1LL)) % MOD) << endl;`FunctionDecl,false;IfStmt,false;`1`0`0`0`0`0`0`0`1`0`0`0`2`0`1`4`5`5`0`0`0`0`0`0`0`0`9`0`9`0`2`2`5`0`0`5`0`0
    return 0;`FunctionDecl,false;`1`0`0`0`0`0`0`0`0`0`0`0`1`0`0`0`0`0`0`0`0`0`0`0`0`0`0`0`0`0`0`0`0`0`0`0`0`0
