code`block`FunctionDecl`FunctionDeclRec`ForStmt`ForStmtRec`DoStmt`DoStmtRec`WhileStmt`WhileStmtRec`IfStmt`IfStmtRec`SwitchStmt`SwitchStmtRec`countBlocks`countBlocksRec`countCondition`countVariable`countLiteral`IntegerLiteral`StringLiteral`IfStmt`ForStmt`WhileStmt`DoStmt`SwitchStmt`countLoop`VarDecl`DeclRefExpr`DeclStmt`countDecl`countPointer`writeFunction`CallExpr`BinaryOperator`UnaryOperator`CompoundAssignOperator`countOperand`ArraySubscriptE`RealFaultLocation
int main() {`FunctionDecl,false;`1`0`0`0`0`0`0`0`0`0`0`0`1`0`0`0`0`0`0`0`0`0`0`0`0`0`0`0`0`0`0`0`0`0`0`0`0`0
    int people, peopleHolder,  planeCount, min, max;`FunctionDecl,false;`1`0`0`0`0`0`0`0`0`0`0`0`1`0`0`0`0`0`0`0`0`0`0`0`0`5`0`1`6`0`0`0`0`0`0`0`0`0
    vector<int> planeList;`FunctionDecl,false;`1`0`0`0`0`0`0`0`0`0`0`0`1`0`0`0`0`0`0`0`0`0`0`0`0`1`0`1`2`0`0`0`0`0`0`0`0`0
    people = peopleHolder = planeCount = min = max = 0;`FunctionDecl,false;`1`0`0`0`0`0`0`0`0`0`0`0`1`0`0`5`1`1`0`0`0`0`0`0`0`0`5`0`5`0`0`0`5`0`0`5`0`0
    cin >> peopleHolder >> planeCount;`FunctionDecl,false;`1`0`0`0`0`0`0`0`0`0`0`0`1`0`0`3`0`0`0`0`0`0`0`0`0`0`5`0`5`0`0`0`0`0`0`0`0`0
    for(int i = 0; i < planeCount; i++) {`FunctionDecl,false;ForStmt,false;`1`0`1`0`0`0`0`0`0`0`0`0`2`0`1`3`1`1`0`0`1`0`0`0`1`1`3`1`5`0`0`0`1`1`0`2`0`0
        int temp;`FunctionDecl,false;ForStmt,false;`1`0`1`0`0`0`0`0`0`0`0`0`2`0`1`0`0`0`0`0`0`0`0`0`0`1`0`1`2`0`0`0`0`0`0`0`0`0
        cin >> temp;`FunctionDecl,false;ForStmt,false;`1`0`1`0`0`0`0`0`0`0`0`0`2`0`1`2`0`0`0`0`0`0`0`0`0`0`3`0`3`0`0`0`0`0`0`0`0`0
        planeList.push_back(temp);`FunctionDecl,false;ForStmt,false;`1`0`1`0`0`0`0`0`0`0`0`0`2`0`1`2`0`0`0`0`0`0`0`0`0`0`2`0`2`0`0`0`0`0`0`0`0`0
    sort(planeList.begin(), planeList.end());`FunctionDecl,false;`1`0`0`0`0`0`0`0`0`0`0`0`1`0`0`2`0`0`0`0`0`0`0`0`0`0`3`0`3`0`0`1`0`0`0`0`0`0
    people = peopleHolder;`FunctionDecl,false;`1`0`0`0`0`0`0`0`0`0`0`0`1`0`0`2`0`0`0`0`0`0`0`0`0`0`2`0`2`0`0`0`1`0`0`1`0`0
    for(int i = 0; i < planeCount && people != 0; i++) {`FunctionDecl,false;ForStmt,false;`1`0`1`0`0`0`0`0`0`0`0`0`2`0`3`4`2`2`0`0`1`0`0`0`1`1`4`1`6`0`0`0`3`1`0`4`0`0
        if(people <= planeList[i]) {`FunctionDecl,false;ForStmt,false;IfStmt,false;`1`0`1`0`0`0`0`0`1`0`0`0`3`0`4`3`0`0`0`1`0`0`0`0`0`0`4`0`4`0`0`0`1`0`0`1`0`0
            min += planeList[i]*(planeList[i]+1)/2 - (planeList[i]-people)*(planeList[i]-people+1)/2;`FunctionDecl,false;ForStmt,false;IfStmt,false;`1`0`1`0`0`0`0`0`1`0`0`0`3`0`4`11`4`4`0`0`0`0`0`0`0`0`15`0`15`0`0`0`9`0`1`10`0`0
            people = 0;`FunctionDecl,false;ForStmt,false;IfStmt,false;`1`0`1`0`0`0`0`0`1`0`0`0`3`0`4`1`1`1`0`0`0`0`0`0`0`0`1`0`1`0`0`0`1`0`0`1`0`0
            min += planeList[i]*(planeList[i]+1)/2;`FunctionDecl,false;ForStmt,false;IfStmt,false;`1`0`1`0`0`0`0`0`1`0`0`0`3`0`4`5`2`2`0`0`0`0`0`0`0`0`7`0`7`0`0`0`3`0`1`4`0`0
            people -= planeList[i];`FunctionDecl,false;ForStmt,false;IfStmt,false;`1`0`1`0`0`0`0`0`1`0`0`0`3`0`4`3`0`0`0`0`0`0`0`0`0`0`4`0`4`0`0`0`0`0`1`1`0`0
    sort(planeList.rbegin(), planeList.rend());`FunctionDecl,false;`1`0`0`0`0`0`0`0`0`0`0`0`1`0`0`2`0`0`0`0`0`0`0`0`0`0`3`0`3`0`0`1`0`0`0`0`0`0
    people = peopleHolder;`FunctionDecl,false;`1`0`0`0`0`0`0`0`0`0`0`0`1`0`0`2`0`0`0`0`0`0`0`0`0`0`2`0`2`0`0`0`1`0`0`1`0`0
    for(int i = 0; i < planeCount && people != 0 && planeCount != 1; i++) {`FunctionDecl,false;ForStmt,false;`1`0`1`0`0`0`0`0`0`0`0`0`2`0`5`5`3`3`0`0`1`0`0`0`1`1`5`1`7`0`0`0`5`1`0`6`0`1
        for(int n = 0; n < planeCount && people != 0; n++) {`FunctionDecl,false;ForStmt,false;ForStmt,false;`1`0`2`0`0`0`0`0`0`0`0`0`3`0`8`4`2`2`0`0`1`0`0`0`1`1`4`1`6`0`0`0`3`1`0`4`0`0
            if (n == 0)`FunctionDecl,false;ForStmt,false;ForStmt,false;IfStmt,false;`1`0`2`0`0`0`0`0`1`0`0`0`4`0`9`1`1`1`0`1`0`0`0`0`0`0`1`0`1`0`0`0`1`0`0`1`0`0
                while(planeList[0] >= planeList[1] && people != 0) {`FunctionDecl,false;ForStmt,false;ForStmt,false;IfStmt,false;WhileStmt,false;`1`0`2`0`0`0`1`0`1`0`0`0`5`0`12`3`3`3`0`0`0`1`0`0`1`0`5`0`5`0`0`0`3`0`0`3`0`0
                    max += planeList[0];`FunctionDecl,false;ForStmt,false;ForStmt,false;IfStmt,false;WhileStmt,false;`1`0`2`0`0`0`1`0`1`0`0`0`5`0`12`2`1`1`0`0`0`0`0`0`0`0`3`0`3`0`0`0`0`0`1`1`0`1
                    planeList[0]--;`FunctionDecl,false;ForStmt,false;ForStmt,false;IfStmt,false;WhileStmt,false;`1`0`2`0`0`0`1`0`1`0`0`0`5`0`12`1`1`1`0`0`0`0`0`0`0`0`2`0`2`0`0`0`0`1`0`1`0`0
                    people--;`FunctionDecl,false;ForStmt,false;ForStmt,false;IfStmt,false;WhileStmt,false;`1`0`2`0`0`0`1`0`1`0`0`0`5`0`12`1`0`0`0`0`0`0`0`0`0`0`1`0`1`0`0`0`0`1`0`1`0`0
                while(planeList[n] > planeList[n-1] && people != 0)  {`FunctionDecl,false;ForStmt,false;ForStmt,false;IfStmt,false;WhileStmt,false;`1`0`2`0`0`0`1`0`1`0`0`0`5`0`12`5`2`2`0`0`0`1`0`0`1`0`7`0`7`0`0`0`4`0`0`4`0`1
                    max += planeList[n];`FunctionDecl,false;ForStmt,false;ForStmt,false;IfStmt,false;WhileStmt,false;`1`0`2`0`0`0`1`0`1`0`0`0`5`0`12`3`0`0`0`0`0`0`0`0`0`0`4`0`4`0`0`0`0`0`1`1`0`1
                    planeList[n]--;`FunctionDecl,false;ForStmt,false;ForStmt,false;IfStmt,false;WhileStmt,false;`1`0`2`0`0`0`1`0`1`0`0`0`5`0`12`2`0`0`0`0`0`0`0`0`0`0`3`0`3`0`0`0`0`1`0`1`0`0
                    people--;`FunctionDecl,false;ForStmt,false;ForStmt,false;IfStmt,false;WhileStmt,false;`1`0`2`0`0`0`1`0`1`0`0`0`5`0`12`1`0`0`0`0`0`0`0`0`0`0`1`0`1`0`0`0`0`1`0`1`0`0
    if(planeCount == 1) {`FunctionDecl,false;IfStmt,false;`1`0`0`0`0`0`0`0`1`0`0`0`2`0`1`1`1`1`0`1`0`0`0`0`0`0`1`0`1`0`0`0`1`0`0`1`0`1
        max = min;`FunctionDecl,false;IfStmt,false;`1`0`0`0`0`0`0`0`1`0`0`0`2`0`1`2`0`0`0`0`0`0`0`0`0`0`2`0`2`0`0`0`1`0`0`1`0`0
    cout << max << " " << min;`FunctionDecl,false;`1`0`0`0`0`0`0`0`0`0`0`0`1`0`0`3`1`0`1`0`0`0`0`0`0`0`6`0`6`0`0`0`0`0`0`0`0`0
    return 0;`FunctionDecl,false;`1`0`0`0`0`0`0`0`0`0`0`0`1`0`0`0`0`0`0`0`0`0`0`0`0`0`0`0`0`0`0`0`0`0`0`0`0`0
