code`block`FunctionDecl`FunctionDeclRec`ForStmt`ForStmtRec`DoStmt`DoStmtRec`WhileStmt`WhileStmtRec`IfStmt`IfStmtRec`SwitchStmt`SwitchStmtRec`countBlocks`countBlocksRec`countCondition`countVariable`countLiteral`IntegerLiteral`StringLiteral`IfStmt`ForStmt`WhileStmt`DoStmt`SwitchStmt`countLoop`VarDecl`DeclRefExpr`DeclStmt`countDecl`countPointer`writeFunction`CallExpr`BinaryOperator`UnaryOperator`CompoundAssignOperator`countOperand`ArraySubscriptE`RealFaultLocation
	int n,i,x;`FunctionDecl,false;`1`0`0`0`0`0`0`0`0`0`0`0`1`0`0`0`0`0`0`0`0`0`0`0`0`3`0`1`4`0`0`0`0`0`0`0`0`0
	char a[101][11],b[101][10];`FunctionDecl,false;`1`0`0`0`0`0`0`0`0`0`0`0`1`0`0`0`0`0`0`0`0`0`0`0`0`2`0`1`3`0`0`0`0`0`0`0`0`0
	scanf("%d",&n);`FunctionDecl,false;`1`0`0`0`0`0`0`0`0`0`0`0`1`0`0`1`1`0`1`0`0`0`0`0`0`0`2`0`2`1`0`1`0`1`0`1`0`0
	for(i=0;i<n;i++){`FunctionDecl,false;ForStmt,false;`1`0`1`0`0`0`0`0`0`0`0`0`2`0`1`4`1`1`0`0`1`0`0`0`1`0`4`0`4`0`0`0`2`1`0`3`0`0
		scanf("%s %s",a[i],b[i]);`FunctionDecl,false;ForStmt,false;`1`0`1`0`0`0`0`0`0`0`0`0`2`0`1`4`1`0`1`0`0`0`0`0`0`0`5`0`5`0`0`1`0`0`0`0`2`1
	for(i=0;i<n;i++){`FunctionDecl,false;ForStmt,false;`1`0`1`0`0`0`0`0`0`0`0`0`2`0`1`4`1`1`0`0`1`0`0`0`1`0`4`0`4`0`0`0`2`1`0`3`0`0
		if(b[i][0]=='r'){`FunctionDecl,false;ForStmt,false;IfStmt,false;`1`0`1`0`0`0`0`0`1`0`0`0`3`0`2`2`2`1`0`1`0`0`0`0`0`0`2`0`2`0`0`0`1`0`0`1`2`0
			printf("%s\n",a[i]);`FunctionDecl,false;ForStmt,false;IfStmt,false;`1`0`1`0`0`0`0`0`1`0`0`0`3`0`2`2`1`0`1`0`0`0`0`0`0`0`3`0`3`0`0`1`0`0`0`0`1`0
	for(i=0;i<n;i++){`FunctionDecl,false;ForStmt,false;`1`0`1`0`0`0`0`0`0`0`0`0`2`0`1`4`1`1`0`0`1`0`0`0`1`0`4`0`4`0`0`0`2`1`0`3`0`0
		if(b[i][0]=='w'){`FunctionDecl,false;ForStmt,false;IfStmt,false;`1`0`1`0`0`0`0`0`1`0`0`0`3`0`2`2`2`1`0`1`0`0`0`0`0`0`2`0`2`0`0`0`1`0`0`1`2`0
			printf("%s\n",a[i]);`FunctionDecl,false;ForStmt,false;IfStmt,false;`1`0`1`0`0`0`0`0`1`0`0`0`3`0`2`2`1`0`1`0`0`0`0`0`0`0`3`0`3`0`0`1`0`0`0`0`1`0
	for(i=0;i<n;i++){`FunctionDecl,false;ForStmt,false;`1`0`1`0`0`0`0`0`0`0`0`0`2`0`1`4`1`1`0`0`1`0`0`0`1`0`4`0`4`0`0`0`2`1`0`3`0`1
		if(b[i][0]=='c'&&b[i][1]=='h'){`FunctionDecl,false;ForStmt,false;IfStmt,false;`1`0`1`0`0`0`0`0`1`0`0`0`3`0`4`4`4`2`0`1`0`0`0`0`0`0`4`0`4`0`0`0`3`0`0`3`4`0
			printf("%s\n",a[i]);`FunctionDecl,false;ForStmt,false;IfStmt,false;`1`0`1`0`0`0`0`0`1`0`0`0`3`0`4`2`1`0`1`0`0`0`0`0`0`0`3`0`3`0`0`1`0`0`0`0`1`0
	for(i=0;i<n;i++){`FunctionDecl,false;ForStmt,false;`1`0`1`0`0`0`0`0`0`0`0`0`2`0`1`4`1`1`0`0`1`0`0`0`1`0`4`0`4`0`0`0`2`1`0`3`0`0
		if(b[i][0]=='m'){`FunctionDecl,false;ForStmt,false;IfStmt,false;`1`0`1`0`0`0`0`0`1`0`0`0`3`0`2`2`2`1`0`1`0`0`0`0`0`0`2`0`2`0`0`0`1`0`0`1`2`0
			printf("%s\n",a[i]);`FunctionDecl,false;ForStmt,false;IfStmt,false;`1`0`1`0`0`0`0`0`1`0`0`0`3`0`2`2`1`0`1`0`0`0`0`0`0`0`3`0`3`0`0`1`0`0`0`0`1`0
	for(i=0;i<n;i++){`FunctionDecl,false;ForStmt,false;`1`0`1`0`0`0`0`0`0`0`0`0`2`0`1`4`1`1`0`0`1`0`0`0`1`0`4`0`4`0`0`0`2`1`0`3`0`0
		if(b[i][0]=='c'&&b[i][1]=='a'){`FunctionDecl,false;ForStmt,false;IfStmt,false;`1`0`1`0`0`0`0`0`1`0`0`0`3`0`4`4`4`2`0`1`0`0`0`0`0`0`4`0`4`0`0`0`3`0`0`3`4`0
			printf("%s\n",a[i]);`FunctionDecl,false;ForStmt,false;IfStmt,false;`1`0`1`0`0`0`0`0`1`0`0`0`3`0`4`2`1`0`1`0`0`0`0`0`0`0`3`0`3`0`0`1`0`0`0`0`1`0
